# Blender 4.4.1
# www.blender.org
mtllib Cool Pink And Blond Hair.mtl
o Object_7
v -0.637447 2.950873 -1.064280
v -0.597254 2.976232 -1.104442
v -0.375099 2.829167 -1.094631
v 0.621264 2.950778 -1.056118
v 0.359293 2.829107 -1.089865
v 0.581591 2.976144 -1.096799
v 1.057298 3.064018 -0.876313
v 0.814067 2.946846 -0.900236
v 1.018725 3.097191 -0.921245
v -1.396030 3.124474 -0.687065
v -1.468882 3.329268 -0.729226
v -1.372378 3.143479 -0.716149
v -1.523593 3.306782 -0.674677
v -1.193769 3.002304 -0.686559
v -1.075707 3.064183 -0.890140
v -1.148734 3.275238 -0.937558
v -1.036558 3.097349 -0.934571
v -1.250154 3.253822 -0.852082
v -0.832221 2.946975 -0.910908
v -0.690683 3.118618 -1.110985
v -0.786038 3.089540 -1.030742
v 1.448455 3.329042 -0.710311
v 1.375025 3.124262 -0.669102
v 1.351750 3.143271 -0.698488
v 1.502462 3.306548 -0.655063
v 1.172743 3.002120 -0.671216
v -0.163664 2.838436 -1.194286
v -0.006851 2.876500 -1.256660
v -0.007290 2.693012 -1.191110
v 1.130971 3.275062 -0.922781
v 1.231289 3.253630 -0.835997
v 0.675128 3.118512 -1.102129
v 0.769447 3.089419 -1.020661
v 0.149146 2.838412 -1.192258
v -1.588455 3.600106 -0.641442
v -1.526200 3.598253 -0.722392
v -0.750589 3.307392 -1.117254
v -0.908762 3.297802 -0.996593
v -0.332970 7.573091 -0.330983
v -0.314441 7.617162 -0.078484
v -0.227143 7.616019 -0.306257
v -0.453079 7.563218 -0.090992
v -0.314441 7.617162 -0.078484
v -0.348299 7.648626 0.088182
v -0.194258 7.660993 0.089023
v -0.179206 7.629353 -0.066772
v -0.453079 7.563218 -0.090992
v -0.528704 7.580604 0.086378
v -0.511171 7.545260 0.374895
v -0.328567 7.627592 0.250694
v -0.517703 7.558094 0.243542
v -0.297822 7.631664 0.388303
v -1.036558 3.097349 -0.934571
v -0.904066 3.103846 -0.954935
v -0.832221 2.946975 -0.910908
v 0.151471 7.629324 -0.064631
v 0.164546 7.660964 0.091351
v 0.286840 7.617115 -0.074587
v 0.318583 7.648573 0.092505
v -0.517703 7.558094 0.243542
v -0.348299 7.648626 0.088182
v -0.528704 7.580604 0.086378
v -0.328567 7.627592 0.250694
v 0.286840 7.617115 -0.074587
v 0.202447 7.615985 -0.303468
v 0.151471 7.629324 -0.064631
v 0.088630 7.604777 -0.279097
v -0.179206 7.629353 -0.066772
v -0.113648 7.604789 -0.280411
v -0.194258 7.660993 0.089023
v -0.196180 7.633833 0.247016
v 0.055554 7.639497 0.079348
v 0.053037 7.613892 -0.066272
v 0.053037 7.613892 -0.066272
v 0.028508 7.593925 -0.277094
v -0.094486 7.377489 -0.687064
v -0.104879 7.504201 -0.478431
v -0.010076 7.409394 -0.649164
v -0.198482 7.478461 -0.514227
v 1.018725 3.097191 -0.921245
v 0.814067 2.946846 -0.900236
v 0.886503 3.103706 -0.943326
v -0.010076 7.409394 -0.649164
v 0.029378 7.502326 -0.456494
v 0.082358 7.504192 -0.477219
v 0.164546 7.660964 0.091351
v 0.173406 7.630712 0.249436
v 0.318583 7.648573 0.092505
v 0.311046 7.624435 0.254852
v 0.029378 7.502326 -0.456494
v 0.028508 7.593925 -0.277094
v 0.088630 7.604777 -0.279097
v 0.082358 7.504192 -0.477219
v -0.227143 7.616019 -0.306257
v -0.104879 7.504201 -0.478431
v -0.198482 7.478461 -0.514227
v -0.113648 7.604789 -0.280411
v -0.332970 7.573091 -0.330983
v 0.202447 7.615985 -0.303468
v 0.176402 7.478433 -0.511794
v 0.308570 7.573040 -0.326823
v 0.176402 7.478433 -0.511794
v 0.074874 7.377477 -0.685969
v -0.010076 7.409394 -0.649164
v -0.196180 7.633833 0.247016
v -0.196845 7.633298 0.382748
v -0.094092 7.614990 0.366343
v -0.090736 7.607756 0.233223
v -0.528564 7.419426 -0.396536
v -0.624460 7.431052 -0.145818
v -1.195356 3.494780 -0.933349
v -1.369497 3.543579 -0.787025
v -0.085128 7.639507 0.078438
v -0.080764 7.613905 -0.067142
v -0.080764 7.613905 -0.067142
v -0.053559 7.593929 -0.277624
v -0.294412 7.549500 0.502139
v -0.288325 7.516459 0.640369
v -0.194138 7.524360 0.629134
v -0.203674 7.555798 0.494771
v -0.006678 3.037719 -1.280827
v -0.163664 2.838436 -1.194286
v -0.290452 3.005542 -1.200389
v -0.006851 2.876500 -1.256660
v -0.216072 7.307198 -0.742432
v -0.364881 7.341750 -0.574928
v 0.308570 7.573040 -0.326823
v 0.425613 7.563151 -0.085297
v 0.425613 7.563151 -0.085297
v 0.498978 7.580523 0.093041
v -0.480526 7.428382 0.635100
v -0.483875 7.466131 0.492207
v -0.010076 7.409394 -0.649164
v -0.052168 7.502330 -0.457025
v -0.052168 7.502330 -0.457025
v -0.053559 7.593929 -0.277624
v 0.505274 7.553376 0.250186
v 0.498978 7.580523 0.093041
v -0.371148 7.520951 0.649532
v -0.246672 7.588548 0.578056
v -0.385462 7.559094 0.582801
v -0.239487 7.550428 0.643453
v 0.061150 7.603174 0.229091
v 0.055554 7.639497 0.079348
v -0.364881 7.341750 -0.574928
v -0.528564 7.419426 -0.396536
v -0.701489 7.411599 0.215854
v -0.680356 7.466536 0.061981
v -0.723907 7.363233 0.343984
v -0.701489 7.411599 0.215854
v 0.079068 7.526737 0.474188
v 0.065280 7.496969 0.600568
v 0.182218 7.546505 0.496611
v 0.183925 7.513491 0.632789
v -0.624460 7.431052 -0.145818
v -0.824535 7.318445 0.037115
v -0.680356 7.466536 0.061981
v -0.772978 7.235029 -0.171342
v 0.173406 7.630712 0.249436
v 0.181231 7.628632 0.385220
v 0.311046 7.624435 0.254852
v 0.292619 7.622334 0.392051
v 0.516415 7.535894 0.381502
v 0.505274 7.553376 0.250186
v 0.688612 7.409937 0.224908
v 0.723840 7.356939 0.353283
v -0.758989 3.424991 -1.121752
v -0.956923 3.449320 -0.993842
v -0.007068 7.572544 0.209630
v -0.010507 7.548979 0.334591
v 0.061150 7.603174 0.229091
v 0.070726 7.599482 0.369377
v 0.735153 3.307278 -1.107622
v 0.891775 3.297661 -0.984920
v 0.149146 2.838412 -1.192258
v 0.276043 3.005499 -1.196717
v 0.226942 7.545743 0.647218
v 0.376812 7.519380 0.652374
v 0.231893 7.583868 0.581725
v 0.388491 7.555979 0.585424
v -0.014702 7.601054 0.064787
v -0.013819 7.578439 -0.074179
v -0.090736 7.607756 0.233223
v -0.085128 7.639507 0.078438
v -0.011496 7.485076 -0.441169
v 0.343535 7.341697 -0.570330
v 0.197169 7.307165 -0.739754
v 1.566973 3.599859 -0.620988
v 1.505745 3.598019 -0.702737
v -0.509058 7.440636 0.642351
v -0.528088 7.475717 0.573699
v -0.096482 7.509261 0.605176
v -0.112884 7.535955 0.478608
v -0.011496 7.485076 -0.441169
v -0.012538 7.570707 -0.275903
v -0.013819 7.578439 -0.074179
v -0.012538 7.570707 -0.275903
v -0.283434 7.409706 0.743786
v -0.281123 7.330518 0.864997
v -0.207585 7.341553 0.851880
v -0.182090 7.416071 0.732043
v -0.135587 7.337113 0.839269
v -0.447780 7.324594 0.747103
v -0.437919 7.245299 0.875276
v 0.181241 7.341522 0.854400
v 0.254606 7.330482 0.868470
v 0.240414 7.397324 0.744858
v -1.372378 3.143479 -0.716149
v -1.330698 3.353159 -0.774358
v -1.274193 3.173229 -0.739207
v -1.468882 3.329268 -0.729226
v -1.193769 3.002304 -0.686559
v 0.144507 7.413094 0.725026
v 0.109408 7.337093 0.840862
v 0.089156 7.513607 0.625206
v 0.087072 7.548618 0.560306
v 0.597646 7.430960 -0.137896
v 0.504947 7.419348 -0.389833
v 0.504947 7.419348 -0.389833
v 0.343535 7.341697 -0.570330
v -0.772978 7.235029 -0.171342
v -0.681728 7.200708 -0.454768
v -0.008835 7.130373 -0.808940
v -0.008097 6.980633 -0.927976
v -0.130809 7.009475 -0.892823
v -0.873245 7.200277 0.179322
v -0.824535 7.318445 0.037115
v 1.177587 3.494599 -0.917964
v 1.349864 3.543367 -0.769395
v 0.114167 7.009455 -0.891236
v 0.281025 7.540182 0.505864
v 0.457424 7.412840 0.641086
v 0.475708 7.453697 0.498346
v 0.266316 7.505582 0.643957
v 0.647750 7.255490 0.615862
v 0.655274 7.291719 0.471478
v 1.310861 3.352955 -0.757234
v 1.351750 3.143271 -0.698488
v 1.253871 3.173032 -0.722818
v 1.448455 3.329042 -0.710311
v 1.172743 3.002120 -0.671216
v -0.483875 7.466131 0.492207
v -0.297822 7.631664 0.388303
v -0.511171 7.545260 0.374895
v -0.294412 7.549500 0.502139
v -0.118615 7.527555 0.622429
v -0.117695 7.562581 0.557372
v -0.007068 7.572544 0.209630
v -0.014702 7.601054 0.064787
v 0.530212 7.439098 0.643291
v 0.547149 7.475732 0.574393
v -0.597254 2.976232 -1.104442
v -0.469244 3.142245 -1.138570
v -0.439691 3.004275 -1.117665
v -0.690683 3.118618 -1.110985
v -0.375099 2.829167 -1.094631
v -0.353603 7.123734 -0.780298
v -0.504542 7.144445 -0.618441
v -0.203674 7.555798 0.494771
v -0.196845 7.633298 0.382748
v 0.650902 7.466433 0.070616
v 0.688612 7.409937 0.224908
v -0.647274 7.317194 0.623696
v -0.669443 7.352302 0.553016
v -0.504542 7.144445 -0.618441
v -0.681728 7.200708 -0.454768
v 0.182218 7.546505 0.496611
v 0.292619 7.622334 0.392051
v 0.181231 7.628632 0.385220
v 0.281025 7.540182 0.505864
v -0.006587 3.223463 -1.291727
v -0.397470 3.209644 -1.197366
v 0.454062 3.142170 -1.132584
v 0.581591 2.976144 -1.096799
v 0.424213 3.004206 -1.112063
v 0.675128 3.118512 -1.102129
v 0.359293 2.829107 -1.089865
v -0.014702 7.601054 0.064787
v -0.013819 7.578439 -0.074179
v -1.197211 3.742261 -0.935363
v -1.372339 3.840106 -0.760207
v -0.962214 3.288224 -0.976906
v -1.148734 3.275238 -0.937558
v -0.011496 7.485076 -0.441169
v -0.873245 7.200277 0.179322
v -0.913340 7.083945 0.302219
v -0.474112 3.292582 -1.159832
v -0.750589 3.307392 -1.117254
v 0.743638 3.424875 -1.112013
v 0.939933 3.449169 -0.981550
v -0.664180 7.260228 0.607368
v -0.669960 7.294911 0.462764
v -0.829991 7.032023 0.562219
v -0.841520 7.046595 0.419006
v 0.795350 7.318318 0.047617
v 0.597646 7.430960 -0.137896
v 0.650902 7.466433 0.070616
v 0.746431 7.234916 -0.161494
v -0.011496 7.485076 -0.441169
v -0.011496 7.485076 -0.441169
v -0.012538 7.570707 -0.275903
v -0.007798 7.487019 0.442105
v -0.011973 7.449600 0.563114
v 0.060417 7.384115 0.698879
v 0.039080 7.314167 0.822185
v -0.582127 7.107824 0.864418
v -0.594229 7.181012 0.730643
v 0.109779 7.232409 0.910321
v 0.101049 7.166246 0.989254
v 0.174324 7.224390 0.928477
v 0.166168 7.161375 1.003765
v -0.013819 7.578439 -0.074179
v -0.012538 7.570707 -0.275903
v -0.020338 7.470925 0.584363
v -0.020544 7.501302 0.519323
v -1.001188 7.005499 -0.028875
v -0.893895 6.982236 -0.226407
v -0.010076 7.409394 -0.649164
v 0.074874 7.377477 -0.685969
v -0.008835 7.130373 -0.808940
v -1.369497 3.543579 -0.787025
v -1.526200 3.598253 -0.722392
v 0.459238 3.292510 -1.153783
v 0.735153 3.307278 -1.107622
v 0.944969 3.288076 -0.964544
v 1.130971 3.275062 -0.922781
v -0.201639 7.224423 0.926038
v -0.194457 7.161402 1.001426
v -0.129156 7.166261 0.987760
v -0.136867 7.232425 0.908717
v -0.755281 3.547240 -1.126099
v -0.965314 3.637942 -0.990266
v -1.001188 7.005499 -0.028875
v -1.017063 6.950426 0.134171
v -0.893895 6.982236 -0.226407
v -0.779308 7.004883 -0.492984
v -0.447780 7.324594 0.747103
v -0.283434 7.409706 0.743786
v -0.480526 7.428382 0.635100
v -0.288325 7.516459 0.640369
v -0.015072 7.370536 0.676170
v -0.012874 7.283502 0.805212
v -0.392548 7.057438 1.024404
v -0.269919 7.204105 0.939472
v -0.401420 7.125095 0.948747
v -0.265794 7.137977 1.016182
v -0.523889 7.003122 0.935031
v -0.505935 6.941701 1.007362
v 0.070726 7.599482 0.369377
v 0.079068 7.526737 0.474188
v -0.007068 7.572544 0.209630
v -0.014702 7.601054 0.064787
v -0.091318 7.396364 0.706202
v -0.065033 7.323461 0.821650
v 0.383059 3.209583 -1.192305
v -0.130809 7.009475 -0.892823
v -0.216072 7.307198 -0.742432
v -0.008835 7.130373 -0.808940
v -0.353603 7.123734 -0.780298
v -0.804399 7.195020 0.522812
v -0.779884 7.162968 0.595604
v 0.038157 7.158816 0.968919
v 0.043825 7.217307 0.886254
v 0.114167 7.009455 -0.891236
v 0.197169 7.307165 -0.739754
v 0.335129 7.123677 -0.775830
v -0.460683 3.383970 -1.169432
v -0.758989 3.424991 -1.121752
v -0.094486 7.377489 -0.687064
v 0.475708 7.453697 0.498346
v 0.516415 7.535894 0.381502
v 0.422603 7.316789 0.752372
v 0.411234 7.245235 0.880783
v 0.555538 7.107736 0.871794
v 0.574807 7.177665 0.748914
v -0.010076 7.409394 -0.649164
v -0.606620 6.933018 -0.647258
v -0.458522 6.887891 -0.831425
v 0.402487 3.053245 0.735450
v 0.482325 3.120722 0.772670
v 0.401746 3.116142 0.768710
v 0.496853 3.045553 0.733026
v -0.975099 3.457053 -0.993619
v -1.195356 3.494780 -0.933349
v 0.645352 3.084300 0.727233
v 0.582167 3.165469 0.779444
v -0.447350 3.476907 -1.179004
v -0.755281 3.547240 -1.126099
v -0.194138 7.524360 0.629134
v -0.182090 7.416071 0.732043
v -1.490540 3.944218 -0.692310
v -1.550271 3.947221 -0.584787
v 0.183925 7.513491 0.632789
v 0.144507 7.413094 0.725026
v 0.240414 7.397324 0.744858
v 0.266316 7.505582 0.643957
v -0.946364 6.851751 0.518360
v -0.949061 6.860063 0.379550
v 0.677615 7.315691 0.622705
v 0.698721 7.349266 0.551570
v -1.017063 6.950426 0.134171
v -1.015216 6.881957 0.262573
v -0.112884 7.535955 0.478608
v -0.094092 7.614990 0.366343
v -0.723907 7.363233 0.343984
v -0.669960 7.294911 0.462764
v -0.010507 7.548979 0.334591
v -0.007068 7.572544 0.209630
v -0.207575 6.849218 -0.930689
v -0.458522 6.887891 -0.831425
v 0.445951 3.383901 -1.163554
v 0.743638 3.424875 -1.112013
v -0.737662 6.986683 0.695258
v -0.708805 6.941309 0.830739
v 0.795350 7.318318 0.047617
v 0.847566 7.209369 0.193908
v 0.483687 7.144372 -0.612034
v 0.658785 7.200603 -0.446081
v -0.007725 6.809912 -0.989435
v -0.207575 6.849218 -0.930689
v 0.335129 7.123677 -0.775830
v 0.483687 7.144372 -0.612034
v 0.312810 3.081035 0.738211
v 0.325862 3.130120 0.765064
v -1.097535 6.730184 0.074567
v -1.108826 6.692559 0.208250
v -1.185700 6.507912 0.146746
v -1.153248 6.520817 0.011517
v -0.927367 7.014639 0.485241
v -0.901557 6.981026 0.559930
v 1.349864 3.543367 -0.769395
v 1.505745 3.598019 -0.702737
v -1.341267 6.224064 -0.101936
v -1.336490 6.261887 -0.147731
v -1.346204 6.208741 -0.111324
v -1.336120 6.261870 -0.146604
v 0.746431 7.234916 -0.161494
v 0.658785 7.200603 -0.446081
v 0.432764 3.476841 -1.173298
v 0.740015 3.547125 -1.116402
v 0.457424 7.412840 0.641086
v 0.422603 7.316789 0.752372
v -0.664180 7.260228 0.607368
v -0.594229 7.181012 0.730643
v -1.097535 6.730184 0.074567
v -1.082454 6.743472 -0.086755
v -0.606620 6.933018 -0.647258
v -0.779308 7.004883 -0.492984
v -0.844990 6.773489 -0.531510
v -0.667215 6.710830 -0.681406
v -0.987330 6.765535 0.492922
v -1.042211 6.678344 0.328473
v -1.028296 6.679319 0.467484
v -1.082454 6.743472 -0.086755
v -0.960951 6.741704 -0.273804
v 0.958106 3.456904 -0.981088
v 1.177587 3.494599 -0.917964
v -0.066012 7.158822 0.968241
v -0.070616 7.217314 0.885506
v -0.729791 3.844178 -1.126880
v -0.945436 3.925449 -0.980795
v -1.000310 6.882133 0.452925
v -0.980703 6.851569 0.530259
v -1.338172 6.195065 -0.025762
v -1.345541 6.161178 -0.035029
v -1.059572 6.757392 0.418042
v -1.046349 6.729888 0.497431
v -1.106103 6.638841 0.383662
v -1.098684 6.614399 0.464965
v 0.242423 7.204067 0.942797
v 0.363927 7.057380 1.029311
v 0.373776 7.125039 0.953771
v 0.237304 7.137938 1.019442
v 0.496380 7.003046 0.941642
v 0.477495 6.941624 1.013732
v 0.065280 7.496969 0.600568
v 0.060417 7.384115 0.698879
v -0.960951 6.741704 -0.273804
v -0.844990 6.773489 -0.531510
v -1.307388 6.170284 0.178552
v -1.243113 6.252565 0.259296
v -1.271996 6.229190 0.169113
v -1.278883 6.177925 0.285167
v -1.153248 6.520817 0.011517
v -1.128202 6.513898 -0.143263
v -1.209808 6.287034 0.330610
v -1.239677 6.201215 0.380032
v -1.166774 4.023573 -0.924912
v -1.310628 4.133675 -0.742657
v 1.301615 3.673579 0.725545
v 1.249325 3.503620 0.714792
v 1.358326 3.478749 0.622605
v 1.412825 3.661057 0.634085
v -1.326420 6.176563 0.071346
v -1.295860 6.219860 0.071722
v 1.179528 3.742080 -0.919961
v 1.352434 3.839894 -0.742541
v 0.191369 6.849187 -0.928105
v -1.350433 6.126363 0.017049
v -1.350080 6.164156 -0.027578
v -1.354851 6.115635 0.010149
v -1.349696 6.165688 -0.026797
v -1.241234 6.318628 0.085790
v -1.172809 6.315928 -0.041148
v -1.140377 6.520224 0.353004
v -1.138423 6.500392 0.436065
v -1.326420 6.176563 0.071346
v -1.333531 6.124061 0.065702
v -0.667215 6.710830 -0.681406
v -0.515997 6.658009 -0.867020
v -1.233596 6.102208 -0.122986
v -1.281130 5.942983 -0.026105
v -1.270701 6.123011 0.033411
v -1.296119 5.982333 -0.171847
v -0.011973 7.449600 0.563114
v -0.007798 7.487019 0.442105
v -0.011973 7.449600 0.563114
v -0.015072 7.370536 0.676170
v -1.052147 6.396974 0.625580
v -0.974717 6.504235 0.690652
v -1.016035 6.461898 0.526503
v -0.949663 6.598679 0.582700
v -1.123787 6.311519 0.550222
v -1.118885 6.391649 0.467565
v -1.168179 6.329282 0.399476
v -1.185356 6.244727 0.467502
v -0.013212 7.188383 0.856460
v -0.013810 7.131278 0.949483
v -0.836936 6.815697 0.650804
v -0.814802 6.767227 0.786259
v 0.191369 6.849187 -0.928105
v 0.440640 6.887823 -0.825596
v 0.740015 3.547125 -1.116402
v 0.948321 3.637794 -0.977862
v -1.194502 6.195975 -0.085175
v -0.010507 7.548979 0.334591
v -0.007798 7.487019 0.442105
v -1.089326 6.506849 0.418869
v -1.116788 6.498226 0.274745
v -0.894264 6.627155 0.742545
v -0.901583 6.712574 0.618305
v -1.163379 6.272429 -0.230207
v -1.194502 6.195975 -0.085175
v -1.172809 6.315928 -0.041148
v -1.233596 6.102208 -0.122986
v -1.142322 6.021278 -0.291638
v 0.847566 7.209369 0.193908
v 0.890382 7.097728 0.314002
v -0.006603 3.421335 -1.285549
v -0.447350 3.476907 -1.179004
v -1.315290 6.221266 -0.020069
v -1.338172 6.195065 -0.025762
v 0.101162 7.077389 1.035118
v 0.149976 7.027313 1.073014
v 0.160669 7.071004 1.047696
v 0.099420 7.033655 1.063344
v -1.338538 6.091234 0.088829
v -1.343791 6.068163 0.080739
v -1.128202 6.513898 -0.143263
v -0.996613 6.499663 -0.323673
v -0.269481 6.599268 -0.969406
v -0.515997 6.658009 -0.867020
v -0.542394 6.400267 -0.901664
v -0.295634 6.323243 -1.022265
v -1.307388 6.170284 0.178552
v -1.311662 6.100664 0.179728
v -1.166374 6.384744 0.413802
v -1.162774 6.396856 0.329485
v -0.401420 7.125095 0.948747
v -0.269919 7.204105 0.939472
v -0.437919 7.245299 0.875276
v -0.281123 7.330518 0.864997
v -0.007472 6.544583 -1.034163
v -0.295634 6.323243 -1.022265
v -0.269481 6.599268 -0.969406
v -0.007374 6.251580 -1.088342
v 1.322121 3.838682 0.750213
v 1.436357 3.849309 0.662109
v -0.096482 7.509261 0.605176
v -0.091318 7.396364 0.706202
v 0.738408 3.158595 0.723902
v 0.652020 3.233470 0.782444
v -0.631783 6.859846 0.898544
v -0.604615 6.809281 0.969140
v 0.109408 7.337093 0.840862
v 0.109779 7.232409 0.910321
v 0.181241 7.341522 0.854400
v 0.174324 7.224390 0.928477
v 0.254606 7.330482 0.868470
v 0.242423 7.204067 0.942797
v 0.972755 7.005344 -0.016075
v 0.867978 6.982103 -0.214989
v 1.210033 3.362913 0.712560
v 1.317928 3.353475 0.622726
v 0.647750 7.255490 0.615862
v 0.574807 7.177665 0.748914
v -0.298321 6.135040 -1.053541
v -0.007354 6.097314 -1.114398
v 0.044300 7.073061 1.014170
v 0.045263 7.032413 1.042804
v -0.179179 7.027338 1.070879
v -0.129875 7.077408 1.033618
v -0.189539 7.071030 1.045426
v -0.128503 7.033673 1.061867
v -0.996613 6.499663 -0.323673
v -0.877888 6.508147 -0.574638
v -0.545107 6.145546 -0.931613
v -0.298321 6.135040 -1.053541
v -0.247332 7.047647 1.057704
v -0.240180 6.999340 1.081698
v -1.163379 6.272429 -0.230207
v -1.007379 6.305370 -0.360889
v -0.829991 7.032023 0.562219
v -0.737662 6.986683 0.695258
v -1.278548 6.052641 0.285978
v -1.215981 6.116179 0.378691
v -1.259312 6.097597 0.279093
v -1.229454 6.057151 0.396161
v -1.131907 5.763961 -0.353741
v -1.189513 5.433950 -0.314662
v -1.209739 5.703571 -0.146585
v -1.115330 5.492949 -0.430456
v -1.136327 5.231666 -0.536528
v -1.172499 5.189558 -0.412639
v -1.314919 6.065079 0.180999
v -1.317858 6.028063 0.174320
v -1.240481 6.088763 0.149347
v -1.261815 5.893245 0.192164
v -1.232489 6.083871 0.267079
v -1.238540 5.922574 0.296331
v 0.218296 7.047608 1.060727
v 0.210826 6.999303 1.084621
v -1.328532 6.234791 -0.094926
v -1.341267 6.224064 -0.101936
v -1.314919 6.065079 0.180999
v -1.295314 6.097550 0.181069
v -0.877888 6.508147 -0.574638
v -0.694753 6.457658 -0.711718
v 0.586070 6.932929 -0.639528
v 0.440640 6.887823 -0.825596
v -1.278883 6.177925 0.285167
v -1.276166 6.091132 0.297390
v 0.972755 7.005344 -0.016075
v 0.992328 6.957952 0.150132
v -0.207585 7.341553 0.851880
v -0.201639 7.224423 0.926038
v -0.136867 7.232425 0.908717
v -0.135587 7.337113 0.839269
v -1.297464 5.989700 0.255377
v -1.313177 6.018568 0.188525
v -1.304029 5.975854 0.251121
v -1.308481 6.023157 0.191914
v -0.913340 7.083945 0.302219
v -0.841520 7.046595 0.419006
v -0.020338 7.470925 0.584363
v -0.020544 7.501302 0.519323
v -0.012874 7.283502 0.805212
v -0.015072 7.370536 0.676170
v 0.405369 3.744303 -1.167294
v 0.714606 3.844068 -1.117516
v 0.867978 6.982103 -0.214989
v 0.756799 7.004764 -0.483030
v 0.432764 3.476841 -1.173298
v -1.164236 6.154942 0.473222
v -1.167140 6.086426 0.503838
v -0.945436 3.925449 -0.980795
v -1.197211 3.742261 -0.935363
v -1.166774 4.023573 -0.924912
v -0.965314 3.637942 -0.990266
v -0.694753 6.457658 -0.711718
v -0.542394 6.400267 -0.901664
v -1.183329 6.262758 0.401150
v -1.173686 6.265597 0.316587
v -1.272891 5.965388 0.328270
v -1.277871 5.942245 0.324822
v 0.411234 7.245235 0.880783
v 0.373776 7.125039 0.953771
v -0.014112 7.048603 0.995534
v -0.014290 7.011063 1.022821
v -1.305626 6.062608 0.140640
v -1.306024 6.062613 0.140299
v 0.280075 6.323197 -1.018537
v 0.253705 6.599224 -0.966017
v -1.338538 6.091234 0.088829
v -1.322318 6.111283 0.092629
v -0.295765 5.944908 -1.059639
v -0.007371 5.942719 -1.118090
v -1.091594 4.377311 -0.897698
v -1.225567 4.439587 -0.723113
v -0.533992 5.926096 -0.941789
v -0.295765 5.944908 -1.059639
v -0.357938 6.970258 1.061965
v -0.343218 6.921962 1.084398
v 0.282807 6.134999 -1.049779
v -0.685742 4.221046 -1.094572
v -0.886581 4.290007 -0.952902
v 0.723840 7.356939 0.353283
v 0.655274 7.291719 0.471478
v 0.787280 7.056635 0.573029
v 0.801621 7.068107 0.430284
v 0.101049 7.166246 0.989254
v 0.101162 7.077389 1.035118
v 0.166168 7.161375 1.003765
v 0.160669 7.071004 1.047696
v 0.237304 7.137938 1.019442
v 0.218296 7.047608 1.060727
v -0.582127 7.107824 0.864418
v -0.523889 7.003122 0.935031
v -0.858312 5.733762 -0.703599
v -0.998050 5.545632 -0.537961
v -0.984046 5.821247 -0.458559
v -0.853622 5.877192 -0.678245
v -0.864462 5.588772 -0.728982
v -0.883405 5.317302 -0.776270
v -1.020772 5.276191 -0.616135
v -0.909456 5.064302 -0.817271
v -1.054503 5.024917 -0.669423
v -0.294447 5.248725 -1.043546
v -0.007427 5.460206 -1.118173
v -0.007528 5.212578 -1.106951
v -0.293020 5.472992 -1.045117
v -0.007340 5.624294 -1.128865
v -0.289466 5.681813 -1.047526
v 0.235397 3.150535 0.744678
v 0.252050 3.170420 0.758338
v 0.586070 6.932929 -0.639528
v 0.756799 7.004764 -0.483030
v 0.822912 6.773361 -0.520699
v 0.647042 6.710729 -0.672881
v -0.523866 5.720524 -0.949939
v -0.289466 5.681813 -1.047526
v -0.524659 5.467051 -0.960516
v -0.293020 5.472992 -1.045117
v -0.294447 5.248725 -1.043546
v -0.534667 5.195195 -0.982610
v 0.834120 7.185818 0.519860
v 0.809434 7.155311 0.593390
v 0.943828 6.994625 0.482226
v 0.916628 6.965626 0.558108
v 0.833808 3.257611 0.720972
v 0.724220 3.326221 0.785835
v 0.714606 3.844068 -1.117516
v 0.928393 3.925306 -0.968649
v -0.394324 4.125874 -1.140405
v -0.729791 3.844178 -1.126880
v -0.685742 4.221046 -1.094572
v -0.419970 3.744368 -1.172648
v 0.039080 7.314167 0.822185
v 0.043825 7.217307 0.886254
v -1.092896 6.140599 0.602571
v -1.097777 6.207757 0.559505
v -0.722545 6.707461 0.851652
v -0.686477 6.675457 0.921874
v -0.931333 6.308356 0.756987
v -0.848154 6.415724 0.815331
v -0.951173 6.364986 0.694216
v -0.874338 6.467828 0.745055
v -0.189539 7.071030 1.045426
v -0.265794 7.137977 1.016182
v -0.247332 7.047647 1.057704
v -0.194457 7.161402 1.001426
v 0.253705 6.599224 -0.966017
v 0.498505 6.657933 -0.860445
v 0.525146 6.400186 -0.894744
v 0.280075 6.323197 -1.018537
v -1.112599 6.331095 0.382196
v -1.169068 6.313353 0.227750
v -1.013431 6.215089 0.686498
v -1.025998 6.277774 0.632758
v -0.864657 6.179535 -0.626778
v -0.989259 6.098682 -0.396916
v -1.278548 6.052641 0.285978
v -1.275602 6.001655 0.282953
v -1.007379 6.305370 -0.360889
v -0.870673 6.349245 -0.600619
v -0.306814 4.955116 -1.059272
v -0.007495 4.949830 -1.117145
v -0.357938 6.970258 1.061965
v -0.392548 7.057438 1.024404
v 1.469785 3.943991 -0.673122
v 1.528145 3.946981 -0.564828
v -0.072752 7.073073 1.013405
v -0.074089 7.032421 1.042026
v -0.524659 5.467051 -0.960516
v -0.700580 5.256381 -0.837674
v -0.683382 5.529645 -0.806441
v -0.534667 5.195195 -0.982610
v -1.285597 5.783505 -0.115665
v -1.323324 5.845384 -0.217574
v -1.372339 3.840106 -0.760207
v -1.490540 3.944218 -0.692310
v -0.523866 5.720524 -0.949939
v -0.680463 5.710354 -0.790538
v 0.992328 6.957952 0.150132
v 0.987906 6.895732 0.275206
v 0.703181 7.001781 0.721783
v 0.682594 6.941201 0.839758
v -1.239677 6.201215 0.380032
v -1.224340 6.101815 0.408118
v -1.233615 5.953352 0.407838
v -1.174604 5.992467 0.479619
v -1.221268 5.979734 0.401607
v -1.180919 5.956710 0.491270
v -0.129875 7.077408 1.033618
v -0.129156 7.166261 0.987760
v -0.006740 3.682292 -1.259139
v -0.419970 3.744368 -1.172648
v -0.006882 4.066933 -1.229725
v -0.394324 4.125874 -1.140405
v -0.007160 4.511543 -1.177809
v -0.352476 4.550504 -1.097328
v -0.765810 6.538640 0.867461
v -0.804755 6.570564 0.803038
v -1.015216 6.881957 0.262573
v -0.949061 6.860063 0.379550
v -1.042211 6.678344 0.328473
v -1.108826 6.692559 0.208250
v -0.946364 6.851751 0.518360
v -0.836936 6.815697 0.650804
v 0.038157 7.158816 0.968919
v 0.044300 7.073061 1.014170
v -0.013810 7.131278 0.949483
v -0.013212 7.188383 0.856460
v -0.870673 6.349245 -0.600619
v -0.689776 6.167393 -0.742760
v -0.864657 6.179535 -0.626778
v -0.853622 5.877192 -0.678245
v -0.678002 5.904894 -0.769490
v -0.680463 5.710354 -0.790538
v -0.858312 5.733762 -0.703599
v -0.864462 5.588772 -0.728982
v -0.683382 5.529645 -0.806441
v -0.883405 5.317302 -0.776270
v -0.700580 5.256381 -0.837674
v -1.115330 5.492949 -0.430456
v -1.131907 5.763961 -0.353741
v -0.998050 5.545632 -0.537961
v -0.984046 5.821247 -0.458559
v -0.558834 4.938921 -1.011449
v -0.306814 4.955116 -1.059272
v 0.280255 5.944863 -1.055906
v -0.689776 6.167393 -0.742760
v -0.545107 6.145546 -0.931613
v -0.729340 4.997087 -0.871770
v -0.558834 4.938921 -1.011449
v -1.189954 6.128214 0.401141
v -1.173614 6.123306 0.317732
v -1.233615 5.953352 0.407838
v -1.233124 5.920890 0.406226
v -1.119010 6.023716 0.559210
v -1.117592 5.978619 0.575547
v -1.350433 6.126363 0.017049
v -1.340626 6.134023 0.021527
v 0.328819 6.970206 1.066416
v 0.313804 6.921913 1.088657
v -0.989105 4.744820 -0.859737
v -1.128793 4.742361 -0.699506
v 1.311767 4.003704 0.779706
v 1.424880 4.034398 0.694795
v -1.235846 5.689284 0.280749
v -1.204838 5.732787 0.368806
v -1.142200 5.538049 0.461473
v -1.178929 5.488145 0.387829
v -0.678002 5.904894 -0.769490
v -0.533992 5.926096 -0.941789
v -1.335203 6.261857 -0.145730
v -1.336120 6.261870 -0.146604
v -1.272891 5.965388 0.328270
v -1.258478 5.983979 0.326415
v 1.062853 6.743309 -0.072846
v 0.935575 6.741559 -0.261511
v -0.110026 6.998054 1.064857
v -0.154788 6.962147 1.086562
v -0.105778 6.974693 1.075385
v -0.164120 6.987036 1.076796
v 0.278568 5.248681 -1.039831
v 0.277214 5.472948 -1.041425
v -1.206877 4.972480 -0.477736
v -1.169307 4.994435 -0.598379
v -1.231771 4.748913 -0.622881
v -1.272077 4.743988 -0.503229
v -1.359003 4.512311 -0.523329
v -1.312565 4.511007 -0.639840
v -1.453663 4.255946 -0.547034
v -1.400662 4.251488 -0.659541
v 0.527997 6.145465 -0.924657
v 0.282807 6.134999 -1.049779
v 0.273742 5.681770 -1.043874
v -0.224350 6.952831 1.089098
v -0.209938 6.927939 1.098795
v -1.020772 5.276191 -0.616135
v -1.136327 5.231666 -0.536528
v -0.615669 4.610116 -1.051491
v -0.801026 4.669866 -0.913974
v 1.149026 4.023393 -0.909894
v 1.290574 4.133471 -0.725797
v 0.363927 7.057380 1.029311
v 0.328819 6.970206 1.066416
v -1.142322 6.021278 -0.291638
v -0.989259 6.098682 -0.396916
v -1.054503 5.024917 -0.669423
v -1.128793 4.742361 -0.699506
v -1.169307 4.994435 -0.598379
v -1.231771 4.748913 -0.622881
v 1.076645 6.736071 0.097051
v 1.080356 6.710865 0.228053
v 1.160366 6.530602 0.183316
v 1.138937 6.526539 0.044725
v 1.076645 6.736071 0.097051
v 1.062853 6.743309 -0.072846
v -1.116788 6.498226 0.274745
v -1.185700 6.507912 0.146746
v -1.225567 4.439587 -0.723113
v -1.400662 4.251488 -0.659541
v -1.312565 4.511007 -0.639840
v -1.310628 4.133675 -0.742657
v 0.888586 6.870245 0.525303
v 0.903415 6.876999 0.387389
v -1.042703 6.023687 0.662224
v -1.053487 6.070558 0.631126
v -0.007798 7.487019 0.442105
v -0.010507 7.548979 0.334591
v -1.126717 6.144209 0.366580
v -1.186171 6.144881 0.221861
v 0.647042 6.710729 -0.672881
v 0.498505 6.657933 -0.860445
v -0.352476 4.550504 -1.097328
v -0.615669 4.610116 -1.051491
v -0.013810 7.131278 0.949483
v -0.014112 7.048603 0.995534
v -0.459074 6.862278 1.043584
v -0.436678 6.815536 1.065614
v 1.326703 6.223858 -0.084638
v 1.322516 6.261682 -0.130497
v 1.322133 6.261665 -0.129376
v 1.331755 6.208534 -0.093967
v -0.987330 6.765535 0.492922
v -0.901583 6.712574 0.618305
v 0.273742 5.681770 -1.043874
v 0.507755 5.466973 -0.953824
v 0.277214 5.472948 -1.041425
v 0.506889 5.720448 -0.943258
v 0.278568 5.248681 -1.039831
v 0.517981 5.195116 -0.975784
v 0.405369 3.744303 -1.167294
v 0.379404 4.125814 -1.135393
v 0.337111 4.550452 -1.092860
v 0.294527 4.942702 -1.055304
v 1.289244 6.170085 0.195384
v 1.223966 6.252375 0.275287
v 1.259385 6.177732 0.301620
v 1.253989 6.228993 0.185489
v 1.309642 6.176360 0.088434
v 1.279088 6.219663 0.088413
v 0.084252 6.996329 1.076913
v 0.134899 6.958880 1.098242
v 0.143901 6.983738 1.090837
v 0.080602 6.973005 1.085038
v -1.156932 6.148205 0.509520
v -1.185356 6.244727 0.467502
v -0.014112 7.048603 0.995534
v -0.014290 7.011063 1.022821
v 0.869273 4.289875 -0.941520
v 1.149026 4.023393 -0.909894
v 0.928393 3.925306 -0.968649
v 1.073589 4.377142 -0.883662
v 1.179528 3.742080 -0.919961
v 0.948321 3.637794 -0.977862
v -0.963647 6.084325 0.742361
v -0.879964 6.166735 0.814672
v -0.973461 6.138882 0.714923
v -0.890979 6.225919 0.787578
v -0.065033 7.323461 0.821650
v -0.070616 7.217314 0.885506
v -0.293026 6.900197 1.092092
v -0.270078 6.876824 1.103450
v 0.294527 4.942702 -1.055304
v 0.542452 4.938837 -1.004315
v 1.189766 6.286850 0.346163
v 1.218984 6.201026 0.395971
v -1.216500 5.996790 0.398925
v -1.229454 6.057151 0.396161
v 0.026211 6.995134 1.053840
v 0.024643 6.973343 1.062987
v -0.016165 6.981549 1.031578
v -0.015583 6.961288 1.041860
v 0.555538 7.107736 0.871794
v 0.496380 7.003046 0.941642
v 0.935575 6.741559 -0.261511
v 0.822912 6.773361 -0.520699
v -1.169068 6.313353 0.227750
v -1.241234 6.318628 0.085790
v -1.186057 5.860618 0.505228
v -1.251149 5.861913 0.420654
v -1.257291 5.844870 0.422578
v -1.189076 5.838910 0.508919
v 0.787280 7.056635 0.573029
v 0.703181 7.001781 0.721783
v -0.708805 6.941309 0.830739
v -0.631783 6.859846 0.898544
v -0.886581 4.290007 -0.952902
v -1.091594 4.377311 -0.897698
v 1.322630 6.194860 -0.008511
v 1.330110 6.160970 -0.017684
v 0.516959 5.926017 -0.934975
v 0.280255 5.944863 -1.055906
v -0.059314 6.995239 1.046742
v -0.056903 6.973422 1.057828
v 1.195750 3.229964 0.709419
v 1.296624 3.235863 0.627016
v 0.809117 6.827734 0.675576
v 0.789106 6.767106 0.796656
v -0.505935 6.941701 1.007362
v -0.459074 6.862278 1.043584
v 0.337111 4.550452 -1.092860
v 0.599715 4.610020 -1.043615
v 0.670238 4.220941 -1.085786
v 0.379404 4.125814 -1.135393
v -0.015072 7.370536 0.676170
v -0.011973 7.449600 0.563114
v 1.219515 6.345500 0.152276
v 1.175786 6.309162 0.000279
v 1.322630 6.194860 -0.008511
v 1.299685 6.221065 -0.003115
v 1.147274 6.329106 0.414488
v 1.163562 6.244545 0.482729
v 0.856292 6.508014 -0.563395
v 0.674907 6.457556 -0.702838
v -1.309566 5.867784 0.339827
v -1.302917 5.877069 0.339288
v 0.951793 6.603275 0.588059
v 0.872196 6.715390 0.638847
v 0.869086 6.627021 0.753974
v 0.950164 6.504085 0.703132
v -0.792576 6.272483 0.877624
v -0.805719 6.333232 0.849443
v 0.201981 6.957251 1.103785
v 0.187630 6.930863 1.110345
v -0.949663 6.598679 0.582700
v -1.028296 6.679319 0.467484
v 1.097132 6.391479 0.481929
v 1.030309 6.472495 0.544190
v 1.028387 6.396814 0.639069
v 1.100960 6.311348 0.564644
v -0.012874 7.283502 0.805212
v -0.013212 7.188383 0.856460
v -0.066012 7.158822 0.968241
v -0.072752 7.073073 1.013405
v 1.138937 6.526539 0.044725
v 1.100176 6.513727 -0.128818
v 0.604695 6.859753 0.906556
v 0.576620 6.809189 0.976795
v 1.334330 6.126155 0.034459
v 1.334555 6.163948 -0.010169
v 1.334161 6.165481 -0.009394
v 1.338834 6.115430 0.027611
v 1.352434 3.839894 -0.742541
v 1.469785 3.943991 -0.673122
v -1.297464 5.989700 0.255377
v -1.285094 6.000521 0.256208
v -0.717229 6.462295 0.904911
v -0.697980 6.407735 0.932526
v -1.080696 6.217911 0.603080
v -1.123787 6.311519 0.550222
v 0.670238 4.220941 -1.085786
v 0.869273 4.289875 -0.941520
v 1.100176 6.513727 -0.128818
v 0.971812 6.499514 -0.310909
v -0.016168 6.981543 1.031965
v -0.015592 6.961267 1.043230
v 1.309642 6.176360 0.088434
v 1.316808 6.123857 0.082884
v -1.089326 6.506849 0.418869
v -1.016035 6.461898 0.526503
v -1.172210 5.918038 0.491643
v -1.180919 5.956710 0.491270
v -1.348948 6.165679 -0.026248
v -1.349696 6.165688 -0.026797
v -0.909456 5.064302 -0.817271
v -0.729340 4.997087 -0.871770
v -1.100048 5.891788 0.388345
v -1.168243 5.856594 0.262515
v -1.180717 6.157719 0.191081
v -1.296180 6.027451 0.113478
v -1.226712 6.027638 0.202054
v -1.233384 6.185565 0.089378
v 1.313883 6.234587 -0.077796
v 1.326703 6.223858 -0.084638
v 1.175786 6.309162 0.000279
v 1.131399 6.282576 -0.182078
v -0.801026 4.669866 -0.913974
v -0.989105 4.744820 -0.859737
v -0.101781 6.973117 1.077431
v -0.133955 6.934217 1.092663
v -0.095117 6.949818 1.084214
v -0.145504 6.957509 1.086434
v -1.106567 5.851557 0.591650
v -1.109515 5.879473 0.586204
v -0.172672 6.910870 1.102324
v -0.189855 6.934155 1.096735
v -1.232489 6.083871 0.267079
v -1.238540 5.922574 0.296331
v -1.170643 6.068428 0.366399
v -1.166479 5.949196 0.376432
v 1.321514 6.091029 0.106069
v 1.326865 6.067956 0.098055
v -0.549155 6.740649 1.007662
v -0.520774 6.696975 1.031936
v 0.849369 6.349112 -0.589471
v 0.670252 6.167288 -0.733944
v 0.843649 6.179403 -0.615699
v 0.833197 5.877062 -0.667313
v 0.658759 5.904791 -0.760827
v 0.661442 5.710251 -0.781839
v 0.838175 5.733632 -0.692601
v 0.844614 5.588640 -0.717902
v 0.664521 5.529541 -0.797701
v 0.864094 5.317166 -0.764941
v 0.682049 5.256277 -0.828707
v 1.008772 6.838812 0.457161
v 0.979761 6.814649 0.520070
v 0.083338 6.949714 1.091271
v 0.131929 6.932563 1.100164
v 0.090038 6.974541 1.085565
v 0.144108 6.957385 1.095076
v -1.327065 5.665719 -0.300847
v -1.274536 5.622656 -0.215404
v 0.036345 6.953104 1.071565
v 0.038343 6.974836 1.066284
v -0.995814 6.309430 0.686851
v -1.052147 6.396974 0.625580
v 0.186412 6.935593 1.104250
v 0.168799 6.910781 1.108731
v 1.289244 6.170085 0.195384
v 1.293486 6.100463 0.196618
v 1.678486 3.094698 0.655976
v 1.615657 3.079286 0.652394
v 1.619908 3.062357 0.646787
v 1.673461 3.102390 0.658401
v 1.296720 6.064878 0.197930
v 1.239876 6.097404 0.295295
v 1.259010 6.052447 0.302424
v 1.277121 6.097353 0.197749
v -0.626362 6.616038 0.964283
v -0.594986 6.576931 0.993032
v 0.988140 6.686981 0.474607
v 0.935838 6.779383 0.499950
v 0.872196 6.715390 0.638847
v 0.951793 6.603275 0.588059
v 1.195284 6.115990 0.394327
v 1.208522 6.056963 0.411965
v 0.674907 6.457556 -0.702838
v 0.525146 6.400186 -0.894744
v 1.073589 4.377142 -0.883662
v 1.205343 4.439400 -0.707349
v -0.974717 6.504235 0.690652
v -1.052147 6.396974 0.625580
v -0.905446 6.422778 0.758319
v -1.344120 5.901363 0.267583
v -1.339275 5.904450 0.267944
v 0.888586 6.870245 0.525303
v 0.809117 6.827734 0.675576
v 0.935838 6.779383 0.499950
v 1.000286 6.692160 0.338369
v 0.988140 6.686981 0.474607
v 1.066553 6.502109 0.428072
v 1.081764 6.510368 0.293204
v 1.113592 6.315516 0.393354
v 1.138883 6.328366 0.260957
v 1.162402 6.138309 0.249952
v 1.111940 6.123981 0.378076
v 1.706151 3.128622 0.662371
v 1.706074 3.128621 0.662390
v 0.971812 6.499514 -0.310909
v 0.856292 6.508014 -0.563395
v 1.321514 6.091029 0.106069
v 1.305252 6.111081 0.109659
v 1.249329 6.149180 0.146351
v 1.188903 6.063711 -0.028624
v 0.430157 6.862211 1.049347
v 0.407470 6.815470 1.071086
v 1.277649 5.989502 0.272068
v 1.294821 6.018372 0.205433
v 1.290108 6.022957 0.208763
v 1.283953 5.975657 0.267901
v 1.287939 6.062410 0.157455
v 1.288341 6.062415 0.157119
v -0.604615 6.809281 0.969140
v -0.549155 6.740649 1.007662
v -0.013810 7.131278 0.949483
v -0.013810 7.131278 0.949483
v -0.014112 7.048603 0.995534
v 1.142351 6.154767 0.488175
v 1.144849 6.086251 0.518826
v 0.507755 5.466973 -0.953824
v 0.682049 5.256277 -0.828707
v 0.517981 5.195116 -0.975784
v 0.664521 5.529541 -0.797701
v 1.296720 6.064878 0.197930
v 1.299734 6.027862 0.191286
v -0.350637 6.779590 1.090803
v -0.380161 6.801431 1.078456
v 0.477495 6.941624 1.013732
v 0.430157 6.862211 1.049347
v -1.140364 6.016693 0.513167
v -1.167140 6.086426 0.503838
v 0.711182 4.996973 -0.862434
v 0.542452 4.938837 -1.004315
v -0.814802 6.767227 0.786259
v -0.722545 6.707461 0.851652
v 0.783322 4.669746 -0.903706
v 0.970713 4.744667 -0.847037
v 0.599715 4.610020 -1.043615
v 0.783322 4.669746 -0.903706
v 0.890606 5.064166 -0.805603
v 0.711182 4.996973 -0.862434
v -1.325051 5.870356 0.171927
v -1.247861 5.892461 0.243355
v 1.259385 6.177732 0.301620
v 1.256494 6.090940 0.313809
v 0.696011 6.707350 0.860854
v 0.659046 6.675357 0.930596
v 0.926542 6.364841 0.706386
v 0.849092 6.467699 0.756227
v 0.822004 6.415596 0.826159
v 0.905892 6.308216 0.768901
v 1.232646 5.842005 0.512060
v 1.185707 5.861001 0.584560
v 1.188919 5.833112 0.587498
v 1.225988 5.863681 0.510431
v 0.890382 7.097728 0.314002
v 0.801621 7.068107 0.430284
v 1.131399 6.282576 -0.182078
v 0.981781 6.308411 -0.354706
v 0.965294 6.098530 -0.384250
v 1.104106 6.025048 -0.230953
v 0.838175 5.733632 -0.692601
v 0.975750 5.545478 -0.525167
v 0.844614 5.588640 -0.717902
v 0.960801 5.821095 -0.445952
v 0.833197 5.877062 -0.667313
v 0.864094 5.317166 -0.764941
v 0.999401 5.276033 -0.603036
v 0.890606 5.064166 -0.805603
v 1.033749 5.024755 -0.655888
v 0.279320 6.895327 1.107916
v 0.256138 6.870480 1.114594
v 1.251205 5.965195 0.344635
v 1.255422 5.942048 0.341245
v 1.002123 6.277619 0.645909
v 0.988858 6.214936 0.699481
v 0.506889 5.720448 -0.943258
v 0.661442 5.710251 -0.781839
v 1.271928 5.858704 0.431283
v 1.263700 5.874177 0.430878
v 1.229305 5.912243 0.066224
v 1.235882 6.049729 0.176938
v 1.221505 5.950281 0.207519
v 1.205461 5.987197 0.018765
v -0.894264 6.627155 0.742545
v -0.974717 6.504235 0.690652
v -0.804755 6.570564 0.803038
v 1.205343 4.439400 -0.707349
v 1.379572 4.251271 -0.641519
v 1.290574 4.133471 -0.725797
v 1.291291 4.510803 -0.622955
v -1.031428 5.671270 0.447880
v -1.101262 5.610975 0.345630
v 1.546426 3.077827 0.646587
v 1.540641 3.051688 0.636848
v 1.074812 6.207591 0.573588
v 1.069366 6.140430 0.616592
v 1.108347 4.742189 -0.685003
v 1.033749 5.024755 -0.655888
v 1.147633 4.994256 -0.583361
v 1.210344 4.748724 -0.607047
v -0.053129 6.973357 1.062075
v -0.048250 6.951635 1.066398
v -0.246509 6.838083 1.108262
v -0.272454 6.858279 1.102511
v 1.271675 4.176532 0.804730
v 1.382302 4.218024 0.721302
v 0.960801 5.821095 -0.445952
v 1.076718 5.763278 -0.306142
v 0.975750 5.545478 -0.525167
v 1.091639 5.492781 -0.416150
v 1.068160 6.681511 0.428206
v 1.039796 6.659092 0.478294
v 1.169125 3.418833 0.696931
v 1.040622 3.462919 0.746649
v 1.095301 3.258022 0.694683
v 0.969133 3.308299 0.744496
v 1.188903 6.063711 -0.028624
v 1.104106 6.025048 -0.230953
v -0.017346 6.968948 1.046887
v -0.014591 6.948771 1.051716
v 1.334330 6.126155 0.034459
v 1.324469 6.133818 0.038802
v 0.778801 6.570440 0.813306
v 0.739032 6.538524 0.877222
v 0.192850 3.238556 0.753049
v 1.210524 5.953164 0.423683
v 1.152127 5.992286 0.494706
v 1.157423 5.956532 0.506433
v 1.199203 5.979549 0.417295
v -0.765810 6.538640 0.867461
v -0.848154 6.415724 0.815331
v -0.717229 6.462295 0.904911
v -0.805719 6.333232 0.849443
v 0.999401 5.276033 -0.603036
v 1.113924 5.231493 -0.521942
v 1.321205 6.261652 -0.128508
v 1.322133 6.261665 -0.129376
v 0.682594 6.941201 0.839758
v 0.604695 6.859753 0.906556
v -1.301153 6.027769 0.193489
v -1.308481 6.023157 0.191914
v -0.686477 6.675457 0.921874
v -0.626362 6.616038 0.964283
v 0.970713 4.744667 -0.847037
v 1.108347 4.742189 -0.685003
v 1.144031 5.870876 0.646122
v 1.141560 5.836789 0.650681
v -1.131689 5.775177 0.428398
v -1.204838 5.732787 0.368806
v -1.050049 5.358781 0.554280
v -1.097155 5.308668 0.494264
v -0.941358 5.223192 0.622710
v -0.998599 5.176003 0.573457
v -0.866016 4.968972 0.660858
v -0.809328 4.993125 0.699402
v 0.986399 3.036834 0.696884
v 0.877858 3.045511 0.736337
v 1.251205 5.965195 0.344635
v 1.237426 5.983786 0.342601
v -1.015407 5.887587 0.662928
v -1.026359 5.918601 0.657113
v -1.100539 5.935303 0.576480
v -1.117592 5.978619 0.575547
v 0.965294 6.098530 -0.384250
v 0.843649 6.179403 -0.615699
v 0.670252 6.167288 -0.733944
v 0.527997 6.145465 -0.924657
v 1.304441 5.886209 0.352325
v 1.296695 5.895476 0.353022
v 0.981781 6.308411 -0.354706
v 0.849369 6.349112 -0.589471
v -0.432882 6.660768 1.073268
v -0.468547 6.681063 1.061037
v -0.931333 6.308356 0.756987
v -0.890979 6.225919 0.787578
v -0.973461 6.138882 0.714923
v -1.013431 6.215089 0.686498
v -1.092896 6.140599 0.602571
v -1.053487 6.070558 0.631126
v -1.112599 6.331095 0.382196
v -1.025699 6.298606 0.484305
v 1.096006 6.023547 0.573574
v 1.094181 5.978450 0.589887
v 0.658759 5.904791 -0.760827
v 0.516959 5.926017 -0.934975
v 1.126105 6.535013 0.400469
v 1.100586 6.514331 0.438245
v 1.259010 6.052447 0.302424
v 1.255609 6.001463 0.299359
v -1.206738 6.073000 0.168742
v -1.270701 6.123011 0.033411
v -1.281130 5.942983 -0.026105
v -1.200442 5.890372 0.076984
v -1.195357 5.737528 -0.041816
v -1.285597 5.783505 -0.115665
v 1.218984 6.201026 0.395971
v 1.203266 6.101628 0.423859
v 1.082397 2.713324 0.715425
v 1.151814 2.688705 0.707571
v 1.144478 2.716460 0.712563
v 1.073159 2.673228 0.707971
v -0.894264 6.627155 0.742545
v 1.101584 5.713196 -0.166276
v 1.076718 5.763278 -0.306142
v 0.830542 3.613787 0.791425
v 0.970300 3.784810 0.732710
v 0.840335 3.779203 0.796007
v 0.958876 3.594664 0.727502
v 0.912332 3.423066 0.722997
v 0.790454 3.466925 0.787502
v -0.661667 4.508873 0.813117
v -0.749933 4.473637 0.790845
v -0.646500 4.488904 0.804111
v 1.066553 6.502109 0.428072
v 0.999574 6.433856 0.542418
v 1.186356 6.414708 0.379192
v 1.166438 6.395745 0.405293
v 0.045527 6.984333 1.051693
v -0.014290 7.011063 1.022821
v -0.014336 6.980038 1.029376
v 0.045263 7.032413 1.042804
v 1.029582 6.070398 0.644632
v 1.018392 6.023528 0.675585
v 1.091639 5.492781 -0.416150
v 1.148507 5.189377 -0.397593
v 1.113924 5.231493 -0.521942
v 1.122753 5.438218 -0.287233
v -1.325739 5.719172 0.248195
v -1.246448 5.753888 0.303668
v 1.210524 5.953164 0.423683
v 1.208833 5.920703 0.422054
v 0.948513 6.138729 0.727386
v 0.938339 6.084178 0.754689
v 0.270845 6.852046 1.106432
v 0.244553 6.830322 1.111196
v 0.210826 6.999303 1.084621
v 0.140148 6.970007 1.079173
v 0.189651 6.952847 1.088644
v 0.149976 7.027313 1.073014
v -1.357961 5.942407 0.213170
v -1.358980 5.940866 0.212916
v 0.099420 7.033655 1.063344
v 0.096489 6.985605 1.069737
v -0.017346 6.968948 1.046887
v -0.014591 6.948771 1.051716
v 0.520658 6.740564 1.014592
v 0.491961 6.696895 1.038499
v 0.865133 6.225786 0.798966
v 0.853760 6.166600 0.825909
v -0.960118 4.626679 0.693717
v -0.961582 4.643636 0.697468
v -1.019065 4.660884 0.682258
v 1.076751 5.966863 -0.067492
v 0.989284 6.184045 0.090776
v 1.043154 6.001044 0.124510
v 0.977336 6.170272 -0.120939
v 0.779119 6.333108 0.859716
v 0.765604 6.272362 0.887722
v -0.012874 7.283502 0.805212
v -0.012874 7.283502 0.805212
v -0.013212 7.188383 0.856460
v 1.183659 4.972297 -0.462240
v 1.147633 4.994256 -0.583361
v 1.210344 4.748724 -0.607047
v 1.249124 4.743796 -0.486887
v 1.336245 4.512102 -0.505856
v 1.291291 4.510803 -0.622955
v 1.431139 4.255723 -0.528336
v 1.379572 4.251271 -0.641519
v -0.940252 5.934620 0.722106
v -0.955555 5.965664 0.715099
v 1.079789 5.859049 0.711765
v 1.088137 5.893177 0.704565
v 1.208825 2.748993 0.709463
v -0.919983 5.476695 0.530261
v -0.999716 5.403673 0.450745
v 1.322994 5.921302 0.282363
v 1.317872 5.924370 0.283704
v 0.689960 6.462185 0.914034
v 0.670350 6.407633 0.941395
v 1.252244 6.337538 0.369439
v 1.242139 6.318740 0.385045
v -0.317142 6.731465 1.102088
v -0.349793 6.748583 1.095387
v 1.288665 3.155354 0.633351
v 1.207426 3.129519 0.704613
v 1.163562 6.244545 0.482729
v 1.134585 6.148028 0.524379
v -0.510091 6.525044 1.049128
v -0.550449 6.545358 1.035422
v 1.333405 6.165473 -0.008862
v 1.334161 6.165481 -0.009394
v -0.863833 5.996967 0.791514
v -0.883665 6.028030 0.783240
v -1.042703 6.023687 0.662224
v -1.021847 5.978789 0.665568
v 1.322121 3.838682 0.750213
v 1.170462 3.980202 0.799457
v 1.179404 3.839863 0.773968
v 1.311767 4.003704 0.779706
v 1.162096 3.700992 0.752881
v 1.301615 3.673579 0.725545
v 0.576620 6.809189 0.976795
v 0.520658 6.740564 1.014592
v 1.159330 5.960129 -0.031334
v 1.062071 6.158404 0.048517
v 1.105693 5.984697 0.080890
v 1.087388 6.155814 -0.085099
v 1.277649 5.989502 0.272068
v 1.265485 6.000326 0.272747
v 1.282775 6.027572 0.210239
v 1.290108 6.022957 0.208763
v -0.169443 6.970029 1.077166
v -0.240180 6.999340 1.081698
v -0.219066 6.952878 1.085994
v -0.179179 7.027338 1.070879
v -1.069899 5.585358 0.503719
v -1.142200 5.538049 0.461473
v 0.987906 6.895732 0.275206
v 0.903415 6.876999 0.387389
v 1.000286 6.692160 0.338369
v 1.080356 6.710865 0.228053
v 1.081764 6.510368 0.293204
v 1.160366 6.530602 0.183316
v 1.128361 5.752098 0.322955
v 1.201394 5.794709 0.166502
v 1.175679 5.850421 0.265231
v 1.177364 5.675643 0.266785
v -0.125665 6.985622 1.068301
v -0.128503 7.033673 1.061867
v -0.961866 4.515518 0.782564
v -0.954089 4.543258 0.788835
v -1.033515 4.571365 0.771454
v -0.576492 4.594386 0.884447
v -0.511972 4.577306 0.889024
v -0.512103 4.583467 0.890511
v -0.511972 4.577306 0.889024
v -0.576492 4.594386 0.884447
v -0.576551 4.594387 0.884401
v 1.051008 4.182077 0.846731
v 0.997225 4.146467 0.849165
v 1.003387 4.132596 0.845750
v 1.050692 4.182076 0.846806
v 1.100960 6.311348 0.564644
v 1.057178 6.217744 0.616936
v 0.598384 6.615946 0.972223
v 0.566633 6.576845 1.000565
v 1.194873 5.996606 0.414560
v 1.208522 6.056963 0.411965
v -1.238756 5.444644 -0.305784
v -1.295997 5.459655 -0.377676
v 1.184383 5.776742 0.026727
v 1.112316 5.817531 0.190880
v 0.898196 4.126310 0.852389
v 0.899168 4.095485 0.845610
v -0.343218 6.921962 1.084398
v -0.309870 6.880153 1.087986
v 1.012103 2.744210 0.718750
v 0.986295 2.693317 0.708863
v -0.784517 6.082441 0.865675
v -0.809573 6.111978 0.855495
v 0.313804 6.921913 1.088657
v 0.280404 6.880106 1.091812
v 1.013772 5.941725 0.765872
v 0.999045 5.907561 0.775159
v 1.113592 6.315516 0.393354
v 1.039408 6.279863 0.499381
v 0.789106 6.767106 0.796656
v 0.696011 6.707350 0.860854
v -0.643353 6.366688 0.987191
v -0.607381 6.344833 1.000740
v 1.028387 6.396814 0.639069
v 0.971260 6.309278 0.699605
v 1.202115 5.835671 0.117425
v 1.151911 6.091797 0.257490
v 1.121884 5.888746 0.287570
v 1.215944 6.085627 0.054980
v 0.880019 6.422638 0.769894
v 0.950164 6.504085 0.703132
v -1.225101 5.618264 0.374111
v -1.303694 5.577122 0.333866
v -1.305074 6.062605 0.140825
v -1.305626 6.062608 0.140640
v -1.126717 6.144209 0.366580
v -1.005368 6.145793 0.465366
v 1.123441 5.729998 -0.051286
v 1.042934 5.962842 0.094190
v 1.062558 5.782784 0.137467
v 1.058736 5.953707 -0.117480
v -0.963647 6.084325 0.742361
v -0.937739 6.040938 0.747891
v 0.371622 6.784251 1.090303
v 0.341598 6.762480 1.098132
v 1.322253 5.962323 0.229494
v 1.323239 5.960782 0.228984
v 0.778801 6.570440 0.813306
v 0.869086 6.627021 0.753974
v 1.147520 5.917862 0.506679
v 1.157423 5.956532 0.506433
v -0.698562 6.197331 0.938016
v -0.728915 6.223805 0.925862
v 1.077909 3.615968 0.750418
v 1.216558 3.794500 0.706041
v 1.080687 3.782935 0.754526
v 1.213046 3.599710 0.701322
v -0.074476 6.984345 1.050917
v -0.014290 7.011063 1.022821
v -0.074089 7.032421 1.042026
v -0.014290 7.011063 1.022821
v -0.014336 6.980038 1.029376
v -0.646500 4.488904 0.804111
v -0.570418 4.531967 0.820027
v -0.594192 4.555019 0.829399
v -0.661667 4.508873 0.813117
v 0.951638 2.782804 0.722663
v 0.900222 2.739678 0.710811
v -0.382920 6.592559 1.083889
v -0.421053 6.609694 1.076002
v 0.770692 4.144811 0.855920
v 0.755117 4.100118 0.845823
v 1.138883 6.328366 0.260957
v 1.219515 6.345500 0.152276
v -0.939264 5.999173 0.344758
v -0.851668 6.188663 0.392808
v -0.925128 6.202376 0.304810
v -0.856317 6.024387 0.414875
v 0.659046 6.675357 0.930596
v 0.598384 6.615946 0.972223
v 0.822004 6.415596 0.826159
v 0.689960 6.462185 0.914034
v 0.779119 6.333108 0.859716
v 0.739032 6.538524 0.877222
v 0.344615 6.739314 1.096221
v 0.312006 6.720663 1.101930
v 0.918970 6.019658 0.827230
v 0.897679 5.987023 0.838026
v 1.111225 3.535664 0.742552
v 1.249325 3.503620 0.714792
v 1.239372 5.782167 0.077183
v 1.166217 5.808652 0.165118
v -0.781895 5.302100 0.620922
v -0.871954 5.230331 0.560105
v 0.905892 6.308216 0.768901
v 0.865133 6.225786 0.798966
v -0.891176 4.541553 0.799126
v -0.881364 4.493705 0.793122
v -0.979979 5.877681 0.703436
v -0.862736 5.893737 0.766061
v -0.865105 5.899937 0.765884
v -0.979979 5.877681 0.703436
v -0.865105 5.899937 0.765884
v -0.979994 5.877681 0.703446
v -0.838589 6.244621 0.374189
v -0.891221 6.091935 0.346598
v -0.848766 6.102160 0.386095
v -0.877575 6.253074 0.327473
v -0.827918 4.784408 0.695839
v -0.784765 4.878493 0.712102
v -0.836088 4.871274 0.678853
v -0.783107 4.774697 0.723619
v 1.134526 4.132961 0.821967
v 1.271675 4.176532 0.804730
v -0.753340 5.943769 0.832432
v -0.761286 5.956157 0.830938
v 1.259053 5.582967 0.157677
v 1.160118 5.628952 0.286103
v 1.129288 5.952205 0.284375
v 1.070495 5.948864 0.401420
v 1.117902 6.016519 0.527811
v 1.144849 6.086251 0.518826
v -0.436678 6.815536 1.065614
v -0.395774 6.779895 1.070921
v -0.879964 6.166735 0.814672
v -0.846040 6.126412 0.821966
v 0.988858 6.214936 0.699481
v 0.948513 6.138729 0.727386
v 1.069366 6.140430 0.616592
v 1.029582 6.070398 0.644632
v 1.184977 5.539460 0.069981
v 1.087599 5.608207 0.226675
v -0.914717 4.646584 0.706910
v -0.902276 4.626513 0.704863
v 0.780923 6.105185 0.897639
v 0.809531 6.133196 0.885940
v -0.823852 5.845448 0.486123
v -0.908160 5.799801 0.437276
v -0.482467 6.443139 1.045002
v -0.440371 6.425990 1.053797
v -0.430144 4.592685 0.894976
v -0.435299 4.603481 0.896627
v -0.655252 6.024714 0.898466
v -0.670785 6.043330 0.894992
v 1.249329 6.149180 0.146351
v 1.162402 6.138309 0.249952
v 1.219515 6.345500 0.152276
v -0.979215 5.927747 0.464323
v -1.100048 5.891788 0.388345
v -0.828824 4.561493 0.809952
v -0.799374 4.507456 0.804600
v 1.479565 3.114997 0.643185
v 1.454546 3.090473 0.628863
v 0.409463 6.608143 1.077544
v 0.371761 6.589481 1.084267
v -0.825157 5.963888 0.427000
v -0.866688 5.941148 0.396967
v 0.685005 6.288587 0.939324
v 0.648583 6.265206 0.951116
v -1.187290 5.490367 0.444660
v -1.263568 5.445941 0.416906
v 0.631833 4.225181 0.859219
v 0.590510 4.177434 0.845806
v 0.975170 2.956418 0.696333
v 0.878747 2.940405 0.732536
v 1.076522 5.935137 0.590598
v 1.094181 5.978450 0.589887
v -0.972939 5.409426 0.580619
v -1.050049 5.358781 0.554280
v -0.570165 6.135131 0.960105
v -0.594415 6.153769 0.954371
v 0.407470 6.815470 1.071086
v 0.366495 6.779836 1.075862
v -0.532089 6.289092 1.005516
v -0.498693 6.270413 1.013314
v 1.073253 3.377974 0.739290
v 1.210033 3.362913 0.712560
v -0.792576 6.272483 0.877624
v -0.751261 6.235242 0.885693
v -0.677242 5.144681 0.699899
v -0.774313 5.086686 0.649947
v 0.826347 4.239230 0.850669
v 0.930816 4.191366 0.845721
v 0.927375 4.226868 0.850399
v 0.808514 4.189879 0.841726
v 1.287385 6.062407 0.157634
v 1.287939 6.062410 0.157455
v 0.466504 6.469306 1.054248
v 0.425025 6.449085 1.061677
v 1.005570 5.564291 0.468599
v 1.059740 5.482974 0.426070
v 0.932949 4.378144 0.768068
v 1.049040 4.539571 0.729539
v 0.902429 4.537226 0.781621
v 1.069538 4.405199 0.718294
v 1.034196 5.693054 0.341494
v 1.147027 5.600652 0.214740
v 1.166072 5.433807 0.405342
v 1.276846 5.374778 0.321236
v -0.520774 6.696975 1.031936
v -0.474506 6.662846 1.038440
v 0.546291 6.491764 1.001914
v 0.505296 6.471490 1.012772
v -0.774596 5.829945 0.488542
v -0.813940 5.800892 0.467189
v 1.043154 6.001044 0.124510
v 0.900666 6.174906 0.283661
v 0.926284 5.995510 0.283951
v 0.989284 6.184045 0.090776
v 0.456340 6.645652 1.051462
v 0.420462 6.625408 1.061203
v -0.871356 4.666542 0.716706
v -0.847292 4.643353 0.716295
v 1.022683 4.237680 0.851015
v 1.013817 4.253129 0.852482
v 1.018392 6.023528 0.675585
v 0.997485 5.978634 0.678661
v -0.697980 6.407735 0.932526
v -0.651738 6.373603 0.940337
v -0.746773 5.659921 0.583175
v -0.831501 5.609366 0.552054
v 1.037350 5.769948 0.369307
v 0.977351 5.791745 0.460571
v 0.907600 2.853882 0.727182
v 0.830572 2.815428 0.713314
v 1.067786 3.221862 0.733523
v 1.195750 3.229964 0.709419
v 1.296958 5.603703 0.217449
v 1.213728 5.627474 0.281777
v 1.197994 4.361951 0.815800
v 1.230660 4.553516 0.728318
v 1.122172 4.522871 0.810102
v 1.304897 4.404987 0.732423
v 0.537937 6.296721 1.013427
v 0.505660 6.276517 1.020025
v 1.102514 5.434684 0.348108
v 1.224589 5.360747 0.227529
v 0.722601 4.307248 0.852213
v 0.673310 4.265697 0.839520
v 1.295204 6.300193 0.384238
v 1.300110 6.315840 0.372504
v -0.594986 6.576931 0.993032
v -0.545221 6.544355 1.000036
v 0.884076 5.392044 0.607071
v 0.944564 5.315257 0.571741
v 0.938339 6.084178 0.754689
v 0.912351 6.040796 0.759886
v -0.704695 5.700470 0.561337
v -0.742190 5.669763 0.546890
v -0.503340 4.604467 0.831959
v -0.539845 4.621374 0.839020
v 0.514107 4.356601 0.861311
v 0.445346 4.316650 0.844328
v 1.053199 4.669534 0.725984
v 0.901286 4.702781 0.777103
v -0.630204 5.006375 0.743886
v -0.731970 4.959134 0.698041
v 0.943254 4.001266 0.736690
v 0.815568 3.975554 0.799636
v 1.072543 4.304075 0.858065
v 1.072300 4.304075 0.858065
v 1.181856 4.007868 0.709440
v 1.048796 3.977746 0.757641
v 1.197994 4.361951 0.815800
v 1.067065 4.310658 0.832583
v 0.491961 6.696895 1.038499
v 0.445605 6.662775 1.044403
v 1.207426 3.129519 0.704613
v 1.096434 3.087449 0.724920
v -1.137038 5.371949 0.502650
v -1.209493 5.327356 0.485826
v 0.425849 3.431647 0.768456
v 0.561386 3.470232 0.772912
v 0.506255 3.542831 0.779212
v 0.410122 3.499611 0.773543
v 1.112316 5.817531 0.190880
v 0.976601 5.812574 0.312326
v 1.488480 2.964610 0.667767
v 1.578946 2.987563 0.683556
v 1.507732 2.907030 0.690649
v -0.917765 5.730808 0.498243
v -1.031428 5.671270 0.447880
v -0.919983 5.476695 0.530261
v -0.808750 5.544329 0.557493
v 0.819738 6.126286 0.832765
v 0.853760 6.166600 0.825909
v -0.350686 4.646784 0.896630
v -0.364550 4.659148 0.897587
v 0.919699 5.599648 0.481664
v 0.860764 5.646713 0.539528
v 0.743297 5.509333 0.622747
v 0.804268 5.443241 0.596287
v 0.982420 4.212811 0.758438
v 1.113150 4.249125 0.710350
v 0.566026 4.777377 0.853305
v 0.681674 4.898666 0.810802
v 0.603535 4.935371 0.837817
v 0.647584 4.763886 0.825907
v 0.608318 6.183055 0.962992
v 0.586372 6.162887 0.967006
v 0.811106 6.055954 0.780001
v 0.876447 6.056865 0.720537
v 0.812885 6.063668 0.781026
v -1.168927 5.227538 -0.368632
v -1.224996 5.225251 -0.421264
v 0.566635 4.652083 0.855543
v 0.645784 4.664847 0.829490
v -0.445880 4.695539 0.843966
v -0.494399 4.706285 0.848794
v 0.682504 3.575344 0.776871
v 0.585867 3.637088 0.784310
v 1.451407 2.872922 0.696529
v 1.445444 2.967817 0.659997
v -0.623715 5.575607 0.635434
v -0.660028 5.544824 0.626213
v 0.308085 3.450253 0.764293
v 0.315878 3.495061 0.767900
v 1.103507 5.230638 0.543084
v 1.211337 5.169479 0.497248
v 0.724179 6.235129 0.895255
v 0.765604 6.272362 0.887722
v 1.009105 6.130496 0.457014
v 1.111940 6.123981 0.378076
v 0.624004 6.373501 0.948610
v 0.670350 6.407633 0.941395
v 0.740600 6.064263 0.842992
v 0.746126 6.079713 0.844044
v -0.710438 5.428253 0.664461
v -0.628237 5.480597 0.679845
v 0.773800 5.243374 0.721084
v 0.842214 5.177214 0.699029
v 0.749884 5.036890 0.772545
v 0.676631 5.090641 0.797387
v 1.062558 5.782784 0.137467
v 0.928089 5.964737 0.272939
v 0.920589 5.803773 0.281516
v 1.042934 5.962842 0.094190
v 0.566633 6.576845 1.000565
v 0.516777 6.544271 1.006920
v 0.590721 4.517547 0.854195
v 0.670070 4.531856 0.829187
v 0.643023 4.410849 0.853478
v 0.574235 4.383277 0.836210
v 0.677711 6.115891 0.905712
v 0.665293 6.095770 0.906583
v -0.862496 5.267819 0.637326
v -0.941358 5.223192 0.622710
v 1.129288 5.952205 0.284375
v 1.235882 6.049729 0.176938
v 1.249329 6.149180 0.146351
v 1.235882 6.049729 0.176938
v 1.221505 5.950281 0.207519
v 1.175679 5.850421 0.265231
v 1.221505 5.950281 0.207519
v 1.037350 5.769948 0.369307
v 1.128361 5.752098 0.322955
v 1.005570 5.564291 0.468599
v 1.128361 5.752098 0.322955
v 0.919699 5.599648 0.481664
v 0.922647 5.500116 0.417404
v 1.044250 5.393111 0.335980
v -0.752648 4.607846 0.813004
v -0.698890 4.547592 0.809719
v 1.087658 5.257798 0.486135
v 1.222221 5.178588 0.407924
v 0.622482 3.715947 0.785756
v 0.731032 3.678935 0.778807
v 0.646567 3.814868 0.788938
v 0.760567 3.799512 0.782604
v -0.961631 4.659172 0.693248
v -1.019065 4.660884 0.682258
v -0.960118 4.626679 0.693717
v 0.878747 2.940405 0.732536
v 0.777374 2.923640 0.715958
v 0.695949 4.382181 0.807008
v 0.781568 4.573166 0.757356
v 0.647126 4.552219 0.812223
v 0.823109 4.418665 0.747828
v 0.752322 4.210611 0.800660
v 0.877047 4.248695 0.737885
v 1.552180 3.888016 0.659719
v 1.476626 4.124479 0.669985
v 1.506452 3.887957 0.663596
v 1.523759 4.137051 0.656525
v 1.456085 3.567994 0.652135
v 1.425121 3.447407 0.649032
v 1.471071 3.439754 0.644095
v 1.501203 3.557237 0.647376
v -0.540092 5.455533 0.700788
v -0.575853 5.427778 0.695469
v 1.488327 3.708653 0.656725
v 1.533805 3.702539 0.652356
v 0.227627 3.505982 0.761101
v 0.242188 3.522969 0.762958
v 0.213460 4.567707 0.911370
v 0.308086 4.467239 0.907466
v 0.282223 4.580171 0.904973
v 0.243494 4.443934 0.914279
v -0.688519 4.672753 0.816071
v -0.606390 4.617102 0.814975
v 0.452105 4.481910 0.858839
v 0.377530 4.454334 0.841021
v 1.036449 5.040161 0.660368
v 1.148500 4.988404 0.606906
v -0.822978 4.712884 0.720160
v -0.854904 4.728683 0.698655
v 0.764753 3.952550 0.786833
v 0.649946 3.944734 0.792575
v 1.173465 4.696075 0.709712
v 1.058170 4.687163 0.786979
v 1.023521 4.859555 0.739382
v 1.141766 4.838945 0.671602
v -0.620098 4.877355 0.786688
v -0.714141 4.864068 0.744973
v 0.590721 4.517547 0.854195
v 0.519060 4.496182 0.835449
v 1.084589 4.813947 0.688237
v 0.939988 4.879774 0.731737
v 1.234548 5.429101 0.409085
v 1.320841 5.408062 0.369395
v 1.410892 3.334549 0.646729
v 1.458022 3.334626 0.641709
v -0.636447 4.779685 0.801795
v -0.721714 4.791070 0.765483
v 0.452105 4.481910 0.858839
v 0.488864 4.646197 0.835224
v 0.418360 4.638134 0.857020
v 0.519060 4.496182 0.835449
v 1.249057 3.044539 0.699544
v 1.158382 2.971598 0.715234
v 0.352247 4.369760 0.910317
v 0.291828 4.334085 0.917525
v 0.763647 4.720188 0.750921
v 0.621442 4.728748 0.797471
v 0.737039 4.142733 0.789918
v 0.624419 4.119445 0.795412
v 0.206786 4.796864 0.893198
v 0.276555 4.790757 0.888420
v 0.473061 4.229002 0.912187
v 0.359843 4.258296 0.917804
v 0.440527 4.184063 0.918185
v 0.406320 4.297064 0.911178
v 0.642562 5.378323 0.694697
v 0.703447 5.304180 0.689235
v 0.969705 5.997562 0.452704
v 1.070495 5.948864 0.401420
v 0.929524 5.632891 0.331379
v 1.087599 5.608207 0.226675
v -1.182908 5.601702 -0.160094
v -1.274536 5.622656 -0.215404
v -0.462104 5.340368 0.747462
v -0.498178 5.317212 0.744878
v 0.486092 4.793263 0.825844
v 0.412786 4.808520 0.839505
v 0.339272 4.621406 0.838351
v 0.418360 4.638134 0.857020
v 1.432943 4.349129 0.643394
v 1.388855 4.327096 0.668038
v 0.954146 5.946003 0.385488
v 1.121884 5.888746 0.287570
v 0.999136 6.087989 0.405085
v 1.151911 6.091797 0.257490
v 0.613353 4.172049 0.793603
v 0.695949 4.382181 0.807008
v 0.554633 4.343724 0.793050
v 0.752322 4.210611 0.800660
v 1.015725 5.633950 0.363326
v 1.160118 5.628952 0.286103
v 0.687912 3.637072 0.785633
v 0.840335 3.779203 0.796007
v 0.695873 3.774662 0.789504
v 0.830542 3.613787 0.791425
v 1.122172 4.522871 0.810102
v 0.991161 4.477778 0.825870
v -0.783107 4.774697 0.723619
v -0.772940 4.692745 0.722525
v -0.725156 4.762253 0.728750
v -0.822978 4.712884 0.720160
v -1.076906 5.267791 0.537753
v -1.146885 5.226174 0.528509
v 0.815568 3.975554 0.799636
v 0.673740 3.947824 0.792734
v -0.293975 4.745897 0.888161
v -0.317529 4.752079 0.888330
v 0.643023 4.410849 0.853478
v 0.715310 4.446792 0.829391
v 0.980832 2.889889 0.698344
v 0.907600 2.853882 0.727182
v 0.668492 4.385523 0.790684
v 0.561773 4.351406 0.796162
v 0.490331 4.316120 0.777880
v 0.403123 4.531075 0.778836
v 0.447870 4.302322 0.769763
v 0.363171 4.511092 0.770689
v -0.616374 5.270813 0.744831
v -0.532850 5.315594 0.749424
v -0.469949 5.141757 0.790348
v -0.544085 5.107770 0.788343
v -0.738414 5.014637 0.708743
v -0.809328 4.993125 0.699402
v 0.527111 4.973010 0.802970
v 0.457174 5.013135 0.808529
v 0.196589 3.555499 0.758974
v -0.673607 5.363810 0.630268
v -0.781895 5.302100 0.620922
v 1.106278 4.603837 0.673705
v 1.097944 4.738825 0.644783
v 1.041072 4.729027 0.679042
v 1.155948 4.633562 0.651995
v 1.474046 3.224861 0.639359
v 1.428922 3.209312 0.644419
v 0.647126 4.552219 0.812223
v 0.504197 4.527799 0.790824
v 0.254005 5.020070 0.860907
v 0.321112 5.000004 0.858204
v 0.529395 4.143856 0.917968
v 0.548643 4.187239 0.912707
v -0.425724 4.831733 0.837323
v -0.498881 4.971016 0.830652
v -0.481144 4.825514 0.839786
v -0.434134 4.991133 0.830358
v 1.019934 5.076288 0.624190
v 1.158719 4.996467 0.585047
v 0.490281 4.127608 0.767077
v 0.534367 4.135211 0.775099
v 0.488864 4.646197 0.835224
v 0.566635 4.652083 0.855543
v 0.809058 5.308402 0.514389
v 0.939378 5.210050 0.473426
v -0.750181 4.702621 0.785056
v -0.752648 4.607846 0.813004
v -0.688519 4.672753 0.816071
v -0.790275 4.640695 0.788974
v 0.870233 6.060448 0.486644
v 0.770365 5.886528 0.532580
v 0.952647 6.011621 0.443759
v 0.842952 5.829710 0.506345
v 0.651350 5.713820 0.600665
v 0.717818 5.658340 0.587487
v -0.364950 5.076387 0.817729
v -0.330930 5.090294 0.818730
v 0.654856 3.518044 0.782351
v 0.790454 3.466925 0.787502
v 0.601983 3.403609 0.781058
v 0.724220 3.326221 0.785835
v 1.278535 4.487327 0.809035
v 1.347956 4.531226 0.770334
v 1.287882 4.638137 0.757131
v 1.205271 4.619051 0.791264
v 1.412173 4.455381 0.774321
v 1.376714 4.400770 0.806136
v -0.784765 4.878493 0.712102
v -0.712899 4.873747 0.719237
v 0.789504 4.353762 0.744242
v 0.902429 4.537226 0.781621
v 0.752136 4.537593 0.757305
v 0.932949 4.378144 0.768068
v 0.555730 3.318590 0.778312
v 0.652020 3.233470 0.782444
v 0.888256 5.861023 0.481764
v 0.977351 5.791745 0.460571
v 0.844337 4.176039 0.735533
v 0.982420 4.212811 0.758438
v 0.582167 3.165469 0.779444
v 0.460829 3.213539 0.770615
v 0.482325 3.120722 0.772670
v 0.511824 3.258321 0.775965
v -1.183730 5.056922 -0.437279
v -1.137761 5.051651 -0.395844
v 1.025959 6.203805 0.416140
v 0.932266 6.224543 0.475824
v 0.540070 5.205635 0.761073
v 0.604729 5.145343 0.759419
v 0.628119 4.129934 0.918218
v 0.634081 4.171758 0.913695
v 1.230184 5.316842 0.468483
v 1.315400 5.295629 0.440174
v 0.533268 5.551811 0.676332
v 0.595984 5.503931 0.672440
v 0.500501 3.986917 0.763743
v 0.545118 3.986797 0.771595
v 0.818871 4.215030 0.915982
v 0.826514 4.202641 0.917533
v 0.870441 4.244394 0.917822
v 0.767912 4.355521 0.831297
v 0.722601 4.307248 0.852213
v 0.336406 5.226500 0.812196
v 0.399923 5.197125 0.811796
v -0.329309 4.983244 0.840737
v -0.297066 4.990964 0.841378
v 0.727232 4.150050 0.917658
v 0.719949 4.176385 0.914603
v 1.348978 6.301745 0.383739
v 1.348691 6.314244 0.375882
v 0.514107 4.356601 0.861311
v 0.574235 4.383277 0.836210
v 1.348247 2.866656 0.701052
v 1.379469 2.992640 0.654568
v -0.280931 4.893191 0.863932
v -0.311399 4.890107 0.863630
v -0.891360 4.688426 0.701551
v -0.914717 4.646584 0.706910
v -0.871356 4.666542 0.716706
v -0.924549 4.665297 0.697200
v 0.977351 5.791745 0.460571
v 0.777034 5.714803 0.536692
v 0.860764 5.646713 0.539528
v 0.402693 3.190396 0.767194
v 0.401746 3.116142 0.768710
v 0.522792 4.098561 0.745295
v 0.561773 4.351406 0.796162
v 0.463079 4.319701 0.746006
v 0.624419 4.119445 0.795412
v 0.877858 3.045511 0.736337
v 0.763782 3.055050 0.718993
v -0.891176 4.541553 0.799126
v -0.849175 4.597322 0.793364
v -0.901443 4.569566 0.788344
v -0.828824 4.561493 0.809952
v 0.496201 5.369794 0.746686
v 0.436170 5.406941 0.744707
v 0.488722 3.883353 0.760925
v 0.532214 3.873950 0.768555
v 0.779609 4.873878 0.712898
v 0.634729 4.918256 0.743513
v 0.341041 3.187348 0.764061
v 0.325862 3.130120 0.765064
v -0.677242 5.144681 0.699899
v -0.570051 5.189523 0.700546
v 0.909275 3.947171 0.734846
v 1.048796 3.977746 0.757641
v -0.620098 4.877355 0.786688
v -0.540133 4.744125 0.801632
v -0.517579 4.883523 0.787817
v -0.636447 4.779685 0.801795
v 1.058170 4.687163 0.786979
v 0.921032 4.660681 0.799343
v -0.954089 4.543258 0.788835
v -0.954094 4.564984 0.783947
v -1.033515 4.571365 0.771454
v 0.330782 4.815034 0.818005
v 0.412786 4.808520 0.839505
v 1.506895 3.141352 0.638851
v 1.479565 3.114997 0.643185
v 0.938104 3.772442 0.732034
v 1.080687 3.782935 0.754526
v 0.937604 5.460033 0.409125
v 1.102514 5.434684 0.348108
v 0.566026 4.777377 0.853305
v 0.486092 4.793263 0.825844
v 1.218640 4.463166 0.670135
v 1.265953 4.495780 0.660895
v 1.206887 5.203041 0.527734
v 1.291195 5.183197 0.510830
v 1.340367 4.300841 0.665880
v 1.388855 4.327096 0.668038
v 1.034196 5.693054 0.341494
v 0.873117 5.780522 0.385937
v -1.060294 5.070883 0.570566
v -0.993900 5.093987 0.576492
v -1.037951 4.979112 0.604800
v -0.979605 4.975924 0.610462
v 1.252342 4.753161 0.719045
v 1.164977 4.755835 0.746115
v 1.026088 5.458133 0.432412
v 1.166072 5.433807 0.405342
v 0.546256 3.939300 0.742705
v 0.649946 3.944734 0.792575
v -0.537098 5.035740 0.744894
v -0.630204 5.006375 0.743886
v 0.743297 5.509333 0.622747
v 0.658872 5.566862 0.602924
v 1.305785 4.521085 0.624277
v 1.265953 4.495780 0.660895
v 0.936112 3.634857 0.728584
v 1.077909 3.615968 0.750418
v 0.270948 3.193635 0.757979
v 0.192850 3.238556 0.753049
v 0.252050 3.170420 0.758338
v 1.386922 3.195678 0.626186
v 1.428922 3.209312 0.644419
v 1.305442 2.981179 0.696259
v 1.258429 2.891258 0.709998
v 1.170764 5.045637 0.606621
v 1.255890 5.024243 0.589833
v 0.631833 4.225181 0.859219
v 0.673310 4.265697 0.839520
v 0.465533 3.816869 0.759691
v 0.504870 3.796653 0.767114
v 1.193247 4.654398 0.603584
v 1.097944 4.738825 0.644783
v 1.155948 4.633562 0.651995
v 1.134356 4.742837 0.585492
v 0.621442 4.728748 0.797471
v 0.476980 4.724589 0.766004
v -0.961582 4.643636 0.697468
v -0.961631 4.659172 0.693248
v -1.019065 4.660884 0.682258
v 1.154027 4.897555 0.682016
v 1.241333 4.882406 0.661271
v 0.901286 4.702781 0.777103
v 0.747192 4.726391 0.749761
v -1.196112 4.900836 -0.444803
v -1.162436 4.888007 -0.414234
v 1.307776 3.084069 0.642291
v 1.249057 3.044539 0.699544
v 0.702129 5.119450 0.633106
v 0.843429 5.051581 0.621512
v 1.428988 4.110730 0.658434
v 1.388855 4.327096 0.668038
v 1.476626 4.124479 0.669985
v 1.364167 2.947228 0.691442
v 1.348247 2.866656 0.701052
v 0.884076 5.392044 0.607071
v 0.804268 5.443241 0.596287
v 0.703447 5.304180 0.689235
v 0.773800 5.243374 0.721084
v 0.843043 4.285888 0.833485
v 0.826347 4.239230 0.850669
v 1.000500 2.826469 0.698924
v 0.951638 2.782804 0.722663
v 0.376126 5.035170 0.783486
v 0.457174 5.013135 0.808529
v -1.038585 4.904672 0.617899
v -0.988740 4.892223 0.623568
v 0.905698 3.509634 0.725433
v 1.040622 3.462919 0.746649
v -1.314479 4.753770 0.675475
v -1.258433 4.722848 0.675358
v -1.256598 4.735225 0.674610
v -1.314652 4.753770 0.675475
v 0.836483 3.362742 0.723404
v 0.969133 3.308299 0.744496
v 1.034196 5.693054 0.341494
v 0.922647 5.500116 0.417404
v 0.767080 5.586762 0.414513
v 0.244146 3.700858 0.760272
v 0.192730 3.733318 0.761668
v 0.240418 3.693108 0.761598
v 0.192750 3.733318 0.761668
v 1.023521 4.859555 0.739382
v 0.885638 4.856389 0.744170
v 0.770692 4.144811 0.855920
v 0.785893 4.189874 0.842077
v 0.543620 3.829543 0.739597
v 0.646567 3.814868 0.788938
v 0.642562 5.378323 0.694697
v 0.743297 5.509333 0.622747
v 0.558360 5.419021 0.662581
v 0.419325 3.748804 0.760109
v 0.443570 3.722427 0.765887
v 0.603535 4.935371 0.837817
v 0.527111 4.973010 0.802970
v -1.238756 5.444644 -0.305784
v -1.154757 5.448671 -0.265934
v 1.258429 2.891258 0.709998
v 1.345544 3.026815 0.645018
v 0.540070 5.205635 0.761073
v 0.458596 5.238554 0.732525
v 0.925875 5.291656 0.497124
v 1.087658 5.257798 0.486135
v -1.296707 4.608502 -0.441806
v -1.398140 4.528490 -0.468789
v -1.319591 4.628808 -0.455598
v -1.395275 4.523824 -0.466865
v 0.363589 3.708607 0.760022
v 0.373369 3.683786 0.764227
v -1.198205 4.725744 -0.422740
v -1.246590 4.755527 -0.449333
v 0.302951 3.674534 0.762601
v 0.303331 3.693138 0.759919
v 0.604729 5.145343 0.759419
v 0.676631 5.090641 0.797387
v 0.980117 5.260205 0.531480
v 1.103507 5.230638 0.543084
v 0.897201 4.158933 0.843158
v 0.898196 4.126310 0.852389
v -1.177910 4.726034 0.669208
v -1.184715 4.747724 0.666717
v -1.019151 4.836337 0.636963
v -1.060497 4.858071 0.631285
v 1.474977 4.422840 0.778752
v 1.470627 4.372978 0.802635
v 0.907000 5.061913 0.653460
v 1.036449 5.040161 0.660368
v 1.441995 2.931801 0.688863
v 1.451407 2.872922 0.696529
v 0.809058 5.308402 0.514389
v 0.656502 5.372397 0.475850
v -1.246590 4.755527 -0.449333
v -1.225645 4.741304 -0.428852
v 0.787050 4.920496 0.698396
v 0.939988 4.879774 0.731737
v -1.092060 4.761793 0.656578
v -1.114031 4.789706 0.652125
v 0.524401 3.752262 0.736995
v 0.622482 3.715947 0.785756
v 0.924482 4.259536 0.837682
v 0.927375 4.226868 0.850399
v 0.991220 4.162004 0.844494
v 0.997225 4.146467 0.849165
v 0.490319 4.931314 0.698041
v 0.634729 4.918256 0.743513
v -1.118375 4.873935 -0.404450
v -1.196112 4.900836 -0.444803
v 1.464421 3.888235 0.645172
v 1.506452 3.887957 0.663596
v 1.507732 2.907030 0.690649
v 1.496927 2.942676 0.685864
v 1.050384 4.182078 0.846684
v 0.997225 4.146467 0.849165
v 1.050692 4.182076 0.846806
v 0.867729 5.112368 0.590906
v 1.019934 5.076288 0.624190
v 1.546426 3.077827 0.646587
v 1.553802 3.105725 0.642314
v 1.578946 2.987563 0.683556
v 1.367084 3.333278 0.628605
v 1.410892 3.334549 0.646729
v 0.702129 5.119450 0.633106
v 0.557015 5.146680 0.571321
v -1.319591 4.628808 -0.455598
v -1.309817 4.619365 -0.444797
v 0.498311 3.693510 0.735967
v 0.585867 3.637088 0.784310
v -1.168927 5.227538 -0.368632
v -1.095868 5.239602 -0.348149
v -1.077456 5.049882 -0.381228
v -1.196112 4.900836 -0.444803
v -1.183730 5.056922 -0.437279
v 1.006164 4.268705 0.845291
v 1.013817 4.253129 0.852482
v 1.158382 2.971598 0.715234
v 1.307776 3.084069 0.642291
v -1.398140 4.528490 -0.468789
v -1.396973 4.526918 -0.467228
v 1.345544 3.026815 0.645018
v 1.305442 2.981179 0.696259
v 1.037765 2.784699 0.699952
v 1.012103 2.744210 0.718750
v 0.557015 5.146680 0.571321
v 0.779609 4.873878 0.712898
v 0.490319 4.931314 0.698041
v 0.843429 5.051581 0.621512
v 1.421668 6.335459 0.404397
v 1.072096 4.304077 0.857921
v 1.013817 4.253129 0.852482
v 1.072300 4.304075 0.858065
v 1.534894 4.421227 0.783287
v 1.546754 4.390045 0.799283
v 0.323257 3.537103 0.749136
v 0.425849 3.431647 0.768456
v 0.308085 3.450253 0.764293
v 0.396185 3.560365 0.745073
v -1.095868 5.239602 -0.348149
v -1.224996 5.225251 -0.421264
v 0.456355 3.609917 0.740853
v 0.506255 3.542831 0.779212
v 0.561386 3.470232 0.772912
v 0.425849 3.431647 0.768456
v 0.456355 3.609917 0.740853
v 0.656502 5.372397 0.475850
v 0.843429 5.051581 0.621512
v 0.939378 5.210050 0.473426
v 1.446428 3.716669 0.638606
v 1.488327 3.708653 0.656725
v 1.414388 3.579091 0.634166
v 1.471071 3.439754 0.644095
v 1.382521 3.456968 0.631068
v 1.501203 3.557237 0.647376
v 1.612410 3.097903 0.648650
v 1.615657 3.079286 0.652394
v 1.382521 3.456968 0.631068
v 1.425121 3.447407 0.649032
v 1.446428 3.716669 0.638606
v 1.501203 3.557237 0.647376
v 1.533805 3.702539 0.652356
v 0.561386 3.470232 0.772912
v 0.682504 3.575344 0.776871
v 0.498311 3.693510 0.735967
v 0.255528 3.540127 0.753618
v 0.227627 3.505982 0.761101
v 0.196589 3.555499 0.758974
v 1.458022 3.334626 0.641709
v 1.367084 3.333278 0.628605
v -1.137761 5.051651 -0.395844
v -1.077456 5.049882 -0.381228
v 1.464421 3.888235 0.645172
v 1.533805 3.702539 0.652356
v 1.552180 3.888016 0.659719
v 1.073159 2.673228 0.707971
v 1.093539 2.755296 0.701464
v 1.151814 2.688705 0.707571
v 1.137582 2.750631 0.703281
v 1.208825 2.748993 0.709463
v 1.151814 2.688705 0.707571
v 1.446428 3.716669 0.638606
v 1.414388 3.579091 0.634166
v 1.456085 3.567994 0.652135
v 1.037765 2.784699 0.699952
v 0.986295 2.693317 0.708863
v 0.925875 5.291656 0.497124
v 1.222221 5.178588 0.407924
v 0.867729 5.112368 0.590906
v 1.158719 4.996467 0.585047
v 1.084589 4.813947 0.688237
v 0.867729 5.112368 0.590906
v 0.787050 4.920496 0.698396
v 0.787050 4.920496 0.698396
v 0.747192 4.726391 0.749761
v 1.053199 4.669534 0.725984
v 0.490319 4.931314 0.698041
v 0.476980 4.724589 0.766004
v 0.763647 4.720188 0.750921
v 1.584130 4.441260 0.788101
v 1.596347 4.428758 0.796195
v 1.414388 3.579091 0.634166
v 1.382521 3.456968 0.631068
v 1.093539 2.755296 0.701464
v 1.082397 2.713324 0.715425
v 1.673461 3.102390 0.658401
v 1.668976 3.110167 0.656119
v -1.118375 4.873935 -0.404450
v -1.077456 5.049882 -0.381228
v -1.162436 4.888007 -0.414234
v 1.367084 3.333278 0.628605
v 1.474046 3.224861 0.639359
v 1.386922 3.195678 0.626186
v 0.682504 3.575344 0.776871
v 0.731032 3.678935 0.778807
v 0.524401 3.752262 0.736995
v 1.705997 3.128622 0.662360
v 1.673461 3.102390 0.658401
v 1.706074 3.128621 0.662390
v 1.022683 4.237680 0.851015
v 1.072096 4.304077 0.857921
v 1.072543 4.304075 0.858065
v 1.006164 4.268705 0.845291
v 1.611842 4.469016 0.793355
v 1.612028 4.469015 0.793442
v -1.309817 4.619365 -0.444797
v -1.395275 4.523824 -0.466865
v -1.296707 4.608502 -0.441806
v -1.396973 4.526918 -0.467228
v 0.767080 5.586762 0.414513
v 1.044250 5.393111 0.335980
v 0.656502 5.372397 0.475850
v 0.939378 5.210050 0.473426
v 0.396185 3.560365 0.745073
v 0.410122 3.499611 0.773543
v -1.154757 5.448671 -0.265934
v -1.095868 5.239602 -0.348149
v -1.295997 5.459655 -0.377676
v 1.144478 2.716460 0.712563
v 1.208825 2.748993 0.709463
v 1.137582 2.750631 0.703281
v 0.930816 4.191366 0.845721
v 1.006164 4.268705 0.845291
v 0.924482 4.259536 0.837682
v 0.255528 3.540127 0.753618
v 0.315878 3.495061 0.767900
v 0.323257 3.537103 0.749136
v 0.242188 3.522969 0.762958
v 0.196589 3.555499 0.758974
v 1.386922 3.195678 0.626186
v 1.506895 3.141352 0.638851
v 1.454546 3.090473 0.628863
v 0.558360 5.419021 0.662581
v 0.703447 5.304180 0.689235
v 0.458596 5.238554 0.732525
v 0.604729 5.145343 0.759419
v 1.218640 4.463166 0.670135
v 1.193247 4.654398 0.603584
v 1.305785 4.521085 0.624277
v 1.106278 4.603837 0.673705
v -1.198205 4.725744 -0.422740
v -1.118375 4.873935 -0.404450
v -1.225645 4.741304 -0.428852
v 0.980117 5.260205 0.531480
v 1.148500 4.988404 0.606906
v 0.907000 5.061913 0.653460
v 1.211337 5.169479 0.497248
v 0.907000 5.061913 0.653460
v 0.885638 4.856389 0.744170
v 1.141766 4.838945 0.671602
v 1.093539 2.755296 0.701464
v 1.137582 2.750631 0.703281
v 1.000500 2.826469 0.698924
v 1.037765 2.784699 0.699952
v 0.900222 2.739678 0.710811
v 0.830572 2.815428 0.713314
v 1.000500 2.826469 0.698924
v 0.980832 2.889889 0.698344
v 0.458596 5.238554 0.732525
v 0.376126 5.035170 0.783486
v 0.527111 4.973010 0.802970
v 1.553802 3.105725 0.642314
v 1.454546 3.090473 0.628863
v 1.540641 3.051688 0.636848
v -1.296707 4.608502 -0.441806
v -1.198205 4.725744 -0.422740
v 1.096434 3.087449 0.724920
v 1.307776 3.084069 0.642291
v 1.288665 3.155354 0.633351
v 1.340367 4.300841 0.665880
v 1.305785 4.521085 0.624277
v 1.432943 4.349129 0.643394
v 1.218640 4.463166 0.670135
v 0.323257 3.537103 0.749136
v 1.428988 4.110730 0.658434
v 1.340367 4.300841 0.665880
v 1.523759 4.137051 0.656525
v 1.552180 3.888016 0.659719
v 1.428988 4.110730 0.658434
v 1.540641 3.051688 0.636848
v 1.619908 3.062357 0.646787
v 1.612410 3.097903 0.648650
v 0.658872 5.566862 0.602924
v 0.804268 5.443241 0.596287
v 0.558360 5.419021 0.662581
v 0.546256 3.939300 0.742705
v 0.764753 3.952550 0.786833
v 0.543620 3.829543 0.739597
v 0.760567 3.799512 0.782604
v 0.731032 3.678935 0.778807
v 0.543620 3.829543 0.739597
v 0.703447 5.304180 0.689235
v 0.842214 5.177214 0.699029
v 0.604729 5.145343 0.759419
v 0.749884 5.036890 0.772545
v 1.619908 3.062357 0.646787
v 1.668976 3.110167 0.656119
v 1.678486 3.094698 0.655976
v 1.678486 3.094698 0.655976
v 1.705997 3.128622 0.662360
v 1.706151 3.128622 0.662371
v 0.527111 4.973010 0.802970
v 0.681674 4.898666 0.810802
v 0.808514 4.189879 0.841726
v 0.924482 4.259536 0.837682
v 0.843043 4.285888 0.833485
v 1.026088 5.458133 0.432412
v 1.276846 5.374778 0.321236
v 0.980117 5.260205 0.531480
v 1.211337 5.169479 0.497248
v 0.921032 4.660681 0.799343
v 0.885638 4.856389 0.744170
v 1.173465 4.696075 0.709712
v 0.330782 4.815034 0.818005
v 0.376126 5.035170 0.783486
v 0.486092 4.793263 0.825844
v 0.873117 5.780522 0.385937
v 1.147027 5.600652 0.214740
v 0.767080 5.586762 0.414513
v 1.044250 5.393111 0.335980
v -0.721714 4.791070 0.765483
v -0.540133 4.744125 0.801632
v -0.606390 4.617102 0.814975
v -0.750181 4.702621 0.785056
v 0.777374 2.923640 0.715958
v 0.980832 2.889889 0.698344
v 0.975170 2.956418 0.696333
v 0.504197 4.527799 0.790824
v 0.476980 4.724589 0.766004
v 0.781568 4.573166 0.757356
v -0.772940 4.692745 0.722525
v -0.847292 4.643353 0.716295
v -0.854904 4.728683 0.698655
v -0.891360 4.688426 0.701551
v -0.517579 4.883523 0.787817
v -0.714141 4.864068 0.744973
v -0.731970 4.959134 0.698041
v -0.537098 5.035740 0.744894
v 0.737039 4.142733 0.789918
v 0.546256 3.939300 0.742705
v 0.522792 4.098561 0.745295
v 0.764753 3.952550 0.786833
v 0.804268 5.443241 0.596287
v 0.944564 5.315257 0.571741
v 0.842214 5.177214 0.699029
v 0.486092 4.793263 0.825844
v 0.647584 4.763886 0.825907
v -0.799374 4.507456 0.804600
v -0.790275 4.640695 0.788974
v -0.698890 4.547592 0.809719
v -0.849175 4.597322 0.793364
v 1.134356 4.742837 0.585492
v 1.193247 4.654398 0.603584
v 1.041072 4.729027 0.679042
v 1.224589 5.360747 0.227529
v 0.929524 5.632891 0.331379
v 1.184977 5.539460 0.069981
v 0.937604 5.460033 0.409125
v 0.937604 5.460033 0.409125
v 0.925875 5.291656 0.497124
v 1.222221 5.178588 0.407924
v 0.668492 4.385523 0.790684
v 0.522792 4.098561 0.745295
v 0.463079 4.319701 0.746006
v 0.737039 4.142733 0.789918
v 0.339272 4.621406 0.838351
v 0.330782 4.815034 0.818005
v 0.488864 4.646197 0.835224
v 0.991161 4.477778 0.825870
v 1.173465 4.696075 0.709712
v 1.230660 4.553516 0.728318
v 0.921032 4.660681 0.799343
v -0.540133 4.744125 0.801632
v -0.714141 4.864068 0.744973
v 1.113150 4.249125 0.710350
v 0.909275 3.947171 0.734846
v 0.844337 4.176039 0.735533
v 1.181856 4.007868 0.709440
v 0.747192 4.726391 0.749761
v 0.752136 4.537593 0.757305
v 1.049040 4.539571 0.729539
v 1.003387 4.132596 0.845750
v 1.050384 4.182078 0.846684
v 1.051008 4.182077 0.846731
v 0.991220 4.162004 0.844494
v 0.673310 4.265697 0.839520
v 0.715310 4.446792 0.829391
v 0.767912 4.355521 0.831297
v 0.574235 4.383277 0.836210
v 0.843043 4.285888 0.833485
v 0.899168 4.095485 0.845610
v 0.991220 4.162004 0.844494
v 0.897201 4.158933 0.843158
v 0.755117 4.100118 0.845823
v 0.673310 4.265697 0.839520
v 0.785893 4.189874 0.842077
v 0.590510 4.177434 0.845806
v 0.897201 4.158933 0.843158
v 0.755117 4.100118 0.845823
v -0.698890 4.547592 0.809719
v -0.750181 4.702621 0.785056
v 0.574235 4.383277 0.836210
v 0.445346 4.316650 0.844328
v 0.488864 4.646197 0.835224
v 0.645784 4.664847 0.829490
v 0.938104 3.772442 0.732034
v 0.909275 3.947171 0.734846
v 1.216558 3.794500 0.706041
v -0.960118 4.626679 0.693717
v -0.924549 4.665297 0.697200
v -0.902276 4.626513 0.704863
v -0.961631 4.659172 0.693248
v -0.774313 5.086686 0.649947
v -0.570051 5.189523 0.700546
v -0.537098 5.035740 0.744894
v 0.919699 5.599648 0.481664
v 0.888256 5.861023 0.481764
v 1.037350 5.769948 0.369307
v 0.777034 5.714803 0.536692
v 0.658872 5.566862 0.602924
v 0.777034 5.714803 0.536692
v 0.919699 5.599648 0.481664
v 1.059740 5.482974 0.426070
v 0.944564 5.315257 0.571741
v 0.554633 4.343724 0.793050
v 0.504197 4.527799 0.790824
v 0.823109 4.418665 0.747828
v 0.613353 4.172049 0.793603
v 0.823109 4.418665 0.747828
v 0.877047 4.248695 0.737885
v 0.554633 4.343724 0.793050
v 0.673740 3.947824 0.792734
v 0.613353 4.172049 0.793603
v 0.943254 4.001266 0.736690
v 0.763782 3.055050 0.718993
v 0.975170 2.956418 0.696333
v 0.986399 3.036834 0.696884
v 0.377530 4.454334 0.841021
v 0.519060 4.496182 0.835449
v 0.445346 4.316650 0.844328
v 0.339272 4.621406 0.838351
v 0.954146 5.946003 0.385488
v 1.202115 5.835671 0.117425
v 0.873117 5.780522 0.385937
v 1.147027 5.600652 0.214740
v -0.725156 4.762253 0.728750
v -0.772940 4.692745 0.722525
v -0.827918 4.784408 0.695839
v 1.069538 4.405199 0.718294
v 0.844337 4.176039 0.735533
v 0.789504 4.353762 0.744242
v 1.113150 4.249125 0.710350
v -0.902276 4.626513 0.704863
v -0.891360 4.688426 0.701551
v 0.519060 4.496182 0.835449
v 0.670070 4.531856 0.829187
v 0.715310 4.446792 0.829391
v 0.645784 4.664847 0.829490
v 0.670070 4.531856 0.829187
v 1.067065 4.310658 0.832583
v 1.230660 4.553516 0.728318
v 1.304897 4.404987 0.732423
v 0.991161 4.477778 0.825870
v -0.712899 4.873747 0.719237
v -0.827918 4.784408 0.695839
v -0.836088 4.871274 0.678853
v -0.725156 4.762253 0.728750
v -1.327065 5.665719 -0.300847
v -1.182908 5.601702 -0.160094
v -1.154757 5.448671 -0.265934
v -0.673607 5.363810 0.630268
v -0.570051 5.189523 0.700546
v -0.871954 5.230331 0.560105
v 0.836483 3.362742 0.723404
v 0.986399 3.036834 0.696884
v 1.095301 3.258022 0.694683
v 0.938104 3.772442 0.732034
v 0.936112 3.634857 0.728584
v 1.213046 3.599710 0.701322
v 1.169125 3.418833 0.696931
v 0.936112 3.634857 0.728584
v 0.905698 3.509634 0.725433
v 0.789504 4.353762 0.744242
v 0.752136 4.537593 0.757305
v 1.069538 4.405199 0.718294
v 0.695873 3.774662 0.789504
v 0.673740 3.947824 0.792734
v 0.970300 3.784810 0.732710
v 1.364167 2.947228 0.691442
v 1.379469 2.992640 0.654568
v 1.345544 3.026815 0.645018
v -0.881364 4.493705 0.793122
v -0.849175 4.597322 0.793364
v -0.901443 4.569566 0.788344
v 1.259053 5.582967 0.157677
v 0.976601 5.812574 0.312326
v 1.184383 5.776742 0.026727
v 1.015725 5.633950 0.363326
v 1.015725 5.633950 0.363326
v 1.026088 5.458133 0.432412
v 1.276846 5.374778 0.321236
v -0.961866 4.515518 0.782564
v -0.954094 4.564984 0.783947
v -0.901443 4.569566 0.788344
v 1.037350 5.769948 0.369307
v 1.177364 5.675643 0.266785
v 1.059740 5.482974 0.426070
v 0.905698 3.509634 0.725433
v 1.095301 3.258022 0.694683
v 1.009105 6.130496 0.457014
v 1.162402 6.138309 0.249952
v 0.969705 5.997562 0.452704
v 1.129288 5.952205 0.284375
v 0.969705 5.997562 0.452704
v 1.184977 5.539460 0.069981
v 0.920589 5.803773 0.281516
v 1.123441 5.729998 -0.051286
v -0.954094 4.564984 0.783947
v -1.033515 4.571365 0.771454
v -0.738414 5.014637 0.708743
v -0.712899 4.873747 0.719237
v -0.866016 4.968972 0.660858
v 1.202115 5.835671 0.117425
v 1.215944 6.085627 0.054980
v 0.999136 6.087989 0.405085
v -0.862496 5.267819 0.637326
v -0.738414 5.014637 0.708743
v -0.998599 5.176003 0.573457
v 1.067786 3.221862 0.733523
v 1.288665 3.155354 0.633351
v 1.296624 3.235863 0.627016
v 1.134526 4.132961 0.821967
v 1.304897 4.404987 0.732423
v 1.382302 4.218024 0.721302
v 1.067065 4.310658 0.832583
v -0.808750 5.544329 0.557493
v -0.999716 5.403673 0.450745
v -1.101262 5.610975 0.345630
v -0.917765 5.730808 0.498243
v -0.871954 5.230331 0.560105
v -0.999716 5.403673 0.450745
v -0.673607 5.363810 0.630268
v 0.695873 3.774662 0.789504
v 0.687912 3.637072 0.785633
v 0.958876 3.594664 0.727502
v 0.912332 3.423066 0.722997
v 0.687912 3.637072 0.785633
v 0.654856 3.518044 0.782351
v 0.654856 3.518044 0.782351
v 0.601983 3.403609 0.781058
v 0.833808 3.257611 0.720972
v 1.123441 5.729998 -0.051286
v 0.928089 5.964737 0.272939
v 1.058736 5.953707 -0.117480
v 0.598384 6.615946 0.972223
v 0.445605 6.662775 1.044403
v 0.520658 6.740564 1.014592
v 0.516777 6.544271 1.006920
v 1.184383 5.776742 0.026727
v 0.926284 5.995510 0.283951
v 1.076751 5.966863 -0.067492
v 0.689960 6.462185 0.914034
v 0.516777 6.544271 1.006920
v 0.624004 6.373501 0.948610
v 1.201394 5.794709 0.166502
v 1.177364 5.675643 0.266785
v 1.129288 5.952205 0.284375
v 1.201394 5.794709 0.166502
v 1.229305 5.912243 0.066224
v 0.779119 6.333108 0.859716
v 0.624004 6.373501 0.948610
v 0.724179 6.235129 0.895255
v 0.366495 6.779836 1.075862
v 0.430157 6.862211 1.049347
v -1.323324 5.845384 -0.217574
v -1.195357 5.737528 -0.041816
v -1.182908 5.601702 -0.160094
v 0.865133 6.225786 0.798966
v 0.724179 6.235129 0.895255
v 0.819738 6.126286 0.832765
v 1.076751 5.966863 -0.067492
v 0.900666 6.174906 0.283661
v 0.977336 6.170272 -0.120939
v 0.948513 6.138729 0.727386
v 0.819738 6.126286 0.832765
v 0.912351 6.040796 0.759886
v 0.738408 3.158595 0.723902
v 0.555730 3.318590 0.778312
v 0.833808 3.257611 0.720972
v 0.601983 3.403609 0.781058
v 1.029582 6.070398 0.644632
v 0.912351 6.040796 0.759886
v 0.997485 5.978634 0.678661
v 1.096006 6.023547 0.573574
v 0.997485 5.978634 0.678661
v 1.076522 5.935137 0.590598
v -1.168243 5.856594 0.262515
v -0.979215 5.927747 0.464323
v -0.917765 5.730808 0.498243
v 0.999574 6.433856 0.542418
v 1.138883 6.328366 0.260957
v 1.039408 6.279863 0.499381
v 1.081764 6.510368 0.293204
v 1.039408 6.279863 0.499381
v 1.009105 6.130496 0.457014
v 0.645352 3.084300 0.727233
v 0.511824 3.258321 0.775965
v 0.738408 3.158595 0.723902
v 0.555730 3.318590 0.778312
v -0.972939 5.409426 0.580619
v -1.097155 5.308668 0.494264
v -1.178929 5.488145 0.387829
v -1.069899 5.585358 0.503719
v -0.998599 5.176003 0.573457
v -1.097155 5.308668 0.494264
v -0.862496 5.267819 0.637326
v -0.474506 6.662846 1.038440
v -0.626362 6.616038 0.964283
v -0.549155 6.740649 1.007662
v -0.545221 6.544355 1.000036
v 1.073253 3.377974 0.739290
v 1.296624 3.235863 0.627016
v 1.317928 3.353475 0.622726
v 1.152127 5.992286 0.494706
v 1.076522 5.935137 0.590598
v 1.147520 5.917862 0.506679
v -0.717229 6.462295 0.904911
v -0.651738 6.373603 0.940337
v 0.312810 3.081035 0.738211
v 0.235397 3.150535 0.744678
v 0.270948 3.193635 0.757979
v 0.341041 3.187348 0.764061
v 0.192850 3.238556 0.753049
v 0.270948 3.193635 0.757979
v 1.142351 6.154767 0.488175
v 1.029582 6.070398 0.644632
v 1.074812 6.207591 0.573588
v 1.117902 6.016519 0.527811
v 0.948513 6.138729 0.727386
v 1.074812 6.207591 0.573588
v 1.002123 6.277619 0.645909
v 0.849092 6.467699 0.756227
v 0.689960 6.462185 0.914034
v 0.778801 6.570440 0.813306
v 0.779119 6.333108 0.859716
v 0.598384 6.615946 0.972223
v 0.696011 6.707350 0.860854
v 1.134526 4.132961 0.821967
v 1.424880 4.034398 0.694795
v 1.170462 3.980202 0.799457
v 0.280404 6.880106 1.091812
v 0.328819 6.970206 1.066416
v 1.294821 6.018372 0.205433
v 1.287385 6.062407 0.157634
v 1.288341 6.062415 0.157119
v 1.282775 6.027572 0.210239
v 0.865133 6.225786 0.798966
v 1.002123 6.277619 0.645909
v 0.926542 6.364841 0.706386
v -0.395774 6.779895 1.070921
v -0.459074 6.862278 1.043584
v -0.474506 6.662846 1.038440
v 0.926542 6.364841 0.706386
v -1.186171 6.144881 0.221861
v -0.979215 5.927747 0.464323
v -1.005368 6.145793 0.465366
v 1.208833 5.920703 0.422054
v 1.152127 5.992286 0.494706
v 1.199203 5.979549 0.417295
v 1.147520 5.917862 0.506679
v 0.520658 6.740564 1.014592
v 0.604695 6.859753 0.906556
v -0.805719 6.333232 0.849443
v -0.751261 6.235242 0.885693
v 0.460829 3.213539 0.770615
v 0.645352 3.084300 0.727233
v 0.496853 3.045553 0.733026
v 0.511824 3.258321 0.775965
v 1.195284 6.115990 0.394327
v 1.117902 6.016519 0.527811
v 1.194873 5.996606 0.414560
v 1.255609 6.001463 0.299359
v 1.194873 5.996606 0.414560
v 1.239876 6.097404 0.295295
v 1.183659 4.972297 -0.462240
v 1.108347 4.742189 -0.685003
v 1.249124 4.743796 -0.486887
v 1.033749 5.024755 -0.655888
v 1.249124 4.743796 -0.486887
v 1.336245 4.512102 -0.505856
v 1.205343 4.439400 -0.707349
v 1.294821 6.018372 0.205433
v 1.283953 5.975657 0.267901
v 1.265485 6.000326 0.272747
v 1.282775 6.027572 0.210239
v 1.138883 6.328366 0.260957
v 1.175786 6.309162 0.000279
v 1.162402 6.138309 0.249952
v 1.188903 6.063711 -0.028624
v 1.205461 5.987197 0.018765
v 1.229305 5.912243 0.066224
v 0.402487 3.053245 0.735450
v 0.341041 3.187348 0.764061
v 0.402693 3.190396 0.767194
v 0.312810 3.081035 0.738211
v 0.496853 3.045553 0.733026
v 0.402487 3.053245 0.735450
v 0.460829 3.213539 0.770615
v -0.890979 6.225919 0.787578
v -0.846040 6.126412 0.821966
v 1.122753 5.438218 -0.287233
v 0.999401 5.276033 -0.603036
v 1.148507 5.189377 -0.397593
v 0.975750 5.545478 -0.525167
v 1.336245 4.512102 -0.505856
v 1.431139 4.255723 -0.528336
v 1.290574 4.133471 -0.725797
v 1.148507 5.189377 -0.397593
v 0.696011 6.707350 0.860854
v 0.872196 6.715390 0.638847
v 0.778801 6.570440 0.813306
v 0.809117 6.827734 0.675576
v 1.199203 5.979549 0.417295
v 1.237426 5.983786 0.342601
v 1.255422 5.942048 0.341245
v 1.208833 5.920703 0.422054
v 1.175786 6.309162 0.000279
v 0.981781 6.308411 -0.354706
v 1.188903 6.063711 -0.028624
v 0.965294 6.098530 -0.384250
v -1.169068 6.313353 0.227750
v -1.005368 6.145793 0.465366
v -1.025699 6.298606 0.484305
v -0.309870 6.880153 1.087986
v -0.357938 6.970258 1.061965
v -0.395774 6.779895 1.070921
v 1.101584 5.713196 -0.166276
v 0.960801 5.821095 -0.445952
v 1.101584 5.713196 -0.166276
v 1.237426 5.983786 0.342601
v 1.265485 6.000326 0.272747
v 1.255422 5.942048 0.341245
v 0.965294 6.098530 -0.384250
v 0.658759 5.904791 -0.760827
v 0.960801 5.821095 -0.445952
v 0.670252 6.167288 -0.733944
v 0.981781 6.308411 -0.354706
v 0.674907 6.457556 -0.702838
v 0.971812 6.499514 -0.310909
v -0.973461 6.138882 0.714923
v -0.937739 6.040938 0.747891
v 1.445444 2.967817 0.659997
v 1.379469 2.992640 0.654568
v 1.441995 2.931801 0.688863
v 0.971260 6.309278 0.699605
v 1.097132 6.391479 0.481929
v 1.057178 6.217744 0.616936
v 1.030309 6.472495 0.544190
v -1.296119 5.982333 -0.171847
v -1.200442 5.890372 0.076984
v -1.195357 5.737528 -0.041816
v 1.057178 6.217744 0.616936
v 1.147274 6.329106 0.414488
v 1.134585 6.148028 0.524379
v 0.783322 4.669746 -0.903706
v 1.033749 5.024755 -0.655888
v 0.711182 4.996973 -0.862434
v 1.108347 4.742189 -0.685003
v 1.205343 4.439400 -0.707349
v 0.869273 4.289875 -0.941520
v 0.604695 6.859753 0.906556
v 0.703181 7.001781 0.721783
v 0.880019 6.422638 0.769894
v 1.030309 6.472495 0.544190
v 0.951793 6.603275 0.588059
v 0.999401 5.276033 -0.603036
v 0.682049 5.256277 -0.828707
v 1.338834 6.115430 0.027611
v 1.333405 6.165473 -0.008862
v 1.334555 6.163948 -0.010169
v 1.324469 6.133818 0.038802
v 0.951793 6.603275 0.588059
v 1.000286 6.692160 0.338369
v 1.528145 3.946981 -0.564828
v 1.352434 3.839894 -0.742541
v 1.431139 4.255723 -0.528336
v 1.081764 6.510368 0.293204
v 1.138937 6.526539 0.044725
v 0.661442 5.710251 -0.781839
v 0.975750 5.545478 -0.525167
v 0.664521 5.529541 -0.797701
v 1.111225 3.535664 0.742552
v 1.317928 3.353475 0.622726
v 1.358326 3.478749 0.622605
v 0.430157 6.862211 1.049347
v 0.496380 7.003046 0.941642
v 0.903415 6.876999 0.387389
v 1.076645 6.736071 0.097051
v 1.000286 6.692160 0.338369
v 0.992328 6.957952 0.150132
v 1.299734 6.027862 0.191286
v 1.239876 6.097404 0.295295
v 1.277121 6.097353 0.197749
v 1.255609 6.001463 0.299359
v 1.189766 6.286850 0.346163
v 1.134585 6.148028 0.524379
v 1.203266 6.101628 0.423859
v 1.256494 6.090940 0.313809
v 1.203266 6.101628 0.423859
v 1.223966 6.252375 0.275287
v -1.069899 5.585358 0.503719
v -1.235846 5.689284 0.280749
v -1.131689 5.775177 0.428398
v 1.338834 6.115430 0.027611
v 1.326865 6.067956 0.098055
v 1.305252 6.111081 0.109659
v 1.324469 6.133818 0.038802
v -0.014212 7.012809 1.010434
v -0.072752 7.073073 1.013405
v -0.014112 7.048603 0.995534
v -0.074476 6.984345 1.050917
v -0.014336 6.980038 1.029376
v -0.125665 6.985622 1.068301
v -0.129875 7.077408 1.033618
v 0.189651 6.952847 1.088644
v 0.218296 7.047608 1.060727
v 0.280255 5.944863 -1.055906
v 0.658759 5.904791 -0.760827
v 0.282807 6.134999 -1.049779
v 0.670252 6.167288 -0.733944
v 0.273742 5.681770 -1.043874
v 0.661442 5.710251 -0.781839
v 0.664521 5.529541 -0.797701
v 0.277214 5.472948 -1.041425
v -1.053487 6.070558 0.631126
v -1.021847 5.978789 0.665568
v -1.119010 6.023716 0.559210
v -1.100539 5.935303 0.576480
v 1.170462 3.980202 0.799457
v 1.436357 3.849309 0.662109
v 1.179404 3.839863 0.773968
v 1.277121 6.097353 0.197749
v 1.305252 6.111081 0.109659
v 1.299734 6.027862 0.191286
v 0.783322 4.669746 -0.903706
v 0.294527 4.942702 -1.055304
v 0.337111 4.550452 -1.092860
v 0.711182 4.996973 -0.862434
v 1.331755 6.208534 -0.093967
v 1.321205 6.261652 -0.128508
v 1.322516 6.261682 -0.130497
v 1.313883 6.234587 -0.077796
v 1.138937 6.526539 0.044725
v 0.971812 6.499514 -0.310909
v 0.647042 6.710729 -0.672881
v 0.935575 6.741559 -0.261511
v 0.280075 6.323197 -1.018537
v 0.674907 6.457556 -0.702838
v 1.290574 4.133471 -0.725797
v 0.928393 3.925306 -0.968649
v 0.869273 4.289875 -0.941520
v 0.379404 4.125814 -1.135393
v 0.682049 5.256277 -0.828707
v 0.278568 5.248681 -1.039831
v -0.219066 6.952878 1.085994
v -0.309870 6.880153 1.087986
v -0.247332 7.047647 1.057704
v 0.801621 7.068107 0.430284
v 0.847566 7.209369 0.193908
v -1.313177 6.018568 0.188525
v -1.305074 6.062605 0.140825
v -1.301153 6.027769 0.193489
v -1.306024 6.062613 0.140299
v 1.293486 6.100463 0.196618
v 1.223966 6.252375 0.275287
v 1.253989 6.228993 0.185489
v 1.256494 6.090940 0.313809
v -0.626362 6.616038 0.964283
v -0.804755 6.570564 0.803038
v -0.722545 6.707461 0.851652
v -0.717229 6.462295 0.904911
v -0.874338 6.467828 0.745055
v -0.805719 6.333232 0.849443
v 0.872196 6.715390 0.638847
v 0.903415 6.876999 0.387389
v 0.809117 6.827734 0.675576
v 1.162096 3.700992 0.752881
v 1.358326 3.478749 0.622605
v 1.412825 3.661057 0.634085
v -1.116788 6.498226 0.274745
v -1.016035 6.461898 0.526503
v -1.025699 6.298606 0.484305
v -0.169443 6.970029 1.077166
v -0.219066 6.952878 1.085994
v -0.189539 7.071030 1.045426
v -0.169443 6.970029 1.077166
v -0.125665 6.985622 1.068301
v 1.330110 6.160970 -0.017684
v 1.313883 6.234587 -0.077796
v 1.299685 6.221065 -0.003115
v -0.890979 6.225919 0.787578
v -1.025998 6.277774 0.632758
v -0.951173 6.364986 0.694216
v -0.973461 6.138882 0.714923
v -1.097777 6.207757 0.559505
v -1.025998 6.277774 0.632758
v -1.053487 6.070558 0.631126
v 1.076645 6.736071 0.097051
v 0.935575 6.741559 -0.261511
v 1.179404 3.839863 0.773968
v 1.412825 3.661057 0.634085
v 0.496380 7.003046 0.941642
v 0.574807 7.177665 0.748914
v 1.316808 6.123857 0.082884
v 1.253989 6.228993 0.185489
v 1.279088 6.219663 0.088413
v 1.293486 6.100463 0.196618
v -0.007047 3.227006 -1.219539
v 0.383059 3.209583 -1.192305
v -0.007211 3.419872 -1.190005
v 0.432764 3.476841 -1.173298
v -0.951173 6.364986 0.694216
v -0.874338 6.467828 0.745055
v -1.261815 5.893245 0.192164
v -1.131689 5.775177 0.428398
v -1.166479 5.949196 0.376432
v 1.279088 6.219663 0.088413
v 1.299685 6.221065 -0.003115
v 1.316808 6.123857 0.082884
v -1.164236 6.154942 0.473222
v -1.097777 6.207757 0.559505
v -1.140364 6.016693 0.513167
v -0.549155 6.740649 1.007662
v -0.631783 6.859846 0.898544
v -0.397470 3.209644 -1.197366
v -0.447350 3.476907 -1.179004
v 0.101162 7.077389 1.035118
v 0.160669 7.071004 1.047696
v 0.096489 6.985605 1.069737
v 0.140148 6.970007 1.079173
v 0.140148 6.970007 1.079173
v -1.174604 5.992467 0.479619
v -1.119010 6.023716 0.559210
v -1.172210 5.918038 0.491643
v -1.233124 5.920890 0.406226
v -1.174604 5.992467 0.479619
v -1.221268 5.979734 0.401607
v 0.044300 7.073061 1.014170
v 0.045527 6.984333 1.051693
v -0.014212 7.012809 1.010434
v -0.014112 7.048603 0.995534
v -0.014336 6.980038 1.029376
v -0.014212 7.012809 1.010434
v -0.394324 4.125874 -1.140405
v -0.007727 4.502612 -1.099846
v -0.352476 4.550504 -1.097328
v -0.007470 4.056236 -1.137609
v 0.379404 4.125814 -1.135393
v 0.337111 4.550452 -1.092860
v 0.574807 7.177665 0.748914
v 0.801621 7.068107 0.430284
v 0.703181 7.001781 0.721783
v 0.655274 7.291719 0.471478
v 0.586070 6.932929 -0.639528
v 0.867978 6.982103 -0.214989
v -0.419970 3.744368 -1.172648
v -0.007297 3.673215 -1.171739
v -0.008063 4.947526 -1.067776
v 0.294527 4.942702 -1.055304
v 0.405369 3.744303 -1.167294
v -1.054503 5.024917 -0.669423
v -0.801026 4.669866 -0.913974
v -0.729340 4.997087 -0.871770
v -1.128793 4.742361 -0.699506
v -1.225567 4.439587 -0.723113
v -0.886581 4.290007 -0.952902
v 0.948321 3.637794 -0.977862
v 1.352434 3.839894 -0.742541
v 0.928393 3.925306 -0.968649
v 0.405369 3.744303 -1.167294
v 0.948321 3.637794 -0.977862
v 0.432764 3.476841 -1.173298
v -1.285094 6.000521 0.256208
v -1.304029 5.975854 0.251121
v -1.313177 6.018568 0.188525
v 0.253705 6.599224 -0.966017
v 0.586070 6.932929 -0.639528
v 0.191369 6.849187 -0.928105
v 0.647042 6.710729 -0.672881
v -0.306814 4.955116 -1.059272
v -1.215981 6.116179 0.378691
v -1.164236 6.154942 0.473222
v -1.216500 5.996790 0.398925
v 1.349864 3.543367 -0.769395
v 1.566973 3.599859 -0.620988
v 1.528145 3.946981 -0.564828
v 0.328819 6.970206 1.066416
v 0.373776 7.125039 0.953771
v -0.886581 4.290007 -0.952902
v -0.352476 4.550504 -1.097328
v -0.801026 4.669866 -0.913974
v -0.394324 4.125874 -1.140405
v -1.020772 5.276191 -0.616135
v -0.700580 5.256381 -0.837674
v 0.278568 5.248681 -1.039831
v -0.007890 5.299838 -1.048521
v 0.992328 6.957952 0.150132
v 0.867978 6.982103 -0.214989
v -1.128793 4.742361 -0.699506
v -1.206877 4.972480 -0.477736
v -1.272077 4.743988 -0.503229
v -1.054503 5.024917 -0.669423
v -1.359003 4.512311 -0.523329
v -1.225567 4.439587 -0.723113
v -1.453663 4.255946 -0.547034
v -1.310628 4.133675 -0.742657
v -0.294447 5.248725 -1.043546
v -0.700580 5.256381 -0.837674
v -0.306814 4.955116 -1.059272
v -0.294447 5.248725 -1.043546
v -0.729340 4.997087 -0.871770
v -0.007528 5.946977 -1.093367
v 0.273742 5.681770 -1.043874
v 0.280255 5.944863 -1.055906
v -0.007778 5.632524 -1.059956
v 0.277214 5.472948 -1.041425
v -0.007896 5.465257 -1.044427
v -0.459074 6.862278 1.043584
v -0.523889 7.003122 0.935031
v -0.293020 5.472992 -1.045117
v -0.289466 5.681813 -1.047526
v -1.233596 6.102208 -0.122986
v -1.206738 6.073000 0.168742
v -1.200442 5.890372 0.076984
v -0.013212 7.188383 0.856460
v -0.072752 7.073073 1.013405
v -0.070616 7.217314 0.885506
v -0.014112 7.048603 0.995534
v -0.129875 7.077408 1.033618
v -0.136899 7.224612 0.913679
v -1.170643 6.068428 0.366399
v -1.166479 5.949196 0.376432
v -1.240481 6.088763 0.149347
v -1.550271 3.947221 -0.584787
v -1.372339 3.840106 -0.760207
v -0.007484 6.100094 -1.093420
v 0.282807 6.134999 -1.049779
v -0.295765 5.944908 -1.059639
v -0.998050 5.545632 -0.537961
v -0.680463 5.710354 -0.790538
v -0.984046 5.821247 -0.458559
v -0.678002 5.904894 -0.769490
v -0.683382 5.529645 -0.806441
v -1.310628 4.133675 -0.742657
v -0.945436 3.925449 -0.980795
v -0.901583 6.712574 0.618305
v -0.722545 6.707461 0.851652
v -0.804755 6.570564 0.803038
v -0.836936 6.815697 0.650804
v -1.304029 5.975854 0.251121
v -1.258478 5.983979 0.326415
v -1.277871 5.942245 0.324822
v -1.172499 5.189558 -0.412639
v -1.206877 4.972480 -0.477736
v -1.020772 5.276191 -0.616135
v -0.989259 6.098682 -0.396916
v -0.689776 6.167393 -0.742760
v -0.678002 5.904894 -0.769490
v -0.298321 6.135040 -1.053541
v -0.689776 6.167393 -0.742760
v -0.295765 5.944908 -1.059639
v -0.289466 5.681813 -1.047526
v -0.680463 5.710354 -0.790538
v -0.683382 5.529645 -0.806441
v -0.293020 5.472992 -1.045117
v -1.277871 5.942245 0.324822
v -1.221268 5.979734 0.401607
v -1.007379 6.305370 -0.360889
v -0.694753 6.457658 -0.711718
v -0.996613 6.499663 -0.323673
v -0.949663 6.598679 0.582700
v -0.905446 6.422778 0.758319
v -0.631783 6.859846 0.898544
v -0.737662 6.986683 0.695258
v 0.958106 3.456904 -0.981088
v 1.349864 3.543367 -0.769395
v -1.275602 6.001655 0.282953
v -1.215981 6.116179 0.378691
v -1.259312 6.097597 0.279093
v -0.295634 6.323243 -1.022265
v -0.694753 6.457658 -0.711718
v -1.354851 6.115635 0.010149
v -1.348948 6.165679 -0.026248
v -1.340626 6.134023 0.021527
v -1.350080 6.164156 -0.027578
v -1.080696 6.217911 0.603080
v -1.168179 6.329282 0.399476
v -1.118885 6.391649 0.467565
v -1.156932 6.148205 0.509520
v -0.995814 6.309430 0.686851
v -1.118885 6.391649 0.467565
v -1.016035 6.461898 0.526503
v -1.080696 6.217911 0.603080
v -0.298321 6.135040 -1.053541
v -0.007310 3.040835 -1.181480
v -0.290452 3.005542 -1.200389
v -0.163664 2.838436 -1.194286
v -0.007348 2.876853 -1.178594
v -0.007290 2.693012 -1.191110
v -0.945436 3.925449 -0.980795
v -0.419970 3.744368 -1.172648
v -0.965314 3.637942 -0.990266
v -0.447350 3.476907 -1.179004
v -1.042211 6.678344 0.328473
v -0.949663 6.598679 0.582700
v -0.007441 6.249875 -1.077823
v 0.280075 6.323197 -1.018537
v -0.070616 7.217314 0.885506
v -0.091318 7.396364 0.706202
v -0.013212 7.188383 0.856460
v -0.015072 7.370536 0.676170
v -0.182090 7.416071 0.732043
v -0.136899 7.224612 0.913679
v -1.016035 6.461898 0.526503
v -0.995814 6.309430 0.686851
v -1.233596 6.102208 -0.122986
v -0.989259 6.098682 -0.396916
v -1.007379 6.305370 -0.360889
v -1.194502 6.195975 -0.085175
v -1.172809 6.315928 -0.041148
v -0.984046 5.821247 -0.458559
v -1.209739 5.703571 -0.146585
v -1.189513 5.433950 -0.314662
v -0.998050 5.545632 -0.537961
v -1.172499 5.189558 -0.412639
v 0.149146 2.838412 -1.192258
v 0.276043 3.005499 -1.196717
v 0.149146 2.838412 -1.192258
v -0.007553 6.538210 -1.021616
v 0.253705 6.599224 -0.966017
v -1.317858 6.028063 0.174320
v -1.259312 6.097597 0.279093
v -1.295314 6.097550 0.181069
v -1.209808 6.287034 0.330610
v -1.168179 6.329282 0.399476
v -1.224340 6.101815 0.408118
v -1.276166 6.091132 0.297390
v -1.209808 6.287034 0.330610
v -1.243113 6.252565 0.259296
v -1.322318 6.111283 0.092629
v -1.343791 6.068163 0.080739
v -1.354851 6.115635 0.010149
v -0.207575 6.849218 -0.930689
v -0.008297 6.947694 -0.898110
v -0.130809 7.009475 -0.892823
v -0.008239 6.799445 -0.912377
v -0.008835 7.130373 -0.808940
v 0.847566 7.209369 0.193908
v 0.746431 7.234916 -0.161494
v -0.667215 6.710830 -0.681406
v -0.960951 6.741704 -0.273804
v -1.372339 3.840106 -0.760207
v -0.965314 3.637942 -0.990266
v -0.996613 6.499663 -0.323673
v -1.153248 6.520817 0.011517
v -0.295634 6.323243 -1.022265
v -1.343791 6.068163 0.080739
v -1.295314 6.097550 0.181069
v -0.901583 6.712574 0.618305
v -0.949061 6.860063 0.379550
v -0.836936 6.815697 0.650804
v -1.335203 6.261857 -0.145730
v -1.346204 6.208741 -0.111324
v -1.336490 6.261887 -0.147731
v -1.328532 6.234791 -0.094926
v 0.483687 7.144372 -0.612034
v 0.114167 7.009455 -0.891236
v -1.169068 6.313353 0.227750
v -1.172809 6.315928 -0.041148
v -1.153248 6.520817 0.011517
v -1.116788 6.498226 0.274745
v -1.206738 6.073000 0.168742
v -1.194502 6.195975 -0.085175
v -0.357938 6.970258 1.061965
v -0.401420 7.125095 0.948747
v -1.097535 6.730184 0.074567
v -0.949061 6.860063 0.379550
v -1.042211 6.678344 0.328473
v -1.017063 6.950426 0.134171
v 0.475708 7.453697 0.498346
v 0.505274 7.553376 0.250186
v 0.655274 7.291719 0.471478
v 0.688612 7.409937 0.224908
v 0.191369 6.849187 -0.928105
v 0.114167 7.009455 -0.891236
v -0.606620 6.933018 -0.647258
v -0.269481 6.599268 -0.969406
v -0.207575 6.849218 -0.930689
v -0.667215 6.710830 -0.681406
v -0.523889 7.003122 0.935031
v -0.594229 7.181012 0.730643
v -0.269481 6.599268 -0.969406
v 0.218296 7.047608 1.060727
v 0.242423 7.204067 0.942797
v 0.101162 7.077389 1.035118
v 0.043825 7.217307 0.886254
v 0.109747 7.224592 0.915277
v 0.044300 7.073061 1.014170
v -0.013212 7.188383 0.856460
v -0.014112 7.048603 0.995534
v -1.588455 3.600106 -0.641442
v -1.369497 3.543579 -0.787025
v -0.841520 7.046595 0.419006
v -0.737662 6.986683 0.695258
v 0.939933 3.449169 -0.981550
v 0.445951 3.383901 -1.163554
v 0.948321 3.637794 -0.977862
v 1.445444 2.967817 0.659997
v 1.488480 2.964610 0.667767
v 1.496927 2.942676 0.685864
v -1.311662 6.100664 0.179728
v -1.243113 6.252565 0.259296
v -1.271996 6.229190 0.169113
v -1.345541 6.161178 -0.035029
v -1.346204 6.208741 -0.111324
v -1.315290 6.221266 -0.020069
v -0.841520 7.046595 0.419006
v -0.873245 7.200277 0.179322
v 0.422603 7.316789 0.752372
v 0.373776 7.125039 0.953771
v 0.240414 7.397324 0.744858
v 0.242423 7.204067 0.942797
v -1.369497 3.543579 -0.787025
v -0.975099 3.457053 -0.993619
v -0.960951 6.741704 -0.273804
v -1.097535 6.730184 0.074567
v -1.333531 6.124061 0.065702
v -1.271996 6.229190 0.169113
v -1.295860 6.219860 0.071722
v -1.345541 6.161178 -0.035029
v -1.295860 6.219860 0.071722
v -0.606620 6.933018 -0.647258
v -0.893895 6.982236 -0.226407
v 1.578946 2.987563 0.683556
v 1.488480 2.964610 0.667767
v 0.475708 7.453697 0.498346
v 0.422603 7.316789 0.752372
v 0.944969 3.288076 -0.964544
v 1.231289 3.253630 -0.835997
v 0.958106 3.456904 -0.981088
v 0.043825 7.217307 0.886254
v 0.060417 7.384115 0.698879
v 0.144507 7.413094 0.725026
v 0.109747 7.224592 0.915277
v -0.013212 7.188383 0.856460
v -0.015072 7.370536 0.676170
v -0.269919 7.204105 0.939472
v -0.189539 7.071030 1.045426
v -0.247332 7.047647 1.057704
v -0.201639 7.224423 0.926038
v -0.594229 7.181012 0.730643
v -0.669960 7.294911 0.462764
v 0.160669 7.071004 1.047696
v 0.174324 7.224390 0.928477
v -0.401420 7.125095 0.948747
v -0.447780 7.324594 0.747103
v -0.893895 6.982236 -0.226407
v -1.017063 6.950426 0.134171
v -0.090736 7.607756 0.233223
v -0.007798 7.487019 0.442105
v -0.112884 7.535955 0.478608
v -0.007068 7.572544 0.209630
v -0.504542 7.144445 -0.618441
v -0.130809 7.009475 -0.892823
v -0.956923 3.449320 -0.993842
v -0.447350 3.476907 -1.179004
v -0.460683 3.383970 -1.169432
v 0.891775 3.297661 -0.984920
v 0.445951 3.383901 -1.163554
v 0.459238 3.292510 -1.153783
v 0.939933 3.449169 -0.981550
v 0.454062 3.142170 -1.132584
v 0.769447 3.089419 -1.020661
v 0.459238 3.292510 -1.153783
v 0.891775 3.297661 -0.984920
v -0.283434 7.409706 0.743786
v -0.201639 7.224423 0.926038
v -0.269919 7.204105 0.939472
v 0.286840 7.617115 -0.074587
v 0.176402 7.478433 -0.511794
v 0.425613 7.563151 -0.085297
v 0.082358 7.504192 -0.477219
v 0.151471 7.629324 -0.064631
v 0.343535 7.341697 -0.570330
v 0.597646 7.430960 -0.137896
v 0.746431 7.234916 -0.161494
v 0.483687 7.144372 -0.612034
v 1.310861 3.352955 -0.757234
v 1.502462 3.306548 -0.655063
v 1.349864 3.543367 -0.769395
v 1.566973 3.599859 -0.620988
v 0.174324 7.224390 0.928477
v 0.688612 7.409937 0.224908
v 0.597646 7.430960 -0.137896
v 0.505274 7.553376 0.250186
v 0.425613 7.563151 -0.085297
v -0.669960 7.294911 0.462764
v -0.701489 7.411599 0.215854
v -0.517703 7.558094 0.243542
v -0.483875 7.466131 0.492207
v 0.383059 3.209583 -1.192305
v -0.290452 3.005542 -1.200389
v 0.343535 7.341697 -0.570330
v -0.009753 7.301666 -0.683694
v -0.008835 7.130373 -0.808940
v 0.176402 7.478433 -0.511794
v -0.772978 7.235029 -0.171342
v -0.873245 7.200277 0.179322
v -1.250154 3.253822 -0.852082
v -0.975099 3.457053 -0.993619
v -0.962214 3.288224 -0.976906
v -0.112884 7.535955 0.478608
v -0.015072 7.370536 0.676170
v -0.091318 7.396364 0.706202
v -0.007798 7.487019 0.442105
v -0.203674 7.555798 0.494771
v -0.182090 7.416071 0.732043
v -0.294412 7.549500 0.502139
v -0.283434 7.409706 0.743786
v 0.079068 7.526737 0.474188
v -0.015072 7.370536 0.676170
v -0.007798 7.487019 0.442105
v 0.060417 7.384115 0.698879
v -0.447780 7.324594 0.747103
v -0.483875 7.466131 0.492207
v 0.061150 7.603174 0.229091
v -0.007798 7.487019 0.442105
v -0.007068 7.572544 0.209630
v 0.079068 7.526737 0.474188
v -0.908762 3.297802 -0.996593
v -0.460683 3.383970 -1.169432
v -0.474112 3.292582 -1.159832
v 0.281025 7.540182 0.505864
v 0.240414 7.397324 0.744858
v -0.786038 3.089540 -1.030742
v -0.474112 3.292582 -1.159832
v -0.469244 3.142245 -1.138570
v -0.364881 7.341750 -0.574928
v -0.198482 7.478461 -0.514227
v 0.424213 3.004206 -1.112063
v 0.621264 2.950778 -1.056118
v 0.454062 3.142170 -1.132584
v 0.769447 3.089419 -1.020661
v 0.359293 2.829107 -1.089865
v 0.621264 2.950778 -1.056118
v 0.182218 7.546505 0.496611
v 0.144507 7.413094 0.725026
v -0.196180 7.633833 0.247016
v -0.203674 7.555798 0.494771
v -0.624460 7.431052 -0.145818
v -0.701489 7.411599 0.215854
v -1.523593 3.306782 -0.674677
v -1.369497 3.543579 -0.787025
v -1.330698 3.353159 -0.774358
v -0.011496 7.485076 -0.441169
v -0.052168 7.502330 -0.457025
v -0.104879 7.504201 -0.478431
v 0.281025 7.540182 0.505864
v 0.311046 7.624435 0.254852
v -0.198482 7.478461 -0.514227
v -0.314441 7.617162 -0.078484
v -0.453079 7.563218 -0.090992
v -0.104879 7.504201 -0.478431
v -0.179206 7.629353 -0.066772
v -0.364881 7.341750 -0.574928
v -0.624460 7.431052 -0.145818
v -0.772978 7.235029 -0.171342
v -0.504542 7.144445 -0.618441
v -0.013819 7.578439 -0.074179
v -0.007068 7.572544 0.209630
v -0.080764 7.613905 -0.067142
v -0.090736 7.607756 0.233223
v -0.179206 7.629353 -0.066772
v -0.196180 7.633833 0.247016
v -0.637447 2.950873 -1.064280
v -0.469244 3.142245 -1.138570
v -0.439691 3.004275 -1.117665
v -0.439691 3.004275 -1.117665
v -0.375099 2.829167 -1.094631
v 0.029378 7.502326 -0.456494
v -0.011496 7.485076 -0.441169
v 0.082358 7.504192 -0.477219
v -0.011496 7.485076 -0.441169
v -0.080764 7.613905 -0.067142
v -0.052168 7.502330 -0.457025
v -0.013819 7.578439 -0.074179
v 1.231289 3.253630 -0.835997
v 1.057298 3.064018 -0.876313
v 0.886503 3.103706 -0.943326
v 0.814067 2.946846 -0.900236
v 1.057298 3.064018 -0.876313
v 0.182218 7.546505 0.496611
v 0.173406 7.630712 0.249436
v 1.502462 3.306548 -0.655063
v 1.375025 3.124262 -0.669102
v 1.253871 3.173032 -0.722818
v 1.172743 3.002120 -0.671216
v 1.375025 3.124262 -0.669102
v 0.061150 7.603174 0.229091
v 0.053037 7.613892 -0.066272
v 0.151471 7.629324 -0.064631
v 0.173406 7.630712 0.249436
v -0.007068 7.572544 0.209630
v -0.013819 7.578439 -0.074179
v -0.453079 7.563218 -0.090992
v -0.517703 7.558094 0.243542
v -0.328567 7.627592 0.250694
v -0.294412 7.549500 0.502139
v 0.029378 7.502326 -0.456494
v 0.053037 7.613892 -0.066272
v -0.011496 7.485076 -0.441169
v -0.013819 7.578439 -0.074179
v 0.311046 7.624435 0.254852
v 0.286840 7.617115 -0.074587
v -1.075707 3.064183 -0.890140
v -0.962214 3.288224 -0.976906
v -0.904066 3.103846 -0.954935
v -0.904066 3.103846 -0.954935
v -0.832221 2.946975 -0.910908
v -1.330698 3.353159 -0.774358
v -1.396030 3.124474 -0.687065
v -1.274193 3.173229 -0.739207
v -1.274193 3.173229 -0.739207
v -1.193769 3.002304 -0.686559
v -0.314441 7.617162 -0.078484
v -0.328567 7.627592 0.250694
vn -0.4724 -0.4518 -0.7568
vn -0.2298 -0.2911 -0.9287
vn -0.2159 -0.3858 -0.8970
vn 0.4820 -0.4519 -0.7507
vn 0.2273 -0.3859 -0.8941
vn 0.2416 -0.2911 -0.9257
vn 0.4977 -0.4388 -0.7482
vn 0.2514 -0.4612 -0.8510
vn 0.2923 -0.3232 -0.9000
vn -0.5216 -0.4488 -0.7256
vn -0.5331 -0.1964 -0.8230
vn -0.3108 -0.3630 -0.8784
vn -0.6432 -0.2166 -0.7344
vn -0.2479 -0.4889 -0.8364
vn -0.4881 -0.4388 -0.7545
vn -0.4115 -0.1939 -0.8905
vn -0.2808 -0.3232 -0.9037
vn -0.6174 -0.1953 -0.7621
vn -0.2405 -0.4612 -0.8541
vn -0.3482 -0.2271 -0.9095
vn -0.5685 -0.2702 -0.7770
vn 0.5435 -0.1965 -0.8161
vn 0.5308 -0.4489 -0.7189
vn 0.3220 -0.3631 -0.8743
vn 0.6525 -0.2168 -0.7261
vn 0.2586 -0.4889 -0.8331
vn -0.2881 -0.2277 -0.9301
vn 0.0062 -0.2444 -0.9696
vn 0.0061 -0.3364 -0.9417
vn 0.4229 -0.1940 -0.8852
vn 0.6270 -0.1954 -0.7541
vn 0.3598 -0.2272 -0.9049
vn 0.5784 -0.2703 -0.7697
vn 0.3000 -0.2277 -0.9264
vn -0.7911 0.0212 -0.6113
vn -0.5688 0.0252 -0.8221
vn -0.3876 -0.1229 -0.9136
vn -0.5797 -0.1500 -0.8009
vn -0.3678 0.8397 -0.3995
vn -0.2125 0.9638 -0.1612
vn -0.0597 0.9473 -0.3147
vn -0.4423 0.8656 -0.2347
vn -0.2614 0.9645 -0.0375
vn 0.0542 0.9984 0.0134
vn 0.0738 0.9896 -0.1234
vn -0.5171 0.8542 -0.0545
vn -0.4830 0.8258 0.2912
vn -0.2095 0.9723 0.1038
vn -0.5002 0.8536 0.1456
vn -0.1715 0.9194 0.3540
vn -0.2807 -0.3231 -0.9038
vn -0.1358 -0.2425 -0.9606
vn -0.2405 -0.4611 -0.8541
vn -0.0720 0.9896 -0.1243
vn -0.0723 0.9974 0.0053
vn 0.2147 0.9637 -0.1585
vn 0.2306 0.9730 -0.0049
vn -0.2614 0.9645 -0.0374
vn -0.2095 0.9723 0.1039
vn 0.2148 0.9637 -0.1585
vn 0.0639 0.9473 -0.3139
vn -0.0720 0.9896 -0.1242
vn -0.1706 0.9496 -0.2629
vn 0.0738 0.9896 -0.1233
vn 0.1741 0.9496 -0.2606
vn 0.0542 0.9984 0.0135
vn 0.0949 0.9944 0.0470
vn -0.3335 0.9424 0.0273
vn -0.3125 0.9439 -0.1067
vn -0.3865 0.8904 -0.2404
vn 0.0008 0.7188 -0.6952
vn 0.0749 0.8733 -0.4814
vn 0.2041 0.8124 -0.5463
vn -0.2046 0.7981 -0.5667
vn 0.2922 -0.3232 -0.9001
vn 0.2513 -0.4611 -0.8510
vn 0.1481 -0.2425 -0.9588
vn -0.1970 0.8123 -0.5490
vn -0.3050 0.8631 -0.4026
vn -0.0686 0.8733 -0.4823
vn -0.0723 0.9974 0.0054
vn -0.1031 0.9893 0.1036
vn 0.2008 0.9760 0.0838
vn -0.3865 0.8904 -0.2405
vn -0.0596 0.9473 -0.3148
vn 0.0750 0.8733 -0.4814
vn 0.1741 0.9496 -0.2607
vn -0.3678 0.8397 -0.3996
vn 0.0639 0.9473 -0.3140
vn 0.2121 0.7981 -0.5639
vn 0.3731 0.8396 -0.3948
vn 0.0083 0.7188 -0.6952
vn -0.1969 0.8123 -0.5490
vn 0.1436 0.9206 0.3632
vn 0.4313 0.8652 0.2556
vn 0.3672 0.9231 0.1140
vn -0.5777 0.6729 -0.4621
vn -0.6238 0.7177 -0.3095
vn -0.4604 -0.0425 -0.8867
vn -0.5166 -0.0269 -0.8558
vn 0.3269 0.9450 0.0094
vn 0.3140 0.9439 -0.1027
vn 0.3897 0.8903 -0.2354
vn -0.2208 0.9075 0.3574
vn -0.1995 0.8463 0.4940
vn 0.0765 0.8688 0.4893
vn 0.1150 0.9097 0.3990
vn 0.0063 -0.1448 -0.9894
vn -0.2881 -0.2276 -0.9302
vn -0.2469 -0.1274 -0.9606
vn 0.0062 -0.2444 -0.9697
vn -0.2093 0.6030 -0.7698
vn -0.4655 0.6319 -0.6197
vn 0.4454 0.8656 -0.2290
vn 0.4884 0.8655 -0.1113
vn -0.4700 0.7470 0.4702
vn -0.5369 0.7273 0.4275
vn 0.0750 0.8733 -0.4813
vn 0.3103 0.8631 -0.3985
vn 0.3103 0.8630 -0.3986
vn 0.3897 0.8903 -0.2355
vn 0.4869 0.8657 0.1163
vn 0.4884 0.8655 -0.1112
vn -0.2621 0.8138 0.5187
vn 0.0413 0.8652 0.4998
vn -0.3616 0.7765 0.5161
vn 0.0393 0.8651 0.5000
vn -0.3649 0.9182 0.1545
vn -0.5776 0.6729 -0.4622
vn -0.6950 0.6998 0.1651
vn -0.6537 0.7541 -0.0627
vn -0.7081 0.6197 0.3385
vn -0.6950 0.6998 0.1650
vn -0.4000 0.8329 0.3824
vn -0.3886 0.8165 0.4270
vn -0.1112 0.9031 0.4148
vn -0.1312 0.8426 0.5224
vn -0.7814 0.6142 -0.1103
vn -0.7565 0.5396 -0.3696
vn -0.1251 0.9402 0.3169
vn 0.1908 0.8817 0.4316
vn 0.5021 0.8210 0.2718
vn 0.7027 0.7046 0.0987
vn 0.7205 0.5808 0.3789
vn -0.3766 -0.0688 -0.9238
vn -0.5477 -0.0607 -0.8345
vn -0.4652 0.8643 0.1912
vn -0.5384 0.8157 0.2115
vn -0.3649 0.9182 0.1544
vn -0.4264 0.8591 0.2830
vn 0.3993 -0.1230 -0.9085
vn 0.5899 -0.1501 -0.7934
vn 0.2594 -0.1275 -0.9573
vn -0.0708 0.8644 0.4978
vn 0.2360 0.8321 0.5019
vn -0.0692 0.8669 0.4936
vn 0.3318 0.7993 0.5011
vn -0.4738 0.8800 -0.0341
vn -0.4702 0.8797 -0.0709
vn 0.3672 0.9231 0.1141
vn 0.3269 0.9450 0.0095
vn -0.4682 0.8010 -0.3731
vn 0.4738 0.6319 -0.6133
vn 0.2195 0.6031 -0.7669
vn 0.7989 0.0211 -0.6011
vn 0.5792 0.0251 -0.8148
vn -0.5120 0.6963 0.5030
vn -0.5651 0.6582 0.4975
vn 0.4182 0.7919 0.4450
vn 0.4026 0.8303 0.3853
vn -0.4844 0.8446 -0.2282
vn -0.4843 0.8446 -0.2281
vn -0.1430 0.7514 0.6442
vn -0.1602 0.6793 0.7162
vn 0.0906 0.7050 0.7034
vn 0.1892 0.7635 0.6175
vn 0.2496 0.7300 0.6362
vn -0.4897 0.6489 0.5823
vn -0.4420 0.5860 0.6792
vn -0.0853 0.7280 0.6802
vn 0.1537 0.7095 0.6877
vn 0.1399 0.7724 0.6196
vn -0.3108 -0.3630 -0.8785
vn -0.2388 -0.1888 -0.9525
vn -0.1350 -0.2892 -0.9477
vn -0.5330 -0.1964 -0.8230
vn -0.2479 -0.4888 -0.8364
vn -0.2308 0.8140 0.5330
vn -0.2813 0.7034 0.6527
vn -0.3374 0.8230 0.4570
vn -0.4107 0.8069 0.4246
vn 0.6279 0.7176 -0.3014
vn 0.5837 0.6728 -0.4546
vn 0.5837 0.6727 -0.4547
vn 0.4737 0.6319 -0.6134
vn -0.6815 0.4900 -0.5436
vn 0.0055 0.5203 -0.8540
vn 0.0056 0.4881 -0.8728
vn -0.1492 0.4182 -0.8960
vn -0.8353 0.5294 0.1481
vn -0.7814 0.6142 -0.1102
vn 0.4717 -0.0426 -0.8807
vn 0.5275 -0.0270 -0.8491
vn 0.1609 0.4182 -0.8940
vn 0.2185 0.8993 0.3789
vn 0.4449 0.7424 0.5009
vn 0.5156 0.7150 0.4722
vn 0.2008 0.8290 0.5220
vn 0.6734 0.5948 0.4390
vn 0.7474 0.5217 0.4114
vn 0.2510 -0.1889 -0.9494
vn 0.3220 -0.3630 -0.8744
vn 0.1471 -0.2892 -0.9459
vn 0.5434 -0.1965 -0.8161
vn 0.2585 -0.4889 -0.8332
vn -0.1715 0.9194 0.3541
vn 0.3574 0.8191 0.4487
vn 0.4768 0.7799 0.4055
vn -0.4738 0.8800 -0.0340
vn 0.4840 0.7210 0.4959
vn 0.5433 0.6798 0.4926
vn -0.2297 -0.2911 -0.9287
vn -0.0907 -0.1405 -0.9859
vn -0.0551 -0.1554 -0.9863
vn -0.2158 -0.3858 -0.8970
vn -0.4806 0.4357 -0.7610
vn -0.5582 0.4730 -0.6817
vn 0.1151 0.9097 0.3991
vn 0.6462 0.7615 -0.0495
vn -0.6634 0.5702 0.4846
vn -0.6616 0.5679 0.4896
vn -0.6814 0.4900 -0.5437
vn -0.1112 0.9031 0.4149
vn 0.1907 0.8817 0.4316
vn -0.1251 0.9401 0.3170
vn 0.0065 -0.0456 -0.9989
vn -0.2330 -0.0175 -0.9723
vn 0.1033 -0.1405 -0.9847
vn 0.0679 -0.1554 -0.9855
vn 0.3598 -0.2272 -0.9050
vn 0.2273 -0.3858 -0.8941
vn 0.4525 0.8806 -0.1407
vn 0.4712 0.8796 -0.0649
vn -0.4611 0.0422 -0.8863
vn -0.5505 0.1169 -0.8266
vn -0.1785 -0.1374 -0.9743
vn -0.4115 -0.1939 -0.8906
vn 0.4778 0.8069 -0.3474
vn -0.8353 0.5294 0.1482
vn -0.8164 0.4222 0.3941
vn -0.1399 -0.1018 -0.9849
vn -0.3875 -0.1229 -0.9136
vn 0.3884 -0.0689 -0.9189
vn 0.5584 -0.0608 -0.8274
vn -0.6906 0.5819 0.4296
vn -0.7491 0.5437 0.3784
vn -0.7922 0.4689 0.3906
vn -0.8313 0.4447 0.3334
vn 0.7781 0.6136 -0.1343
vn 0.6278 0.7176 -0.3014
vn 0.6462 0.7615 -0.0496
vn 0.7613 0.5394 -0.3599
vn 0.4632 0.7881 -0.4054
vn -0.5339 0.7475 0.3952
vn -0.5591 0.7820 0.2757
vn -0.3897 0.7352 0.5547
vn -0.4522 0.6671 0.5921
vn -0.6284 0.4613 0.6263
vn -0.6800 0.5158 0.5211
vn -0.2703 0.6374 0.7216
vn -0.1914 0.6506 0.7349
vn -0.0596 0.6560 0.7524
vn -0.0418 0.6172 0.7857
vn 0.4934 0.8693 -0.0302
vn -0.4759 0.7824 0.4016
vn -0.4885 0.7900 0.3705
vn -0.8825 0.4352 -0.1784
vn -0.8187 0.4012 -0.4108
vn 0.0083 0.7187 -0.6952
vn -0.5165 -0.0269 -0.8559
vn -0.5687 0.0253 -0.8222
vn 0.1525 -0.1019 -0.9830
vn 0.3992 -0.1230 -0.9086
vn 0.1910 -0.1375 -0.9719
vn 0.4228 -0.1939 -0.8852
vn 0.0501 0.6560 0.7531
vn 0.0319 0.6172 0.7862
vn 0.1820 0.6506 0.7373
vn 0.2521 0.6346 0.7306
vn -0.3574 0.0070 -0.9339
vn -0.3925 0.0285 -0.9193
vn -0.9063 0.4011 0.1334
vn -0.8188 0.4012 -0.4107
vn -0.7616 0.3717 -0.5308
vn -0.4897 0.6489 0.5824
vn -0.1430 0.7513 0.6442
vn -0.4699 0.7470 0.4703
vn -0.1995 0.8462 0.4940
vn -0.4222 0.7035 0.5717
vn -0.5034 0.6206 0.6012
vn -0.4064 0.5006 0.7644
vn -0.2002 0.6315 0.7491
vn -0.4165 0.4904 0.7655
vn -0.1295 0.5536 0.8227
vn -0.5892 0.3838 0.7110
vn -0.5736 0.3217 0.7534
vn -0.4264 0.8591 0.2831
vn -0.4000 0.8329 0.3825
vn 0.4617 0.8707 0.1697
vn 0.4955 0.8568 0.1425
vn 0.4206 0.7409 0.5236
vn 0.4492 0.6158 0.6474
vn 0.2455 -0.0175 -0.9692
vn -0.4805 0.4357 -0.7611
vn -0.7333 0.4930 0.4683
vn -0.7558 0.4637 0.4624
vn -0.4042 0.5942 0.6953
vn -0.5062 0.5998 0.6197
vn 0.2194 0.6031 -0.7669
vn 0.4909 0.4358 -0.7544
vn -0.1627 -0.0691 -0.9843
vn -0.3765 -0.0688 -0.9238
vn 0.0008 0.7188 -0.6953
vn 0.4857 0.6874 0.5401
vn 0.3862 0.5767 0.7200
vn 0.6153 0.4849 0.6215
vn 0.6725 0.5088 0.5375
vn 0.2041 0.8123 -0.5463
vn -0.6047 0.3528 -0.7141
vn -0.5193 0.3041 -0.7987
vn -0.0499 -0.4677 0.8825
vn -0.0132 -0.2313 0.9728
vn -0.0696 -0.2261 0.9716
vn 0.0915 -0.4542 0.8862
vn -0.2427 -0.0396 -0.9693
vn -0.4603 -0.0425 -0.8868
vn 0.2518 -0.3795 0.8902
vn 0.0667 -0.2154 0.9742
vn -0.1932 0.0164 -0.9810
vn -0.3573 0.0070 -0.9340
vn 0.0765 0.8687 0.4894
vn 0.1892 0.7634 0.6176
vn -0.6543 0.1893 -0.7321
vn -0.8501 0.2621 -0.4568
vn -0.1313 0.8425 0.5224
vn -0.2308 0.8140 0.5331
vn 0.1399 0.7723 0.6197
vn 0.2007 0.8289 0.5221
vn -0.8460 0.3785 0.3755
vn -0.8811 0.4062 0.2424
vn 0.6667 0.5770 0.4718
vn 0.6674 0.5772 0.4705
vn -0.8667 0.3360 0.3686
vn 0.4026 0.8303 0.3854
vn 0.4313 0.8652 0.2557
vn -0.7081 0.6197 0.3386
vn -0.7491 0.5437 0.3785
vn 0.5244 0.8480 0.0767
vn 0.4241 0.8877 0.1791
vn -0.2720 0.2851 -0.9191
vn -0.5192 0.3041 -0.7987
vn 0.1753 -0.0691 -0.9821
vn 0.3883 -0.0689 -0.9189
vn -0.7699 0.4084 0.4903
vn -0.7239 0.3429 0.5986
vn 0.7781 0.6136 -0.1342
vn 0.8404 0.5325 0.1008
vn 0.5672 0.4730 -0.6742
vn 0.6884 0.4899 -0.5349
vn 0.0062 0.2618 -0.9651
vn -0.2719 0.2850 -0.9191
vn 0.5673 0.4730 -0.6742
vn -0.1769 -0.4399 0.8804
vn -0.1512 -0.1881 0.9704
vn -0.9420 0.3356 -0.0083
vn -0.8985 0.3048 0.3160
vn -0.9490 0.2553 0.1848
vn -0.9451 0.2499 -0.2105
vn -0.7946 0.4044 0.4529
vn -0.8114 0.3992 0.4270
vn 0.5275 -0.0270 -0.8492
vn -0.8144 0.4969 0.2998
vn -0.9149 0.3530 0.1960
vn -0.9685 0.2197 0.1172
vn -0.6908 0.5893 0.4190
vn 0.6885 0.4899 -0.5348
vn 0.2058 0.0164 -0.9785
vn 0.3693 0.0070 -0.9293
vn 0.4449 0.7424 0.5010
vn 0.4857 0.6873 0.5401
vn -0.6906 0.5818 0.4297
vn -0.9004 0.3047 -0.3105
vn -0.7616 0.3717 -0.5309
vn -0.7579 0.2522 -0.6017
vn -0.6498 0.2282 -0.7250
vn -0.8709 0.3299 0.3643
vn -0.9030 0.3277 0.2778
vn -0.8748 0.2384 0.4217
vn -0.9004 0.3047 -0.3106
vn -0.8443 0.2821 -0.4556
vn 0.2551 -0.0396 -0.9661
vn 0.4716 -0.0426 -0.8808
vn 0.3954 0.5941 0.7005
vn 0.5073 0.5877 0.6302
vn -0.3375 0.0754 -0.9383
vn -0.3774 0.0951 -0.9212
vn -0.8463 0.3631 0.3898
vn -0.8620 0.3791 0.3365
vn -0.8845 0.4241 0.1945
vn -0.9774 0.1553 0.1434
vn -0.8943 0.3355 0.2959
vn -0.9052 0.3487 0.2430
vn -0.9338 0.2956 0.2017
vn -0.9418 0.3013 0.1487
vn 0.1907 0.6314 0.7516
vn 0.3966 0.5005 0.7696
vn 0.4068 0.4903 0.7708
vn 0.1190 0.5536 0.8242
vn 0.5801 0.3837 0.7185
vn 0.5639 0.3216 0.7607
vn -0.3886 0.8165 0.4271
vn -0.8443 0.2821 -0.4555
vn -0.7579 0.2522 -0.6016
vn -0.9327 0.3034 0.1951
vn -0.8538 0.4930 0.1672
vn -0.8270 0.5414 0.1516
vn -0.9302 0.2558 0.2631
vn -0.9451 0.2499 -0.2104
vn -0.9017 0.2375 -0.3612
vn -0.8627 0.4535 0.2236
vn -0.8969 0.1952 0.3968
vn -0.4733 0.1354 -0.8705
vn -0.5978 0.2029 -0.7755
vn 0.3953 -0.1888 0.8989
vn 0.4035 -0.1559 0.9016
vn 0.6023 -0.2185 0.7678
vn 0.6082 -0.2033 0.7673
vn -0.9020 0.3941 0.1765
vn -0.8070 0.5682 0.1613
vn 0.4725 0.0421 -0.8803
vn 0.5611 0.1168 -0.8195
vn 0.2840 0.2851 -0.9155
vn -0.8076 0.4594 0.3696
vn -0.9612 0.2143 0.1738
vn -0.9500 0.2028 0.2376
vn -0.9750 0.1732 0.1390
vn -0.8872 0.2650 -0.3778
vn -0.9349 0.2159 -0.2817
vn -0.9684 0.2367 0.0785
vn -0.9608 0.2636 0.0855
vn -0.9020 0.3940 0.1765
vn -0.9788 0.0973 0.1801
vn -0.5905 0.2025 -0.7813
vn -0.9440 0.2439 -0.2220
vn -0.9450 -0.0885 0.3148
vn -0.8939 0.2900 -0.3419
vn -0.9628 0.1437 0.2288
vn 0.5465 0.8173 0.1826
vn 0.5549 0.7284 0.4018
vn -0.5591 0.7819 0.2757
vn -0.4223 0.7034 0.5717
vn -0.8150 0.5741 0.0791
vn -0.8694 0.4750 0.1360
vn -0.8601 0.3240 0.3940
vn -0.8680 0.2659 0.4193
vn -0.8119 0.2787 0.5130
vn -0.8111 0.4528 0.3702
vn -0.8627 0.4220 0.2786
vn -0.8633 0.2083 0.4597
vn -0.5885 0.5570 0.5860
vn -0.5264 0.5701 0.6307
vn -0.8084 0.3345 0.4843
vn -0.7510 0.2721 0.6017
vn 0.2840 0.2851 -0.9154
vn 0.5300 0.3041 -0.7916
vn 0.4043 0.0285 -0.9142
vn -0.9203 0.3437 -0.1870
vn -0.5384 0.8157 0.2116
vn -0.5339 0.7475 0.3953
vn -0.9095 0.1687 0.3800
vn -0.9147 0.1923 0.3556
vn -0.8817 0.3898 0.2660
vn -0.8361 0.2931 0.4636
vn -0.8579 0.2043 -0.4715
vn -0.9203 0.3437 -0.1869
vn -0.9349 0.2159 -0.2816
vn -0.9440 0.2439 -0.2221
vn -0.7770 0.0908 -0.6230
vn 0.8185 0.3999 0.4125
vn 0.0065 0.0521 -0.9986
vn -0.7737 0.5974 0.2108
vn -0.2173 0.4789 0.8506
vn -0.0931 0.3509 0.9318
vn -0.0687 0.4653 0.8825
vn -0.2575 0.3888 0.8846
vn -0.8832 0.3498 0.3125
vn -0.9595 0.0934 0.2658
vn -0.8240 0.2110 -0.5259
vn -0.2890 0.1987 -0.9365
vn -0.5904 0.2025 -0.7813
vn -0.5904 0.1337 -0.7959
vn -0.2974 0.1709 -0.9393
vn -0.9327 0.3033 0.1951
vn -0.9676 0.0459 0.2481
vn -0.9834 0.1809 0.0124
vn -0.9892 0.1384 -0.0494
vn -0.4165 0.4904 0.7656
vn -0.2002 0.6314 0.7492
vn -0.1601 0.6792 0.7162
vn 0.0063 0.1849 -0.9827
vn -0.2973 0.1709 -0.9393
vn -0.2889 0.1987 -0.9365
vn 0.0064 0.1717 -0.9851
vn 0.3990 -0.1683 0.9014
vn 0.6134 -0.1309 0.7788
vn 0.4182 0.7918 0.4451
vn 0.4207 0.7408 0.5237
vn 0.3295 -0.3144 0.8903
vn 0.1390 -0.1703 0.9755
vn -0.6669 0.2575 0.6993
vn -0.6575 0.2120 0.7230
vn -0.2813 0.7034 0.6528
vn -0.0853 0.7280 0.6803
vn 0.1537 0.7094 0.6878
vn 0.1907 0.6314 0.7517
vn 0.8752 0.4451 -0.1895
vn 0.8203 0.4048 -0.4040
vn 0.4199 -0.0916 0.9029
vn 0.6205 -0.1557 0.7686
vn 0.6734 0.5947 0.4391
vn 0.6724 0.5088 0.5376
vn -0.3175 0.0930 -0.9437
vn 0.0064 0.0735 -0.9973
vn -0.3944 0.4703 0.7895
vn -0.3825 0.3517 0.8544
vn 0.0811 0.3509 0.9329
vn 0.2065 0.4788 0.8533
vn 0.0574 0.4652 0.8833
vn 0.2462 0.3889 0.8878
vn -0.7547 0.1399 -0.6410
vn -0.6217 0.0654 -0.7805
vn -0.1105 0.4137 0.9037
vn -0.0545 0.2629 0.9633
vn -0.8578 0.2043 -0.4716
vn -0.8174 0.0801 -0.5705
vn -0.7922 0.4689 0.3907
vn -0.7699 0.4084 0.4904
vn -0.9191 0.1217 0.3748
vn -0.8735 0.3444 0.3441
vn -0.8414 0.4404 0.3131
vn -0.8857 0.0498 0.4615
vn -0.8031 0.1411 -0.5789
vn -0.9150 0.1265 -0.3831
vn -0.9254 0.0487 -0.3760
vn -0.7637 0.2184 -0.6075
vn -0.8275 0.2334 -0.5107
vn -0.9629 0.1274 -0.2379
vn -0.9097 0.2652 0.3195
vn -0.9481 -0.0109 0.3178
vn -0.9897 0.1238 0.0723
vn -0.9845 0.0569 0.1658
vn -0.9548 0.1109 0.2757
vn -0.8681 0.0549 0.4933
vn 0.0989 0.4137 0.9050
vn 0.0422 0.2629 0.9639
vn -0.7252 0.6155 0.3086
vn -0.9097 0.2653 0.3195
vn -0.7963 0.5124 0.3216
vn -0.6667 0.1209 -0.7354
vn 0.6141 0.3527 -0.7060
vn 0.5301 0.3041 -0.7915
vn -0.9303 0.2557 0.2632
vn -0.9312 0.0052 0.3646
vn 0.8752 0.4451 -0.1894
vn 0.9057 0.4078 0.1159
vn 0.0906 0.7049 0.7035
vn 0.2521 0.6345 0.7306
vn 0.2496 0.7299 0.6363
vn -0.7283 0.5436 0.4173
vn -0.7425 0.5180 0.4246
vn -0.8927 0.2494 0.3753
vn -0.5819 0.6593 0.4762
vn -0.8164 0.4221 0.3941
vn -0.8313 0.4447 0.3335
vn 0.5813 0.7258 0.3678
vn 0.5933 0.7301 0.3391
vn 0.5603 0.6407 0.5250
vn 0.5260 0.6603 0.5360
vn 0.1831 0.0593 -0.9813
vn 0.3495 0.0753 -0.9339
vn 0.7684 0.3716 -0.5210
vn -0.8568 0.2621 0.4442
vn -0.8243 -0.0225 0.5657
vn -0.3773 0.0951 -0.9212
vn -0.4611 0.0422 -0.8864
vn -0.4732 0.1354 -0.8705
vn -0.6668 0.1209 -0.7354
vn -0.5905 0.1337 -0.7959
vn -0.9922 0.0941 -0.0813
vn -0.9893 0.0467 -0.1381
vn -0.8247 0.3730 0.4251
vn -0.8949 0.0749 0.4400
vn 0.3861 0.5766 0.7200
vn 0.4067 0.4903 0.7708
vn -0.4395 0.4933 0.7507
vn -0.3926 0.3029 0.8684
vn -0.4977 0.6916 0.5234
vn -0.4687 0.6859 0.5566
vn 0.3096 0.1705 -0.9355
vn 0.3013 0.1985 -0.9327
vn -0.8831 0.3499 0.3126
vn -0.7309 0.5786 0.3620
vn -0.3156 -0.0022 -0.9489
vn 0.0064 0.0021 -1.0000
vn -0.4849 0.1984 -0.8518
vn -0.6382 0.2480 -0.7288
vn -0.5849 0.0070 -0.8111
vn -0.3126 0.2969 0.9023
vn -0.2243 0.1588 0.9615
vn 0.3296 0.0927 -0.9395
vn -0.3347 0.1390 -0.9320
vn -0.3741 0.1546 -0.9144
vn 0.7205 0.5807 0.3790
vn 0.7474 0.5216 0.4115
vn 0.8158 0.4463 0.3678
vn 0.8341 0.3935 0.3866
vn -0.1914 0.6505 0.7350
vn -0.2173 0.4788 0.8506
vn -0.0419 0.6171 0.7857
vn -0.0687 0.4652 0.8825
vn 0.1189 0.5535 0.8243
vn -0.6284 0.4613 0.6264
vn -0.5892 0.3838 0.7111
vn -0.7024 0.1623 -0.6930
vn -0.7632 0.1953 -0.6160
vn -0.7512 0.1633 -0.6396
vn -0.6722 0.1066 -0.7327
vn -0.5785 0.1523 -0.8013
vn -0.5668 0.1858 -0.8027
vn -0.7038 0.2479 -0.6657
vn -0.5122 0.2086 -0.8332
vn -0.6541 0.2536 -0.7126
vn -0.2575 0.0263 -0.9659
vn 0.0064 -0.0386 -0.9992
vn 0.0064 0.0187 -0.9998
vn -0.2928 -0.0168 -0.9560
vn 0.0064 -0.0127 -0.9999
vn -0.3110 -0.0068 -0.9504
vn -0.3218 -0.3491 0.8801
vn -0.1988 -0.1387 0.9702
vn 0.7656 0.2520 -0.5919
vn 0.6594 0.2281 -0.7163
vn -0.5974 0.0261 -0.8015
vn -0.3111 -0.0068 -0.9504
vn -0.4841 0.0528 -0.8734
vn -0.2929 -0.0168 -0.9560
vn -0.4372 0.1157 -0.8919
vn 0.7584 0.4711 0.4504
vn 0.7883 0.4267 0.4433
vn 0.8314 0.3515 0.4304
vn 0.8424 0.3018 0.4465
vn 0.3715 -0.2516 0.8937
vn 0.2009 -0.1485 0.9683
vn 0.3892 0.0951 -0.9162
vn -0.1648 0.1053 -0.9807
vn -0.3374 0.0754 -0.9383
vn -0.3346 0.1389 -0.9321
vn -0.1705 0.0593 -0.9836
vn -0.4522 0.6670 0.5921
vn -0.5062 0.5997 0.6198
vn -0.7850 0.0768 0.6147
vn -0.8167 0.2705 0.5097
vn -0.6885 0.1785 0.7029
vn -0.6875 0.1515 0.7102
vn -0.7168 0.1590 0.6789
vn -0.7020 0.1802 0.6890
vn -0.7864 0.3158 0.5309
vn -0.7897 0.2800 0.5459
vn -0.1294 0.5535 0.8227
vn 0.0319 0.6171 0.7862
vn 0.6011 0.2023 -0.7732
vn 0.6010 0.1332 -0.7881
vn -0.8895 0.0337 0.4557
vn -0.9093 0.0955 0.4051
vn -0.7450 0.1194 0.6563
vn -0.7973 0.2959 0.5262
vn -0.7678 0.0675 -0.6372
vn -0.7662 0.0885 -0.6365
vn -0.9140 -0.0765 0.3985
vn -0.8175 0.0801 -0.5704
vn -0.7039 0.0776 -0.7060
vn -0.2048 0.0860 -0.9750
vn -0.0374 0.0933 -0.9949
vn -0.4063 0.5005 0.7645
vn 0.6637 0.1892 -0.7237
vn 0.8559 0.2619 -0.4458
vn 0.3843 0.4703 0.7944
vn 0.3716 0.3518 0.8592
vn -0.4585 0.1434 -0.8770
vn -0.5208 0.1075 -0.8469
vn -0.4373 0.1158 -0.8919
vn -0.8538 -0.2571 0.4528
vn -0.9427 -0.0273 0.3324
vn -0.6542 0.1893 -0.7322
vn -0.5241 0.1169 -0.8436
vn 0.9057 0.4078 0.1160
vn 0.8479 0.3101 0.4300
vn 0.7805 0.4162 0.4664
vn 0.7060 0.3352 0.6238
vn -0.8969 0.1951 0.3968
vn -0.8736 0.0027 0.4867
vn -0.8514 0.1618 0.4990
vn -0.8150 0.3577 0.4558
vn -0.7576 0.5071 0.4111
vn -0.8183 0.0287 0.5741
vn 0.1821 0.6505 0.7373
vn 0.0064 0.0738 -0.9973
vn 0.0064 0.0969 -0.9953
vn 0.0353 0.1243 -0.9916
vn -0.1716 0.1241 -0.9773
vn -0.6963 0.1379 0.7044
vn -0.6891 0.1559 0.7077
vn -0.8667 0.3360 0.3687
vn -0.9030 0.3277 0.2779
vn -0.8984 0.3048 0.3161
vn -0.8460 0.3785 0.3756
vn -0.4042 0.5941 0.6954
vn 0.5445 0.6082 0.5775
vn 0.5810 0.5569 0.5935
vn -0.7039 0.0776 -0.7061
vn -0.6485 0.0782 -0.7572
vn -0.7677 0.0675 -0.6372
vn -0.6721 0.1066 -0.7327
vn -0.6745 0.0439 -0.7370
vn -0.5240 0.1170 -0.8436
vn -0.7024 0.1623 -0.6931
vn -0.5785 0.1523 -0.8014
vn -0.5207 0.1075 -0.8469
vn -0.5667 0.1857 -0.8027
vn -0.4584 0.1435 -0.8771
vn -0.8030 0.1411 -0.5790
vn -0.7511 0.1633 -0.6396
vn -0.3818 0.1623 -0.9099
vn 0.3277 -0.0023 -0.9448
vn -0.6485 0.0781 -0.7572
vn -0.4165 0.1782 -0.8915
vn -0.9881 0.0234 -0.1521
vn -0.9814 -0.0020 -0.1921
vn -0.8514 0.1617 0.4990
vn -0.8486 -0.0391 0.5276
vn -0.8064 0.2179 0.5497
vn -0.7520 -0.0846 0.6538
vn -0.8076 0.4595 0.3696
vn -0.6692 0.6029 0.4344
vn 0.3010 0.2968 0.9062
vn 0.2119 0.1588 0.9643
vn -0.5307 0.2374 -0.8136
vn -0.6225 0.2491 -0.7419
vn 0.3960 -0.0958 0.9132
vn 0.6036 -0.0185 0.7971
vn -0.9346 -0.0468 0.3526
vn -0.7831 0.0574 0.6193
vn -0.7371 0.0344 0.6749
vn -0.8439 -0.0552 0.5337
vn -0.6746 0.0439 -0.7369
vn -0.5850 0.0070 -0.8110
vn -0.6068 0.6414 0.4695
vn -0.6907 0.5893 0.4192
vn -0.8247 0.3731 0.4251
vn -0.6758 0.6171 0.4030
vn 0.8941 0.3092 -0.3239
vn 0.8470 0.2777 -0.4534
vn 0.1810 0.4230 0.8879
vn 0.0471 0.3862 0.9212
vn 0.2455 0.4421 0.8627
vn 0.0525 0.3817 0.9228
vn 0.2699 0.0263 -0.9625
vn 0.3051 -0.0168 -0.9522
vn -0.9373 0.2418 -0.2510
vn -0.7537 0.2530 -0.6066
vn -0.8264 0.2973 -0.4782
vn -0.9000 0.3255 -0.2898
vn -0.8788 0.3450 -0.3296
vn -0.7397 0.2998 -0.6025
vn -0.8581 0.3305 -0.3930
vn -0.7058 0.2776 -0.6518
vn 0.6317 0.0650 -0.7724
vn 0.3297 0.0927 -0.9395
vn 0.3232 -0.0068 -0.9463
vn -0.0653 0.3308 0.9414
vn -0.1181 0.3067 0.9445
vn -0.8274 0.2335 -0.5107
vn -0.3857 0.1764 -0.9056
vn -0.3867 0.1866 -0.9031
vn 0.4845 0.1353 -0.8643
vn 0.6078 0.2027 -0.7678
vn 0.3966 0.5004 0.7696
vn -0.7769 0.0908 -0.6230
vn -0.7661 0.0885 -0.6366
vn -0.6225 0.2490 -0.7420
vn -0.7536 0.2530 -0.6066
vn -0.8264 0.2972 -0.4782
vn 0.9360 0.3520 0.0010
vn 0.8658 0.3052 0.3966
vn 0.9217 0.2737 0.2750
vn 0.9451 0.2644 -0.1918
vn 0.8942 0.3092 -0.3238
vn -0.9146 0.1922 0.3556
vn -0.9490 0.2553 0.1849
vn -0.6381 0.2480 -0.7289
vn -0.7057 0.2776 -0.6519
vn -0.7396 0.2997 -0.6026
vn -0.5978 0.2029 -0.7756
vn 0.8631 0.3822 0.3300
vn 0.8673 0.3759 0.3263
vn -0.7224 -0.0199 0.6912
vn -0.7647 0.0245 0.6439
vn 0.5550 0.7284 0.4019
vn 0.6585 0.6591 0.3632
vn -0.7904 -0.0265 0.6120
vn -0.9112 0.0092 0.4118
vn 0.6595 0.2281 -0.7163
vn 0.6011 0.2023 -0.7731
vn -0.1715 0.1241 -0.9773
vn -0.3856 0.1764 -0.9056
vn -0.5264 0.5701 0.6308
vn -0.4394 0.4933 0.7508
vn -0.4555 0.1715 0.8736
vn -0.3419 0.0511 0.9383
vn 0.8108 0.4965 0.3100
vn 0.9123 0.3528 0.2078
vn 0.6864 0.5885 0.4273
vn 0.9670 0.2195 0.1296
vn -0.8709 0.3298 0.3644
vn -0.8361 0.2931 0.4637
vn 0.3233 -0.0068 -0.9463
vn 0.4952 0.0527 -0.8672
vn 0.6076 0.0259 -0.7938
vn 0.4480 0.1157 -0.8865
vn 0.1832 0.0593 -0.9813
vn 0.1774 0.1053 -0.9785
vn 0.1814 0.1235 -0.9756
vn 0.2178 0.0937 -0.9715
vn 0.9302 0.3031 0.2071
vn 0.8517 0.4928 0.1782
vn 0.9268 0.2556 0.2750
vn 0.8251 0.5412 0.1622
vn 0.9172 0.3524 0.1857
vn 0.7886 0.5871 0.1831
vn -0.2129 0.3461 0.9137
vn -0.1068 0.3158 0.9428
vn -0.1094 0.3200 0.9411
vn -0.2761 0.3642 0.8895
vn -0.8247 0.0146 0.5654
vn -0.8633 0.2082 0.4598
vn 0.4297 0.4933 0.7563
vn 0.3988 0.3568 0.8448
vn 0.3858 0.1545 -0.9096
vn 0.4844 0.1352 -0.8644
vn 0.3891 0.0951 -0.9163
vn 0.4958 0.1983 -0.8455
vn 0.4724 0.0421 -0.8804
vn -0.6678 -0.0211 0.7440
vn -0.5990 -0.0209 0.8005
vn -0.7178 0.0496 0.6945
vn -0.6753 0.0748 0.7337
vn 0.4492 0.6157 0.6474
vn 0.5074 0.5877 0.6303
vn -0.2402 0.2098 0.9478
vn -0.2469 0.2165 0.9445
vn 0.3924 0.1625 -0.9053
vn 0.8599 0.4534 0.2346
vn 0.8918 0.1950 0.4082
vn -0.8691 -0.1339 0.4762
vn -0.8857 0.0497 0.4616
vn -0.4050 0.3695 0.8363
vn -0.4604 0.3759 0.8042
vn -0.5192 0.3687 0.7710
vn -0.5167 0.3756 0.7694
vn 0.6153 0.4849 0.6216
vn 0.5801 0.3836 0.7186
vn 0.8470 0.2777 -0.4533
vn -0.8928 0.0538 0.4473
vn -0.7405 0.2042 0.6402
vn -0.7276 0.3964 0.5599
vn -0.7536 0.2936 0.5881
vn -0.7344 0.2118 0.6448
vn 0.8158 0.4463 0.3679
vn 0.7805 0.4162 0.4665
vn -0.7239 0.3428 0.5987
vn -0.6668 0.2574 0.6993
vn -0.3740 0.1545 -0.9145
vn -0.4848 0.1984 -0.8518
vn 0.8717 0.4466 0.2017
vn 0.9755 0.1551 0.1560
vn 0.5953 0.0068 -0.8035
vn 0.3278 -0.0023 -0.9447
vn 0.3501 0.4482 0.8225
vn 0.3797 0.4530 0.8066
vn 0.4272 -0.0275 0.9038
vn 0.6335 -0.0582 0.7716
vn 0.8291 0.3568 0.4305
vn 0.7417 0.2573 0.6194
vn -0.5735 0.3216 0.7534
vn -0.4555 0.1714 0.8736
vn 0.3973 0.1763 -0.9006
vn 0.3466 0.1388 -0.9277
vn 0.5261 0.6602 0.5361
vn 0.6536 0.6117 0.4457
vn 0.9367 0.2337 -0.2609
vn 0.9447 0.1574 -0.2878
vn 0.8716 0.4467 0.2018
vn 0.7561 0.6174 0.2169
vn 0.8591 0.4219 0.2897
vn 0.8574 0.2081 0.4708
vn 0.7618 0.1417 -0.6322
vn 0.6765 0.1207 -0.7265
vn -0.6999 0.4543 0.5511
vn -0.6133 0.5797 0.5364
vn 0.8430 0.3202 0.4322
vn 0.8318 0.3586 0.4238
vn 0.8442 0.4093 0.3462
vn 0.7576 0.2488 0.6035
vn -0.5347 -0.0029 0.8450
vn -0.6384 0.0945 0.7639
vn -0.0147 0.2595 0.9656
vn 0.0405 0.2150 0.9758
vn -0.8680 0.2658 0.4194
vn -0.8748 0.2384 0.4218
vn 0.8528 0.4032 0.3319
vn 0.8439 0.4076 0.3490
vn 0.7938 0.2362 0.5604
vn 0.8120 0.1722 0.5576
vn -0.5034 0.6205 0.6013
vn -0.5885 0.5569 0.5860
vn 0.3843 0.4702 0.7945
vn 0.8849 0.2271 -0.4067
vn 0.6579 0.2573 0.7078
vn 0.6482 0.2118 0.7314
vn 0.8024 0.4598 0.3804
vn 0.9588 0.2144 0.1864
vn 0.9731 0.1733 0.1518
vn 0.9469 0.2026 0.2498
vn 0.5610 0.1168 -0.8195
vn 0.6636 0.1892 -0.7238
vn -0.6137 0.6694 0.4187
vn -0.6147 0.0762 0.7851
vn -0.4901 -0.0103 0.8716
vn -0.7710 0.0215 0.6364
vn -0.8119 0.2786 0.5131
vn 0.3467 0.1389 -0.9276
vn 0.3859 0.1545 -0.9095
vn 0.8848 0.2271 -0.4068
vn 0.8452 0.1991 -0.4959
vn 0.4131 0.4498 0.7919
vn 0.4124 0.4514 0.7913
vn 0.9765 0.0971 0.1926
vn -0.9094 0.1687 0.3801
vn -0.8601 0.3239 0.3941
vn -0.7966 -0.1280 0.5908
vn -0.8182 0.0286 0.5742
vn -0.5533 0.6260 0.5495
vn -0.4315 0.6752 0.5982
vn -0.5121 0.2086 -0.8332
vn -0.4165 0.1783 -0.8915
vn -0.7272 -0.0149 0.6862
vn -0.8539 -0.0493 0.5181
vn -0.7613 0.3493 0.5463
vn -0.7534 0.3498 0.5568
vn -0.7264 0.3243 0.6059
vn -0.7728 0.3840 0.5053
vn 0.7213 0.6154 0.3179
vn 0.8610 0.1085 -0.4968
vn -0.3866 0.1866 -0.9032
vn -0.5307 0.2373 -0.8137
vn 0.1529 0.3151 0.9366
vn 0.0800 0.2957 0.9519
vn 0.2356 0.3014 0.9239
vn 0.0758 0.2898 0.9541
vn -0.6942 0.1175 0.7101
vn -0.6671 0.0209 0.7447
vn 0.0165 0.2481 0.9686
vn -0.0341 0.2083 0.9775
vn -0.9548 0.1109 0.2759
vn -0.8681 0.0549 0.4934
vn -0.7936 0.0796 0.6032
vn -0.7492 0.0381 0.6613
vn 0.8791 0.3497 0.3239
vn 0.9560 0.0933 0.2781
vn -0.5331 0.0882 0.8415
vn -0.4085 -0.0126 0.9126
vn 0.7106 0.0779 -0.6993
vn 0.6582 0.0779 -0.7488
vn 0.7745 0.0657 -0.6291
vn 0.6815 0.1065 -0.7240
vn 0.6839 0.0438 -0.7283
vn 0.5348 0.1169 -0.8369
vn 0.7112 0.1621 -0.6840
vn 0.5887 0.1522 -0.7939
vn 0.5315 0.1074 -0.8402
vn 0.5770 0.1856 -0.7954
vn 0.4697 0.1434 -0.8711
vn 0.8515 0.2520 0.4598
vn 0.8391 0.2122 0.5010
vn -0.2624 0.2665 0.9274
vn -0.0885 0.2428 0.9660
vn -0.1728 0.2636 0.9490
vn -0.0879 0.2399 0.9668
vn -0.8756 -0.2745 0.3975
vn -0.7237 -0.4107 0.5546
vn -0.3573 0.2239 0.9068
vn -0.3445 0.2662 0.9003
vn -0.7122 0.0456 0.7004
vn -0.7298 0.0089 0.6837
vn 0.0006 0.1774 0.9841
vn 0.0012 0.1770 0.9842
vn 0.9644 0.0458 0.2605
vn 0.0407 -0.2835 0.9581
vn -0.0789 -0.0686 0.9945
vn -0.0410 -0.3248 0.9449
vn -0.0195 -0.1284 0.9915
vn 0.9056 0.2651 0.3311
vn 0.8374 0.4402 0.3239
vn 0.9145 0.1178 0.3871
vn 0.7921 0.5123 0.3317
vn -0.5833 0.0560 0.8103
vn -0.4527 -0.0323 0.8911
vn 0.8705 0.3553 0.3406
vn 0.8689 0.3794 0.3178
vn 0.8691 0.3442 0.3553
vn 0.8800 0.0465 0.4727
vn 0.6011 0.1332 -0.7880
vn 0.6475 0.2479 -0.7206
vn -0.6742 0.0393 0.7375
vn -0.6754 0.0584 0.7351
vn -0.6475 0.0924 0.7564
vn -0.7123 0.0456 0.7004
vn -0.5997 0.5775 0.5540
vn -0.4733 0.6775 0.5631
vn 0.8631 0.3822 0.3301
vn 0.8291 0.3567 0.4305
vn 0.8690 0.3794 0.3177
vn 0.8778 0.3444 0.3331
vn 0.8705 0.3553 0.3405
vn 0.9141 0.2423 0.3250
vn 0.8907 0.2412 0.3854
vn 0.9015 0.0439 0.4306
vn 0.8623 0.1402 0.4866
vn 0.8666 0.0223 0.4984
vn 0.7682 -0.0953 0.6331
vn 0.1507 -0.3277 0.9327
vn 0.2161 -0.4022 0.8897
vn 0.8453 0.1990 -0.4959
vn 0.7618 0.1417 -0.6321
vn 0.7263 0.5785 0.3714
vn 0.9588 0.0195 -0.2833
vn 0.9404 0.0131 -0.3397
vn 0.4443 0.1714 0.8793
vn 0.3299 0.0511 0.9426
vn 0.7279 0.5329 0.4315
vn 0.7400 0.5120 0.4361
vn 0.5770 0.6570 0.4852
vn 0.8922 0.2263 0.3909
vn 0.4920 0.6909 0.5297
vn 0.4607 0.6858 0.5634
vn -0.6575 0.2119 0.7230
vn -0.5330 0.0882 0.8415
vn 0.4246 0.4394 0.7916
vn 0.4297 0.4932 0.7564
vn 0.8510 0.2619 0.4551
vn 0.8170 -0.0228 0.5763
vn 0.4953 0.0527 -0.8671
vn 0.4698 0.1434 -0.8711
vn 0.4481 0.1157 -0.8865
vn 0.5316 0.1073 -0.8401
vn 0.9437 -0.0141 0.3305
vn -0.3149 0.1209 0.9414
vn -0.3042 0.0976 0.9476
vn 0.5638 0.3215 0.7607
vn -0.7899 -0.1964 0.5809
vn -0.8243 -0.0226 0.5657
vn 0.4280 0.1782 -0.8861
vn -0.7509 0.2721 0.6017
vn -0.6885 0.1784 0.7030
vn 0.3982 0.1865 -0.8981
vn 0.5411 0.2372 -0.8068
vn 0.3974 0.1763 -0.9006
vn 0.3983 0.1865 -0.8981
vn 0.5228 0.2085 -0.8266
vn 0.4279 0.1782 -0.8861
vn -0.6910 0.3231 0.6467
vn -0.6931 0.2947 0.6578
vn 0.9268 0.2555 0.2751
vn 0.9264 0.0050 0.3765
vn 0.6795 0.1783 0.7117
vn 0.6784 0.1513 0.7190
vn 0.7796 0.3156 0.5409
vn 0.7827 0.2799 0.5560
vn 0.6931 0.1801 0.6980
vn 0.7081 0.1589 0.6881
vn 0.8415 0.2454 0.4813
vn 0.8399 0.1989 0.5050
vn 0.8281 0.1088 0.5499
vn 0.8229 0.3393 0.4557
vn 0.8185 0.3998 0.4126
vn 0.8341 0.3934 0.3867
vn 0.8610 0.1085 -0.4969
vn 0.8480 0.0739 -0.5249
vn 0.8261 0.0572 -0.5606
vn 0.8742 0.0187 -0.4852
vn 0.7113 0.1621 -0.6839
vn 0.7930 0.2093 -0.5722
vn 0.5888 0.1522 -0.7938
vn 0.8268 0.1377 -0.5454
vn 0.6816 0.1065 -0.7240
vn 0.5771 0.1857 -0.7953
vn 0.7124 0.2478 -0.6566
vn 0.5228 0.2085 -0.8265
vn 0.6633 0.2535 -0.7042
vn 0.1435 0.1360 0.9803
vn 0.1871 0.0839 0.9788
vn 0.8263 0.3504 0.4410
vn 0.8905 0.0431 0.4530
vn 0.7905 0.2957 0.5363
vn 0.7366 0.1193 0.6658
vn 0.6077 0.0260 -0.7938
vn 0.5349 0.1169 -0.8368
vn 0.8027 0.3838 0.4565
vn 0.7583 0.4711 0.4506
vn 0.9990 -0.0403 -0.0212
vn 0.9944 -0.0461 -0.0947
vn 0.9701 -0.1616 0.1810
vn 0.9723 -0.0058 -0.2335
vn -0.5547 0.0119 0.8319
vn -0.5727 0.0862 0.8152
vn -0.6890 0.1559 0.7078
vn 0.7141 0.2774 -0.6428
vn 0.6077 0.2028 -0.7678
vn 0.7473 0.2996 -0.5931
vn -0.6926 -0.0242 0.7209
vn -0.7677 -0.0645 0.6375
vn -0.0858 -0.0802 0.9931
vn -0.1710 -0.3151 0.9335
vn 0.8102 0.2704 0.5201
vn 0.7771 0.0766 0.6247
vn 0.6320 0.2489 -0.7339
vn 0.6632 0.2535 -0.7042
vn 0.7614 0.2529 -0.5969
vn 0.8325 0.2971 -0.4676
vn 0.3409 0.2880 0.8949
vn 0.3814 0.2620 0.8865
vn -0.1162 0.1325 0.9844
vn -0.1440 0.0948 0.9850
vn 0.4447 0.0487 0.8944
vn 0.5747 0.1009 0.8121
vn 0.9060 0.1396 -0.3995
vn 0.7929 0.2093 -0.5723
vn 0.8669 0.2348 -0.4398
vn 0.8257 0.2060 0.5252
vn 0.8022 0.1812 0.5689
vn 0.3223 -0.1203 0.9390
vn 0.0872 -0.0584 0.9945
vn 0.3104 -0.1518 0.9384
vn 0.0906 -0.0554 0.9943
vn 0.8743 0.0187 -0.4851
vn -0.3564 0.2100 0.9104
vn -0.3703 0.1681 0.9136
vn 0.8023 0.4599 0.3804
vn 0.6636 0.6029 0.4429
vn 0.6800 0.1558 0.7165
vn 0.6872 0.1377 0.7133
vn -0.2219 -0.1177 0.9679
vn 0.8497 0.1351 0.5096
vn 0.8162 0.3377 0.4688
vn 0.8141 0.0111 0.5807
vn 0.7625 0.4872 0.4257
vn -0.6962 0.1378 0.7045
vn -0.7019 0.1802 0.6891
vn -0.6146 0.0762 0.7851
vn 0.7123 0.2478 -0.6567
vn 0.8249 0.2533 -0.5054
vn 0.6020 0.6408 0.4765
vn 0.6864 0.5886 0.4271
vn 0.7060 0.3351 0.6239
vn 0.6578 0.2573 0.7079
vn -0.5623 0.6827 0.4667
vn -0.6875 0.1514 0.7102
vn 0.5412 0.2373 -0.8067
vn 0.7689 0.0474 0.6376
vn 0.7573 0.0324 0.6523
vn -0.6966 0.0951 0.7111
vn -0.7830 0.0575 0.6194
vn -0.6572 0.0022 0.7537
vn -0.7112 -0.0707 0.6995
vn -0.5040 0.0217 0.8634
vn -0.6310 -0.0430 0.7746
vn -0.5671 -0.0356 0.8229
vn -0.3495 0.0731 0.9341
vn 0.3265 -0.1138 0.9383
vn 0.0614 -0.0385 0.9974
vn 0.8263 0.3504 0.4409
vn 0.6786 0.6044 0.4173
vn -0.6199 -0.0174 0.7845
vn -0.6024 -0.0810 0.7940
vn -0.7132 -0.2276 0.6630
vn -0.7519 -0.0847 0.6538
vn 0.8262 0.0572 -0.5605
vn 0.7746 0.0656 -0.6291
vn 0.6583 0.0779 -0.7487
vn 0.6318 0.0650 -0.7724
vn 0.7268 0.5101 0.4599
vn 0.6508 0.6051 0.4585
vn 0.8480 0.0738 -0.5248
vn 0.7106 0.0779 -0.6992
vn -0.3111 0.0576 0.9486
vn -0.3071 0.0321 0.9511
vn -0.7167 0.1589 0.6790
vn -0.6753 0.0747 0.7338
vn -0.7178 0.0495 0.6945
vn -0.7850 0.0767 0.6147
vn -0.7647 0.0244 0.6440
vn -0.8895 0.0337 0.4558
vn -0.7236 -0.0970 0.6834
vn 0.8014 0.2109 0.5597
vn 0.7452 -0.0906 0.6607
vn 0.6840 0.0437 -0.7282
vn 0.5953 0.0068 -0.8034
vn 0.7725 0.2089 0.5997
vn 0.7380 0.2044 0.6431
vn 0.9145 0.1177 0.3872
vn 0.9076 -0.0852 0.4111
vn -0.8890 -0.0785 0.4510
vn -0.9080 -0.0301 0.4180
vn -0.9450 -0.0886 0.3149
vn -0.8180 -0.3269 0.4734
vn -0.7361 -0.4115 0.5374
vn -0.8537 -0.2572 0.4528
vn 0.8918 0.1949 0.4083
vn 0.8673 0.0025 0.4978
vn 0.0439 0.0559 0.9975
vn 0.0724 -0.1668 0.9833
vn 0.0326 0.0529 0.9981
vn -0.0061 -0.1813 0.9834
vn -0.5499 0.0427 0.8341
vn 0.9726 -0.0001 -0.2324
vn 0.9061 0.1396 -0.3994
vn 0.2811 -0.0720 0.9570
vn 0.4386 -0.0213 0.8984
vn 0.2027 -0.0084 0.9792
vn 0.4325 -0.0949 0.8966
vn 0.4132 -0.1700 0.8946
vn 0.1143 -0.0615 0.9915
vn -0.0044 -0.4140 0.9103
vn -0.0497 -0.4417 0.8958
vn 0.0012 -0.3980 0.9174
vn 0.9141 0.2423 0.3251
vn 0.8254 0.0810 0.5586
vn 0.6721 0.2851 0.6833
vn 0.6109 0.3135 0.7270
vn -0.3515 0.1769 0.9193
vn -0.3926 0.3028 0.8684
vn -0.3549 0.1938 0.9146
vn 0.7563 0.0243 0.6537
vn 0.7135 -0.0206 0.7003
vn 0.8669 0.2348 -0.4397
vn 0.9645 0.1843 -0.1890
vn 0.8249 0.2533 -0.5053
vn 0.9771 0.1440 -0.1569
vn -0.6114 0.3295 0.7194
vn -0.6536 0.3036 0.6933
vn 0.8497 0.1350 0.5097
vn 0.8419 -0.0707 0.5349
vn 0.7088 0.0494 0.7036
vn 0.6582 -0.0213 0.7526
vn 0.1134 0.0820 0.9902
vn 0.1382 0.0491 0.9892
vn 0.0421 0.2629 0.9639
vn -0.1430 0.1360 0.9803
vn -0.0340 0.0962 0.9948
vn -0.6191 0.5433 0.5670
vn -0.7554 0.4162 0.5061
vn -0.2559 0.1475 0.9554
vn 0.4043 0.2648 0.8754
vn 0.4044 0.2648 0.8754
vn 0.5222 0.0881 0.8482
vn 0.3968 -0.0127 0.9178
vn 0.6658 0.0746 0.7423
vn 0.5886 -0.0211 0.8081
vn -0.2261 -0.2241 0.9480
vn -0.2108 0.0875 0.9736
vn -0.2519 0.0138 0.9677
vn 0.9094 0.4147 0.0311
vn 0.9219 0.3569 0.1505
vn 0.8653 0.3682 0.3402
vn 0.9036 0.4211 -0.0784
vn 0.6286 0.0944 0.7720
vn 0.5238 -0.0030 0.8518
vn 0.5646 0.3899 0.7274
vn 0.5074 0.5876 0.6303
vn 0.5810 0.5568 0.5936
vn 0.9405 0.2417 -0.2389
vn 0.7615 0.2529 -0.5968
vn 0.8326 0.2971 -0.4675
vn 0.9037 0.3255 -0.2783
vn 0.8830 0.3448 -0.3183
vn 0.7474 0.2996 -0.5930
vn 0.8631 0.3303 -0.3820
vn 0.7141 0.2775 -0.6427
vn -0.5970 -0.0971 0.7963
vn -0.5974 -0.1343 0.7906
vn 0.6846 0.0090 0.7289
vn 0.6530 -0.0223 0.7570
vn 0.0218 0.0521 0.9984
vn -0.5550 0.0269 0.8314
vn -0.6531 -0.0140 0.7571
vn 0.6653 0.5986 0.4461
vn 0.5395 0.6875 0.4860
vn 0.6045 0.0761 0.7929
vn 0.4789 -0.0104 0.8778
vn 0.3887 0.4697 0.7926
vn 0.3862 0.4574 0.8010
vn -0.1865 0.0295 0.9820
vn -0.2001 0.0014 0.9798
vn 0.6293 0.0981 0.7710
vn 0.4113 0.0888 0.9071
vn 0.8574 0.2080 0.4708
vn 0.8174 0.0145 0.5760
vn -0.3409 -0.0226 0.9398
vn -0.3343 -0.0287 0.9420
vn 0.5438 0.6272 0.5576
vn 0.4184 0.6770 0.6054
vn -0.5950 -0.1506 0.7895
vn -0.5785 -0.1753 0.7967
vn -0.7223 -0.0199 0.6913
vn -0.6410 -0.2403 0.7289
vn 0.1598 -0.1461 0.9763
vn 0.1599 -0.1664 0.9730
vn 0.3959 -0.0959 0.9133
vn 0.1660 -0.1317 0.9773
vn 0.3953 -0.1888 0.8990
vn 0.5222 0.0881 0.8483
vn 0.8754 0.4025 0.2675
vn 0.9037 0.3369 0.2643
vn 0.8195 0.4368 0.3710
vn 0.9101 0.3800 0.1651
vn 0.7278 0.5329 0.4315
vn 0.6133 0.6623 0.4304
vn 0.5583 0.6795 0.4761
vn 0.1303 0.1360 0.9821
vn -0.0544 0.2629 0.9633
vn 0.0212 0.0961 0.9951
vn 0.0812 0.3508 0.9329
vn -0.5951 0.1143 0.7955
vn -0.7371 0.0345 0.6750
vn 0.8672 0.3759 0.3264
vn 0.8777 0.3444 0.3332
vn 0.8658 0.3052 0.3967
vn 0.8906 0.2412 0.3854
vn 0.7925 0.0843 0.6040
vn 0.9401 -0.0958 0.3272
vn 0.7435 0.0159 0.6685
vn 0.7885 0.1165 0.6039
vn 0.2436 0.1475 0.9586
vn 0.2462 0.3888 0.8878
vn -0.1980 -0.1581 0.9674
vn -0.1642 0.0874 0.9825
vn -0.2008 0.0378 0.9789
vn -0.1306 -0.2353 0.9631
vn -0.0622 -0.2137 0.9749
vn -0.0734 -0.2356 0.9691
vn -0.2630 -0.9077 0.3271
vn -0.2630 -0.9077 0.3270
vn 0.1909 -0.2234 0.9559
vn 0.0647 -0.0271 0.9975
vn 0.1017 -0.1966 0.9752
vn 0.2245 -0.2756 0.9347
vn 0.8120 0.1722 0.5577
vn 0.7628 0.0213 0.6463
vn 0.5729 0.0559 0.8177
vn 0.4412 -0.0324 0.8968
vn 0.8620 -0.1429 0.4863
vn 0.8800 0.0464 0.4727
vn -0.6311 -0.4301 0.6456
vn -0.7273 -0.3481 0.5915
vn 0.8567 0.4781 0.1937
vn 0.7192 0.4305 0.5454
vn 0.0280 0.0325 0.9991
vn 0.0216 -0.2153 0.9763
vn -0.2242 0.1587 0.9615
vn -0.1137 -0.0030 0.9935
vn 0.0777 0.0633 0.9950
vn -0.0498 -0.1750 0.9833
vn -0.5520 -0.1671 0.8169
vn -0.5241 -0.1741 0.8337
vn 0.2119 0.1587 0.9643
vn 0.1009 -0.0030 0.9949
vn 0.5532 -0.0332 0.8324
vn 0.5897 -0.0119 0.8075
vn 0.8324 -0.1301 0.5387
vn 0.7417 0.2572 0.6195
vn -0.3830 -0.0830 0.9200
vn -0.4143 -0.0942 0.9053
vn 0.7938 0.2361 0.5605
vn 0.7032 0.0455 0.7095
vn 0.8810 -0.0539 0.4700
vn 0.8667 -0.0138 0.4986
vn 0.7016 -0.1155 0.7032
vn 0.9534 0.0224 0.3008
vn 0.6378 0.0923 0.7647
vn 0.7575 0.2487 0.6036
vn -0.5826 0.3041 0.7537
vn -0.5374 0.3288 0.7766
vn -0.3719 0.7466 0.5517
vn -0.4978 0.6915 0.5235
vn -0.7904 -0.0265 0.6121
vn -0.6251 -0.1284 0.7699
vn 0.9424 0.2899 0.1668
vn 0.9295 0.2303 0.2880
vn 0.8174 0.2658 0.5112
vn 0.9542 0.2933 0.0586
vn -0.6677 -0.0212 0.7441
vn -0.5622 -0.2215 0.7968
vn 0.2572 -0.0016 0.9664
vn 0.2800 -0.0425 0.9591
vn 0.7056 0.5646 0.4282
vn 0.8419 0.4321 0.3234
vn 0.6799 0.1558 0.7166
vn 0.5409 0.0324 0.8405
vn 0.7897 -0.1543 0.5938
vn 0.8140 0.0111 0.5807
vn -0.4860 -0.1423 0.8623
vn -0.4541 -0.1383 0.8802
vn 0.1762 -0.0467 0.9832
vn 0.3366 -0.0062 0.9416
vn 0.0932 -0.0061 0.9956
vn 0.3337 -0.0658 0.9404
vn 0.3397 0.1769 0.9237
vn 0.3716 0.3517 0.8592
vn 0.3431 0.1937 0.9191
vn 0.0761 -0.2838 0.9559
vn 0.0631 -0.3346 0.9402
vn -0.0044 -0.4139 0.9103
vn 0.0993 0.0310 0.9946
vn -0.1000 -0.1494 0.9837
vn -0.2271 -0.0591 0.9721
vn -0.2275 -0.0590 0.9720
vn 0.0533 0.0652 0.9965
vn -0.0615 -0.2015 0.9776
vn 0.8622 0.1402 0.4867
vn 0.7828 0.1488 0.6042
vn -0.6664 0.1830 0.7227
vn -0.7033 0.1488 0.6952
vn -0.7414 0.1787 0.6468
vn -0.6640 0.1433 0.7339
vn 0.6783 0.1513 0.7190
vn 0.6931 0.1800 0.6980
vn 0.6045 0.0760 0.7930
vn 0.6285 0.0944 0.7720
vn 0.1744 -0.0026 0.9847
vn 0.1851 -0.0228 0.9825
vn 0.4645 -0.0365 0.8848
vn 0.4989 -0.0165 0.8665
vn 0.1790 -0.0816 0.9805
vn 0.4034 -0.1559 0.9017
vn 0.7562 0.5255 0.3898
vn 0.6892 0.5285 0.4957
vn -0.4493 0.1203 0.8852
vn -0.5666 0.0865 0.8194
vn 0.7080 0.1588 0.6881
vn 0.6658 0.0746 0.7424
vn -0.1864 0.0664 0.9802
vn -0.1347 -0.1544 0.9788
vn -0.4503 -0.1469 0.8807
vn -0.4557 -0.1491 0.8776
vn -0.4535 -0.1603 0.8767
vn 0.1127 -0.9902 0.0827
vn 0.1127 -0.9900 0.0851
vn 0.1126 -0.9901 0.0841
vn -0.7200 0.1248 0.6826
vn -0.6915 0.1239 0.7116
vn -0.6906 0.1018 0.7160
vn -0.7475 0.1404 0.6492
vn -0.4968 0.1787 0.8493
vn -0.3669 0.0587 0.9284
vn -0.5479 0.0493 0.8351
vn -0.2205 0.0851 0.9717
vn 0.1427 -0.0579 0.9881
vn 0.4446 0.0487 0.8944
vn -0.4514 -0.1709 0.8758
vn -0.4419 -0.1861 0.8775
vn 0.8063 0.4486 0.3856
vn 0.5823 0.4487 0.6779
vn 0.7741 -0.0141 0.6330
vn 0.6671 -0.0959 0.7387
vn 0.7823 -0.1997 0.5901
vn 0.8169 -0.0229 0.5763
vn -0.3419 0.0511 0.9384
vn -0.2022 -0.0889 0.9753
vn -0.5989 -0.0210 0.8005
vn -0.4619 -0.2068 0.8625
vn 0.7365 0.1192 0.6659
vn 0.7088 0.0494 0.7037
vn 0.7771 0.0765 0.6247
vn 0.7563 0.0242 0.6538
vn 0.8681 0.3982 0.2963
vn 0.6739 0.4428 0.5914
vn -0.2378 0.0590 0.9695
vn -0.1569 -0.1896 0.9692
vn 0.3996 -0.0269 0.9163
vn 0.4055 -0.0326 0.9135
vn -0.6074 0.2064 0.7671
vn -0.5462 0.2509 0.7992
vn -0.2480 -0.1141 0.9620
vn -0.2665 -0.1288 0.9552
vn 0.0185 -0.1141 0.9933
vn 0.0071 -0.1736 0.9848
vn -0.4302 -0.1850 0.8836
vn -0.4095 -0.1986 0.8904
vn 0.7770 0.0795 0.6245
vn 0.8623 0.1402 0.4867
vn 0.8666 0.0223 0.4985
vn 0.7912 0.1019 0.6030
vn -0.5656 -0.0273 0.8242
vn -0.7272 -0.0149 0.6863
vn -0.1551 0.1001 0.9828
vn -0.0391 -0.1074 0.9934
vn -0.1394 -0.0992 0.9853
vn -0.2823 -0.2525 0.9255
vn 0.2012 -0.0539 0.9781
vn 0.2065 -0.0652 0.9763
vn -0.6494 0.1217 0.7507
vn -0.6096 0.1521 0.7780
vn 0.3526 -0.0353 0.9351
vn 0.3216 -0.0597 0.9450
vn -0.4984 0.2867 0.8182
vn -0.4477 0.3019 0.8417
vn 0.0641 0.0349 0.9973
vn -0.1309 -0.1643 0.9777
vn 0.3457 -0.0090 0.9383
vn 0.1058 -0.0263 0.9940
vn 0.7053 -0.2418 0.6664
vn 0.7451 -0.0906 0.6607
vn -0.4155 0.1507 0.8970
vn -0.3826 -0.1914 0.9038
vn -0.3535 -0.1980 0.9142
vn 0.3298 0.0511 0.9427
vn 0.1896 -0.0890 0.9778
vn -0.2957 -0.1643 0.9410
vn -0.3253 -0.1698 0.9302
vn 0.1864 -0.0503 0.9812
vn -0.3648 -0.1817 0.9132
vn -0.3218 0.2080 0.9237
vn -0.5001 0.1456 0.8536
vn 0.0299 0.0898 0.9955
vn -0.0117 -0.1432 0.9896
vn -0.0364 0.1245 0.9915
vn -0.0744 -0.1616 0.9840
vn 0.3660 0.7461 0.5563
vn 0.4921 0.6908 0.5297
vn 0.2199 -0.0944 0.9709
vn 0.2373 -0.1050 0.9658
vn 0.5628 0.2369 0.7919
vn 0.6915 0.1312 0.7104
vn 0.1010 -0.0516 0.9935
vn 0.3388 -0.0088 0.9408
vn 0.0915 -0.0277 0.9954
vn 0.3386 0.0217 0.9407
vn 0.6960 -0.0331 0.7173
vn 0.7060 0.0307 0.7075
vn 0.4762 0.4297 0.7672
vn 0.6783 0.3845 0.6262
vn -0.4085 -0.0127 0.9127
vn -0.2384 -0.1464 0.9601
vn 0.3146 -0.0869 0.9452
vn 0.3083 -0.1073 0.9452
vn -0.5849 0.1541 0.7964
vn -0.5458 0.1903 0.8160
vn 0.8652 0.3682 0.3403
vn 0.8346 0.2229 0.5038
vn 0.7247 0.2916 0.6243
vn 0.9219 0.3569 0.1506
vn 0.3103 -0.1003 0.9453
vn 0.3128 -0.0997 0.9446
vn -0.2348 0.1028 0.9666
vn -0.0795 -0.0845 0.9933
vn 0.0014 -0.1072 0.9942
vn -0.0933 0.0671 0.9934
vn 0.7135 -0.0207 0.7004
vn 0.6316 -0.2434 0.7361
vn -0.4900 -0.0104 0.8717
vn -0.2938 -0.1606 0.9423
vn -0.4620 0.2467 0.8519
vn -0.4684 0.2665 0.8424
vn 0.6528 0.0610 0.7551
vn 0.7498 -0.1806 0.6365
vn 0.1094 -0.0112 0.9939
vn -0.1272 -0.1109 0.9857
vn 0.1875 -0.0303 0.9818
vn 0.4271 -0.0275 0.9038
vn 0.6036 0.5423 0.5844
vn 0.6139 0.5028 0.6085
vn 0.3382 0.1371 0.9310
vn 0.5199 0.2896 0.8037
vn 0.3112 0.2112 0.9266
vn 0.5431 0.2117 0.8125
vn 0.2740 -0.1500 0.9500
vn 0.3090 -0.1692 0.9359
vn 0.5265 0.4986 0.6886
vn 0.7812 0.4490 0.4338
vn 0.0506 0.0428 0.9978
vn 0.0188 0.0545 0.9983
vn 0.1318 0.5719 0.8097
vn 0.0487 0.5639 0.8244
vn -0.2580 -0.1694 0.9512
vn 0.4134 0.3516 0.8400
vn 0.6116 0.2089 0.7631
vn 0.5519 -0.2216 0.8039
vn -0.5173 0.1922 0.8339
vn -0.4772 0.2262 0.8492
vn 0.0835 -0.1910 0.9780
vn 0.1085 -0.2184 0.9698
vn 0.0691 0.0327 0.9971
vn -0.1850 -0.1018 0.9774
vn 0.3361 0.0699 0.9392
vn 0.0640 0.1431 0.9876
vn -0.2872 0.2321 0.9293
vn -0.4612 0.2498 0.8514
vn 0.4315 0.0617 0.9000
vn 0.1969 0.0329 0.9799
vn -0.0042 -0.1040 0.9946
vn -0.0000 -0.1086 0.9941
vn 0.3291 0.0555 0.9427
vn 0.0895 0.0150 0.9959
vn 0.3381 0.1371 0.9311
vn 0.1062 0.0508 0.9931
vn 0.3967 -0.0127 0.9179
vn 0.2260 -0.1464 0.9631
vn 0.4112 0.0888 0.9072
vn 0.1750 0.0028 0.9846
vn -0.3856 0.2320 0.8930
vn -0.3229 0.2322 0.9175
vn -0.0261 -0.0857 0.9960
vn 0.0147 -0.0784 0.9968
vn -0.1395 0.1261 0.9822
vn -0.0864 0.1655 0.9824
vn 0.7191 0.4305 0.5455
vn 0.6272 0.3121 0.7136
vn 0.1903 -0.3070 -0.9325
vn 0.2354 -0.2899 -0.9276
vn 0.1653 -0.3218 -0.9322
vn -0.4355 0.0803 0.8966
vn -0.6925 -0.0241 0.7210
vn -0.5550 0.0270 0.8314
vn -0.2883 0.1834 0.9398
vn 0.4508 -0.2069 0.8683
vn 0.5886 -0.0211 0.8082
vn 0.0571 -0.0134 0.9983
vn 0.0552 -0.0143 0.9984
vn 0.5277 0.1686 0.8325
vn 0.4673 0.1162 0.8764
vn 0.4648 0.1607 0.8707
vn 0.3739 0.3081 0.8748
vn 0.0948 -0.0021 0.9955
vn 0.3259 0.0737 0.9425
vn 0.0203 0.0506 0.9985
vn 0.3381 0.0395 0.9403
vn 0.0351 0.1535 0.9875
vn 0.3173 0.0240 0.9480
vn 0.3632 -0.2307 0.9027
vn 0.4069 -0.2410 0.8811
vn 0.6372 -0.2542 0.7276
vn 0.6543 -0.2460 0.7152
vn 0.6443 -0.2449 0.7245
vn -0.5232 -0.3169 0.7911
vn -0.6516 -0.2771 0.7061
vn 0.0902 0.0113 0.9959
vn 0.3020 0.0417 0.9524
vn 0.0714 -0.0211 0.9972
vn 0.0950 -0.0930 0.9911
vn 0.0403 -0.0572 0.9975
vn -0.1399 0.0619 0.9882
vn 0.0481 -0.3562 -0.9332
vn 0.0482 -0.3435 -0.9379
vn -0.4421 0.2190 0.8698
vn -0.3966 0.2480 0.8838
vn -0.0631 -0.0738 0.9953
vn -0.0208 0.1814 0.9832
vn 0.3550 0.4264 0.8320
vn 0.5302 0.3505 0.7720
vn 0.3530 -0.1817 0.9178
vn 0.5238 -0.0031 0.8519
vn 0.6878 -0.1945 0.6993
vn 0.7681 -0.0953 0.6332
vn 0.2817 -0.1607 0.9460
vn 0.4788 -0.0105 0.8779
vn 0.5777 -0.2763 0.7681
vn 0.6090 -0.2579 0.7501
vn -0.3763 0.2526 0.8914
vn -0.2921 0.2689 0.9178
vn 0.2801 0.3655 0.8876
vn 0.4760 0.2175 0.8521
vn 0.3862 0.1099 0.9158
vn 0.1206 0.2798 0.9524
vn 0.8173 0.2658 0.5112
vn 0.7761 0.1114 0.6207
vn 0.7158 0.1186 0.6882
vn 0.9295 0.2302 0.2881
vn 0.2457 -0.1695 0.9544
vn -0.0057 -0.0124 0.9999
vn 0.2737 0.1056 0.9560
vn 0.0705 0.0353 0.9969
vn 0.0378 0.0490 0.9981
vn 0.4977 -0.2730 0.8233
vn 0.4966 -0.2708 0.8246
vn -0.2407 0.1715 0.9553
vn -0.5039 0.0218 0.8635
vn 0.7740 -0.0141 0.6330
vn 0.7339 0.0505 0.6773
vn 0.7575 0.0962 0.6457
vn 0.6355 0.1415 0.7590
vn 0.7435 0.0159 0.6686
vn 0.6351 0.1468 0.7584
vn 0.6527 0.0610 0.7551
vn 0.4783 0.2619 0.8382
vn 0.5627 0.2369 0.7920
vn 0.6528 0.0611 0.7551
vn 0.5276 0.1687 0.8326
vn 0.4346 0.1239 0.8921
vn 0.5767 0.1726 0.7985
vn -0.1577 0.1200 0.9802
vn -0.0124 -0.0578 0.9982
vn 0.4115 0.4958 0.7647
vn 0.6280 0.4399 0.6420
vn -0.2284 0.0644 0.9714
vn 0.0496 -0.0428 0.9979
vn -0.1585 -0.0017 0.9874
vn 0.0506 -0.0363 0.9981
vn -0.1878 0.0054 0.9822
vn 0.1057 -0.0264 0.9940
vn -0.1513 -0.0571 0.9868
vn 0.1652 0.0164 0.9861
vn 0.3802 0.0719 0.9221
vn 0.1141 0.0455 0.9924
vn 0.4113 0.0778 0.9082
vn 0.1918 0.0356 0.9808
vn 0.4233 0.1002 0.9004
vn 0.1449 -0.0073 0.9894
vn 0.0248 0.0181 0.9995
vn -0.1121 -0.0373 0.9930
vn 0.2483 0.1007 0.9634
vn -0.1485 0.0061 0.9889
vn -0.1425 0.0098 0.9897
vn 0.0973 -0.0458 0.9942
vn 0.0911 -0.0529 0.9944
vn -0.3460 0.2245 0.9110
vn -0.2893 0.2413 0.9263
vn -0.1573 -0.0145 0.9875
vn 0.0874 -0.0497 0.9949
vn -0.0894 -0.0419 0.9951
vn 0.0235 0.1849 0.9825
vn 0.0839 0.0558 0.9949
vn 0.0851 0.0507 0.9951
vn 0.0794 0.0676 0.9946
vn 0.0835 0.0585 0.9948
vn -0.1298 0.1387 0.9818
vn 0.0213 0.0116 0.9997
vn 0.0081 0.0112 0.9999
vn -0.2123 -0.0562 0.9756
vn 0.2868 0.4057 0.8678
vn 0.5185 0.3114 0.7963
vn -0.2520 0.1326 0.9586
vn -0.3839 0.3177 0.8670
vn 0.0514 -0.0224 0.9984
vn -0.1964 -0.0264 0.9802
vn 0.5119 0.3162 0.7987
vn 0.2910 0.2691 0.9181
vn 0.2439 0.3406 0.9080
vn 0.5113 0.3233 0.7963
vn -0.2277 0.2309 0.9460
vn -0.3958 0.2776 0.8754
vn -0.0058 -0.0124 0.9999
vn 0.0973 0.0505 0.9940
vn 0.3684 0.2162 0.9042
vn 0.1579 0.3569 0.9207
vn 0.5157 0.4873 0.7047
vn 0.4342 0.4892 0.7564
vn -0.1412 -0.0094 0.9899
vn 0.1043 -0.0249 0.9942
vn -0.2070 0.2126 0.9550
vn -0.3315 0.2909 0.8975
vn 0.0082 0.0112 0.9999
vn -0.0246 0.0260 0.9994
vn 0.0110 0.0674 0.9977
vn 0.0974 0.0505 0.9940
vn 0.3574 0.1931 0.9137
vn 0.1373 0.0509 0.9892
vn 0.0800 0.0688 0.9944
vn 0.0783 0.0683 0.9946
vn 0.3326 0.1357 0.9333
vn 0.0083 0.1958 0.9806
vn 0.0493 -0.0025 0.9988
vn -0.1945 -0.0448 0.9799
vn 0.0773 0.0959 0.9924
vn 0.0772 0.1109 0.9908
vn 0.0592 0.0906 0.9941
vn 0.0747 0.0777 0.9942
vn 0.0591 0.0899 0.9942
vn 0.0763 0.0785 0.9940
vn 0.1786 0.3226 0.9295
vn 0.2069 0.3649 0.9078
vn 0.4952 -0.0850 0.8646
vn 0.6671 -0.0958 0.7388
vn 0.6061 0.3482 0.7151
vn 0.6738 0.4428 0.5915
vn -0.5262 -0.5140 0.6775
vn -0.7236 -0.4107 0.5547
vn -0.2061 0.2121 0.9553
vn -0.2105 0.2218 0.9521
vn -0.0422 0.1146 0.9925
vn -0.0294 0.1345 0.9905
vn -0.2302 0.0063 0.9731
vn 0.0109 0.0674 0.9977
vn 0.3233 0.2288 0.9182
vn 0.4071 0.3044 0.8612
vn 0.3862 -0.1167 0.9150
vn 0.7015 -0.1155 0.7032
vn 0.5699 -0.1276 0.8117
vn 0.8667 -0.0138 0.4987
vn -0.0580 -0.0311 0.9978
vn 0.1651 0.0164 0.9861
vn -0.1058 -0.0366 0.9937
vn 0.1918 0.0355 0.9808
vn 0.5023 0.3958 0.7688
vn 0.5822 0.4487 0.6780
vn -0.0439 -0.0202 0.9988
vn -0.0441 -0.0248 0.9987
vn 0.2810 -0.0720 0.9570
vn 0.3111 0.2112 0.9266
vn 0.0704 0.1364 0.9881
vn -0.2204 0.0851 0.9717
vn -0.0699 -0.0264 0.9972
vn -0.0809 0.0338 0.9962
vn -0.2519 0.1325 0.9586
vn -0.2307 0.1675 0.9585
vn -0.2378 0.1883 0.9529
vn 0.1968 0.0329 0.9799
vn -0.0451 -0.0190 0.9988
vn 0.0580 0.0911 0.9942
vn 0.0168 0.1401 0.9900
vn 0.0706 0.0354 0.9969
vn 0.2458 0.1476 0.9580
vn 0.3344 0.0736 0.9396
vn 0.1095 -0.0112 0.9939
vn 0.0474 0.0099 0.9988
vn -0.2713 -0.0764 0.9594
vn -0.1680 -0.0613 0.9839
vn -0.1650 -0.0713 0.9837
vn -0.1665 -0.0663 0.9838
vn -0.2023 0.2316 0.9515
vn -0.1748 0.2280 0.9578
vn -0.1326 0.2024 0.9703
vn -0.1099 0.2341 0.9660
vn -0.1438 0.1056 0.9840
vn -0.3494 0.0731 0.9341
vn -0.0480 0.2131 0.9759
vn -0.0245 0.2166 0.9759
vn -0.1021 -0.0212 0.9946
vn -0.1975 0.2755 0.9408
vn -0.4492 0.1203 0.8853
vn 0.3492 0.2127 0.9126
vn 0.5431 0.3599 0.7587
vn 0.4772 0.2122 0.8528
vn 0.3894 0.3036 0.8696
vn 0.1061 0.0084 0.9943
vn -0.1326 -0.0443 0.9902
vn 0.1140 0.0454 0.9924
vn -0.1721 0.0418 0.9842
vn 0.0845 0.1482 0.9853
vn 0.0899 0.1702 0.9813
vn 0.0363 0.1041 0.9939
vn 0.0232 0.1067 0.9940
vn 0.0225 0.0510 0.9984
vn -0.0173 0.1278 0.9917
vn 0.0631 0.0575 0.9964
vn -0.0731 0.1809 0.9808
vn 0.2691 0.4660 0.8429
vn 0.4409 0.3809 0.8127
vn -0.1706 -0.0495 0.9841
vn -0.1718 -0.0427 0.9842
vn -0.0247 0.0260 0.9994
vn 0.0901 0.0113 0.9959
vn 0.2863 0.3237 0.9018
vn 0.4322 0.3781 0.8187
vn -0.3223 0.2831 0.9033
vn -0.1578 0.1200 0.9802
vn -0.1299 0.1387 0.9818
vn -0.2561 0.3233 0.9110
vn 0.4688 -0.0668 0.8808
vn 0.4144 0.0473 0.9089
vn 0.4294 0.0051 0.9031
vn 0.3773 0.1178 0.9186
vn 0.3589 0.1534 0.9207
vn 0.3183 0.2204 0.9220
vn -0.1385 0.2004 0.9699
vn -0.0978 0.2046 0.9739
vn -0.0399 -0.0051 0.9992
vn 0.1142 -0.0615 0.9916
vn -0.0386 0.0007 0.9993
vn 0.2008 -0.1484 0.9683
vn 0.3107 0.3030 0.9009
vn 0.3132 0.2992 0.9013
vn 0.3014 0.3209 0.8979
vn 0.2900 0.3490 0.8911
vn 0.2582 0.3510 0.9001
vn 0.2076 0.3870 0.8984
vn -0.3668 0.0588 0.9285
vn -0.0847 0.0858 0.9927
vn -0.1503 -0.1024 0.9833
vn 0.0914 -0.0277 0.9954
vn -0.1630 -0.0138 0.9865
vn 0.1009 -0.0517 0.9936
vn -0.0455 -0.0051 0.9989
vn 0.1390 -0.1702 0.9756
vn 0.3619 0.0676 0.9298
vn 0.3375 0.1498 0.9293
vn -0.1455 -0.0794 0.9862
vn 0.0947 -0.0021 0.9955
vn 0.0666 -0.2154 0.9743
vn -0.0714 -0.0038 0.9974
vn -0.0133 -0.2312 0.9728
vn -0.0583 -0.0090 0.9983
vn -0.6698 -0.1479 0.7277
vn -0.4364 -0.1061 0.8934
vn 0.4775 -0.0887 0.8742
vn 0.5105 -0.1370 0.8489
vn 0.0451 0.3014 0.9524
vn 0.0430 0.3123 0.9490
vn 0.0016 0.1102 0.9939
vn -0.0084 0.1090 0.9940
vn 0.4069 0.4165 0.8130
vn 0.3458 0.4390 0.8293
vn 0.2674 0.2740 0.9238
vn 0.2790 0.2911 0.9151
vn -0.1732 -0.0263 0.9845
vn -0.1736 -0.0165 0.9847
vn -0.0645 0.0846 0.9943
vn -0.0603 0.0900 0.9941
vn -0.0787 0.0759 0.9940
vn 0.2265 0.1910 0.9551
vn 0.0506 0.0429 0.9978
vn 0.1093 0.2217 0.9690
vn 0.1241 0.2509 0.9600
vn -0.0702 0.2111 0.9749
vn -0.0689 0.2066 0.9760
vn -0.0284 0.1071 0.9938
vn -0.0396 0.1017 0.9940
vn -0.1661 0.5463 0.8209
vn -0.2440 0.5121 0.8236
vn 0.0691 0.0328 0.9971
vn 0.0379 0.0490 0.9981
vn -0.0815 -0.3333 -0.9393
vn -0.1127 -0.3362 -0.9350
vn -0.0207 0.1955 0.9805
vn -0.0304 0.2046 0.9784
vn -0.3230 0.3132 0.8931
vn -0.2378 0.0591 0.9695
vn -0.2348 0.1029 0.9666
vn -0.2257 0.3074 0.9244
vn 0.2724 0.2180 0.9371
vn 0.2095 0.2914 0.9334
vn 0.4672 0.1163 0.8765
vn -0.0546 0.0169 0.9984
vn -0.0695 -0.2260 0.9717
vn -0.4227 -0.1035 0.9003
vn -0.2714 -0.0764 0.9594
vn -0.4200 -0.1163 0.9000
vn -0.1946 -0.0448 0.9799
vn 0.0613 -0.0385 0.9974
vn -0.1510 -0.0085 0.9885
vn -0.1864 0.0665 0.9802
vn -0.2203 0.2965 0.9293
vn -0.1604 0.2673 0.9502
vn -0.1551 0.1002 0.9828
vn 0.1985 0.3005 0.9329
vn 0.1493 0.2950 0.9438
vn -0.1706 0.0085 0.9853
vn -0.1680 0.0242 0.9855
vn 0.2950 0.2652 0.9179
vn 0.0193 0.4078 0.9129
vn -0.0591 0.0298 0.9978
vn -0.1512 -0.1880 0.9705
vn -0.3217 0.2081 0.9237
vn -0.1219 0.2778 0.9529
vn -0.1517 -0.0443 0.9874
vn -0.2276 0.2309 0.9460
vn 0.0357 0.1073 0.9936
vn -0.0463 0.2255 0.9731
vn -0.2069 0.2126 0.9550
vn 0.2909 0.2691 0.9181
vn 0.0395 0.2380 0.9705
vn -0.1642 0.0875 0.9825
vn -0.1176 0.2180 0.9688
vn -0.2008 0.0379 0.9789
vn -0.2425 0.1266 0.9619
vn -0.0295 0.1345 0.9905
vn 0.0803 0.0715 0.9942
vn -0.1394 -0.0991 0.9853
vn -0.1530 -0.0348 0.9876
vn 0.0931 -0.0061 0.9956
vn 0.4325 0.4462 0.7835
vn 0.5265 0.4987 0.6886
vn 0.0202 0.0507 0.9985
vn -0.0423 0.1146 0.9925
vn 0.1746 0.1418 0.9744
vn 0.2915 0.2782 0.9152
vn 0.3074 0.4064 0.8605
vn 0.2722 0.4102 0.8704
vn 0.0242 0.0126 0.9996
vn -0.0334 -0.0203 0.9992
vn 0.3650 -0.0462 0.9299
vn 0.2049 0.0618 0.9768
vn -0.1810 0.1997 0.9630
vn -0.1362 0.2410 0.9609
vn -0.1180 0.2483 0.9615
vn -0.0786 0.2010 0.9764
vn 0.2813 0.3883 0.8775
vn 0.2814 0.4001 0.8722
vn 0.2455 0.4548 0.8561
vn 0.4761 0.4297 0.7672
vn -0.4300 -0.0567 0.9010
vn -0.1965 -0.0264 0.9802
vn -0.0999 0.2615 0.9600
vn 0.1447 0.3619 0.9209
vn -0.0000 0.4197 0.9077
vn 0.4090 0.3997 0.8203
vn 0.2915 0.2783 0.9152
vn -0.1528 -0.0050 0.9882
vn -0.0588 0.0489 0.9971
vn -0.1988 -0.1386 0.9702
vn -0.3515 -0.1527 0.9236
vn -0.1327 -0.0443 0.9902
vn 0.2748 0.2959 0.9148
vn 0.1251 0.0880 0.9882
vn 0.2708 0.3912 0.8796
vn 0.2742 0.4002 0.8745
vn 0.0642 0.0350 0.9973
vn 0.0189 0.0545 0.9983
vn -0.1552 0.0591 0.9861
vn -0.1447 0.0773 0.9864
vn 0.5865 0.4866 0.6474
vn 0.3895 0.3036 0.8696
vn 0.6915 0.5551 0.4623
vn 0.0082 0.1958 0.9806
vn -0.2139 0.2066 0.9548
vn -0.2108 0.0876 0.9736
vn -0.1592 0.2583 0.9528
vn -0.2518 0.0139 0.9677
vn 0.2769 0.4115 0.8683
vn 0.2787 0.4114 0.8678
vn 0.0639 0.1431 0.9876
vn -0.1490 0.1577 0.9762
vn -0.6542 0.0755 0.7525
vn -0.4445 0.0551 0.8941
vn 0.5637 0.2903 0.7733
vn 0.3575 0.1932 0.9137
vn 0.0947 0.4764 0.8741
vn 0.2943 0.4292 0.8539
vn -0.1474 -0.0743 0.9863
vn -0.2123 -0.0826 0.9737
vn 0.0247 0.0181 0.9995
vn 0.1685 0.3463 0.9229
vn 0.0713 0.1120 0.9912
vn 0.4133 0.3516 0.8400
vn 0.2801 0.3656 0.8877
vn 0.1480 0.2802 0.9485
vn 0.0299 0.0899 0.9955
vn 0.2964 0.1636 0.9409
vn 0.0994 0.0311 0.9946
vn -0.2255 0.2363 0.9451
vn -0.0246 0.2166 0.9759
vn -0.0481 0.2162 0.9752
vn -0.0586 0.2094 0.9761
vn -0.1420 0.0376 0.9892
vn 0.0870 -0.0584 0.9945
vn 0.0168 0.0258 0.9995
vn 0.0357 0.0336 0.9988
vn 0.0637 0.0815 0.9946
vn 0.0005 -0.0039 1.0000
vn -0.1445 0.0308 0.9890
vn 0.0905 -0.0553 0.9944
vn 0.4345 0.1239 0.8921
vn 0.0430 0.2695 0.9620
vn 0.0394 0.0937 0.9948
vn 0.0515 0.0409 0.9978
vn 0.0663 0.1372 0.9883
vn -0.0000 -0.0401 0.9992
vn 0.2438 0.3407 0.9080
vn 0.0249 0.3397 0.9402
vn 0.0533 0.0652 0.9964
vn 0.1053 0.2594 0.9600
vn -0.4300 0.0152 0.9027
vn -0.1586 -0.0017 0.9873
vn 0.1784 0.3227 0.9295
vn -0.0000 0.4197 0.9076
vn -0.1340 0.4309 0.8924
vn -0.1211 0.1070 0.9869
vn -0.1075 0.1176 0.9872
vn 0.0350 0.1535 0.9875
vn -0.0481 0.2131 0.9758
vn -0.6310 -0.4301 0.6456
vn -0.3014 -0.4545 0.8382
vn -0.1858 -0.3154 -0.9306
vn -0.2214 -0.2919 -0.9305
vn 0.0450 0.3014 0.9524
vn -0.1807 0.3517 0.9185
vn 0.1636 0.5188 0.8391
vn 0.4114 0.4959 0.7647
vn 0.3790 -0.1713 -0.9094
vn 0.3749 -0.1679 -0.9117
vn 0.3860 -0.1797 -0.9048
vn 0.3656 -0.1540 -0.9179
vn -0.0767 0.1368 0.9876
vn -0.0590 0.1416 0.9882
vn 0.3991 -0.1578 -0.9032
vn 0.4116 -0.1382 -0.9008
vn 0.0043 0.1467 0.9892
vn -0.0192 0.1457 0.9891
vn 0.0429 0.3124 0.9490
vn 0.1206 0.2799 0.9524
vn 0.0350 0.4901 0.8710
vn 0.3549 0.4264 0.8320
vn 0.0368 0.2728 0.9614
vn 0.0280 0.0327 0.9991
vn 0.0832 0.1353 0.9873
vn 0.0995 0.1443 0.9845
vn -0.0114 0.2606 0.9654
vn 0.0337 0.2505 0.9675
vn 0.0854 0.4259 0.9007
vn 0.0140 0.4318 0.9019
vn 0.0272 0.4388 0.8982
vn 0.2867 0.4058 0.8678
vn 0.0169 0.3521 0.9358
vn 0.0294 0.1337 0.9906
vn -0.1225 0.4465 0.8864
vn -0.6007 0.2228 0.7678
vn -0.4106 0.1373 0.9014
vn -0.1056 0.3548 0.9290
vn 0.1579 0.3570 0.9207
vn 0.0500 0.2275 0.9725
vn 0.0880 0.1924 0.9774
vn -0.4124 0.1022 0.9052
vn -0.2285 0.0644 0.9714
vn -0.0071 0.3490 0.9371
vn -0.0364 0.1246 0.9915
vn -0.0554 0.2649 0.9627
vn 0.0647 -0.0270 0.9975
vn -0.2294 0.3838 0.8945
vn 0.0192 0.4079 0.9128
vn 0.4375 -0.0757 -0.8960
vn 0.4448 -0.0553 -0.8939
vn -0.3536 -0.0389 0.9346
vn -0.1122 -0.0373 0.9930
vn 0.0036 0.1317 0.9913
vn -0.0956 0.3701 0.9241
vn -0.2184 0.3883 0.8953
vn -0.3114 0.5203 0.7952
vn -0.2192 0.3895 0.8946
vn -0.0667 0.4958 0.8659
vn 0.2690 0.4660 0.8429
vn -0.0858 -0.0801 0.9931
vn -0.0084 0.1501 0.9886
vn -0.1633 0.3459 0.9239
vn -0.3805 -0.0377 0.9240
vn -0.1413 -0.0094 0.9899
vn 0.0946 0.4764 0.8741
vn -0.2409 0.5153 0.8224
vn -0.5585 0.3006 0.7731
vn -0.4042 0.1624 0.9001
vn -0.3793 0.1848 0.9066
vn -0.1400 0.0619 0.9882
vn -0.5231 -0.3169 0.7911
vn -0.2204 -0.2624 0.9395
vn 0.4677 0.0705 -0.8811
vn 0.4668 0.0056 -0.8843
vn 0.4689 0.1331 -0.8732
vn 0.4677 0.0704 -0.8811
vn -0.1924 0.3271 0.9252
vn -0.0934 0.0672 0.9934
vn -0.3048 -0.2069 -0.9297
vn -0.3233 -0.1740 -0.9302
vn -0.5499 0.3320 0.7664
vn -0.4097 0.1688 0.8965
vn 0.5062 0.3909 0.7687
vn 0.2749 0.2959 0.9148
vn 0.2115 0.2856 0.9347
vn 0.0778 0.0635 0.9950
vn -0.0075 -0.4514 -0.8923
vn -0.0297 -0.3772 -0.9256
vn -0.0535 -0.4940 -0.8678
vn 0.0156 -0.4293 -0.9030
vn -0.4365 0.4716 0.7662
vn -0.4110 0.3826 0.8274
vn -0.4953 0.4908 0.7168
vn -0.4135 0.3849 0.8252
vn -0.1182 0.4161 0.9016
vn -0.1753 0.3919 0.9032
vn -0.0210 -0.1703 -0.9852
vn 0.0047 -0.1757 -0.9844
vn -0.0452 -0.1637 -0.9855
vn 0.0507 -0.1702 -0.9841
vn 0.4669 0.1961 -0.8623
vn 0.4972 0.3185 -0.8071
vn -0.3121 0.2785 0.9083
vn -0.1396 0.1262 0.9821
vn 0.0508 -0.1702 -0.9841
vn 0.0751 -0.1659 -0.9833
vn 0.0781 -0.1607 -0.9839
vn 0.1158 -0.1399 -0.9834
vn -0.1913 -0.4768 -0.8580
vn -0.3158 -0.5387 -0.7811
vn -0.1914 -0.4768 -0.8579
vn -0.3914 0.0325 0.9196
vn -0.1574 -0.0145 0.9874
vn 0.1469 -0.0085 -0.9891
vn 0.1458 -0.0060 -0.9893
vn 0.1440 -0.0020 -0.9896
vn 0.1487 -0.0067 -0.9889
vn -0.1113 0.1738 0.9785
vn -0.0789 -0.0685 0.9945
vn -0.3828 0.0294 0.9234
vn -0.1427 0.0098 0.9897
vn 0.1545 0.0057 -0.9880
vn 0.1553 -0.0010 -0.9879
vn 0.1570 0.0101 -0.9875
vn 0.1379 -0.1219 -0.9829
vn 0.1375 -0.1240 -0.9827
vn 0.1637 -0.0841 -0.9829
vn -0.0878 -0.1452 -0.9855
vn -0.0955 -0.1381 -0.9858
vn -0.1203 -0.1177 -0.9857
vn 0.1436 0.0160 -0.9895
vn 0.1426 0.0019 -0.9898
vn -0.4364 -0.1062 0.8935
vn -0.2365 -0.1891 0.9530
vn 0.1618 0.0429 -0.9859
vn 0.1635 0.0229 -0.9863
vn -0.0103 -0.0795 -0.9968
vn 0.0108 -0.0729 -0.9973
vn 0.0228 -0.0714 -0.9972
vn 0.0599 -0.0553 -0.9967
vn 0.0852 -0.0494 -0.9951
vn -0.3817 0.0591 0.9224
vn -0.3799 0.0662 0.9226
vn -0.1486 0.0061 0.9889
vn -0.1486 0.0060 0.9889
vn -0.0211 -0.0784 -0.9967
vn -0.0460 -0.0727 -0.9963
vn -0.4170 -0.4877 -0.7670
vn -0.3289 -0.4826 -0.8117
vn -0.2821 -0.4646 -0.8394
vn -0.2270 -0.5287 -0.8179
vn -0.1514 -0.3284 -0.9323
vn -0.1813 -0.4215 -0.8885
vn -0.1514 -0.3283 -0.9323
vn -0.1160 -0.2318 -0.9658
vn -0.1514 -0.3283 -0.9324
vn -0.1167 -0.2296 -0.9663
vn -0.0990 -0.0983 -0.9902
vn -0.0131 -0.3115 -0.9501
vn -0.0297 -0.3771 -0.9257
vn -0.0340 -0.2733 -0.9613
vn -0.0733 -0.1417 -0.9872
vn -0.2837 0.3161 0.9053
vn -0.3419 0.2662 0.9013
vn -0.3733 0.0740 0.9247
vn -0.1426 0.0098 0.9897
vn -0.1426 0.0099 0.9897
vn 0.1581 0.3038 0.9395
vn 0.0439 0.0560 0.9975
vn -0.0195 -0.1283 0.9915
vn -0.1912 0.1657 0.9675
vn -0.4363 -0.1061 0.8935
vn -0.2376 -0.0728 0.9686
vn -0.2369 -0.0728 0.9688
vn -0.4444 0.0550 0.8941
vn 0.1394 0.0395 -0.9894
vn 0.1365 0.0455 -0.9896
vn 0.1372 0.0372 -0.9898
vn 0.1436 0.0161 -0.9895
vn 0.1768 -0.0644 -0.9821
vn 0.1768 -0.0630 -0.9822
vn 0.1851 -0.0382 -0.9820
vn -0.2866 0.2154 0.9335
vn -0.3374 0.2838 0.8976
vn -0.3374 0.2837 0.8976
vn -0.2881 0.2166 0.9328
vn 0.2141 -0.1035 -0.9713
vn 0.2622 -0.0950 -0.9603
vn 0.3036 -0.1274 -0.9442
vn 0.1688 -0.0912 -0.9814
vn -0.3970 0.2160 0.8920
vn -0.4121 0.2213 0.8839
vn -0.2345 -0.0148 0.9720
vn -0.2217 0.0009 0.9751
vn -0.4096 0.1687 0.8965
vn -0.3884 -0.1902 -0.9016
vn -0.3112 -0.2890 -0.9053
vn -0.3332 -0.0965 -0.9379
vn -0.2771 -0.4703 -0.8379
vn -0.1756 0.3783 0.9089
vn -0.0864 0.1656 0.9824
vn 0.5390 0.3715 -0.7560
vn 0.4078 0.4313 -0.8048
vn 0.5999 0.3384 -0.7250
vn 0.0325 0.0530 0.9981
vn 0.0217 0.0522 0.9984
vn -0.0236 0.2576 0.9660
vn 0.0850 -0.1136 -0.9899
vn 0.1041 -0.1069 -0.9888
vn 0.0690 -0.1105 -0.9915
vn 0.1178 0.3912 0.9128
vn -0.0208 0.1815 0.9832
vn 0.0020 0.4073 0.9133
vn 0.1773 0.3607 0.9157
vn 0.1308 0.0582 -0.9897
vn 0.1285 0.0612 -0.9898
vn 0.1275 0.0630 -0.9898
vn -0.1369 -0.3848 -0.9128
vn -0.1130 -0.3799 -0.9181
vn -0.0729 -0.3453 -0.9357
vn -0.0087 -0.2918 -0.9565
vn -0.3545 -0.3490 -0.8675
vn -0.2897 -0.2872 -0.9130
vn -0.5076 -0.3654 -0.7803
vn -0.2184 -0.0030 0.9758
vn -0.2177 -0.0032 0.9760
vn -0.4105 0.1373 0.9015
vn -0.3060 -0.4651 -0.8307
vn -0.2860 -0.3936 -0.8737
vn -0.2934 -0.4201 -0.8588
vn -0.2918 -0.4193 -0.8597
vn -0.2817 -0.3628 -0.8883
vn -0.2860 -0.3935 -0.8737
vn -0.2791 -0.3670 -0.8874
vn -0.2787 -0.3279 -0.9027
vn -0.0056 0.3169 0.9484
vn -0.0461 -0.0726 -0.9963
vn -0.0636 -0.0597 -0.9962
vn -0.0499 -0.0690 -0.9964
vn -0.0705 -0.0551 -0.9960
vn -0.0845 -0.0321 -0.9959
vn -0.0821 -0.0346 -0.9960
vn -0.0859 -0.0271 -0.9959
vn 0.0186 -0.2501 -0.9680
vn -0.0087 -0.2917 -0.9565
vn 0.0196 -0.2520 -0.9675
vn 0.0367 -0.1847 -0.9821
vn 0.1197 0.0715 -0.9902
vn 0.1234 0.0701 -0.9899
vn -0.2086 0.0162 0.9779
vn -0.3821 -0.1200 -0.9163
vn -0.3589 -0.2103 -0.9094
vn -0.3822 -0.1200 -0.9163
vn -0.3916 -0.1215 -0.9121
vn -0.2322 -0.2156 -0.9485
vn -0.1295 -0.2036 -0.9704
vn -0.1137 -0.1089 -0.9875
vn -0.2897 -0.2871 -0.9130
vn -0.2323 -0.2156 -0.9484
vn -0.3323 -0.2252 -0.9159
vn -0.0795 0.4080 0.9095
vn -0.0756 -0.0455 -0.9961
vn -0.2069 -0.0582 -0.9766
vn -0.0095 -0.0387 -0.9992
vn 0.0739 0.0351 -0.9967
vn 0.1632 0.0846 -0.9830
vn 0.0739 0.0352 -0.9966
vn 0.1145 0.0723 -0.9908
vn 0.1160 0.0746 -0.9904
vn 0.1158 0.0763 -0.9903
vn -0.2948 -0.2979 -0.9079
vn -0.2614 -0.3486 -0.9001
vn -0.2331 -0.2234 -0.9464
vn 0.1958 0.0337 -0.9801
vn 0.1971 0.0221 -0.9801
vn 0.1954 0.0095 -0.9807
vn 0.1948 0.0028 -0.9808
vn 0.1927 -0.0156 -0.9811
vn 0.1932 -0.0150 -0.9810
vn -0.3294 -0.3496 -0.8771
vn -0.1921 -0.3241 -0.9263
vn -0.1525 -0.2883 -0.9453
vn -0.1075 -0.2705 -0.9567
vn 0.1132 0.0771 -0.9906
vn 0.1168 0.0799 -0.9899
vn 0.1122 0.0782 -0.9906
vn 0.1157 0.0763 -0.9904
vn 0.0968 0.1077 -0.9895
vn 0.0966 0.1076 -0.9895
vn 0.0693 0.1296 -0.9891
vn -0.0487 -0.1918 -0.9802
vn -0.0311 -0.1560 -0.9873
vn 0.0095 -0.0944 -0.9955
vn 0.0212 -0.0931 -0.9954
vn -0.4822 -0.4410 -0.7570
vn -0.4037 -0.4332 -0.8058
vn -0.4690 -0.3058 -0.8286
vn -0.3299 -0.5516 -0.7661
vn -0.2797 -0.3059 -0.9101
vn -0.2787 -0.3070 -0.9100
vn -0.2871 -0.2759 -0.9173
vn 0.0448 -0.1498 -0.9877
vn 0.0585 -0.1664 -0.9843
vn 0.0189 -0.1000 -0.9948
vn -0.5429 -0.0277 -0.8394
vn -0.4617 -0.0797 -0.8835
vn -0.4653 0.1254 -0.8762
vn -0.4616 -0.0797 -0.8835
vn -0.4385 -0.2815 -0.8535
vn -0.3884 -0.1903 -0.9016
vn 0.1091 -0.2316 -0.9667
vn 0.1474 -0.1790 -0.9727
vn 0.1164 -0.1751 -0.9776
vn 0.1008 -0.1731 -0.9797
vn -0.0943 -0.0150 -0.9954
vn -0.0924 -0.0379 -0.9950
vn -0.0967 -0.0127 -0.9952
vn -0.0824 -0.0947 -0.9921
vn -0.0541 -0.1323 -0.9897
vn -0.1313 -0.0283 -0.9909
vn 0.2010 -0.1811 -0.9627
vn 0.1878 -0.1545 -0.9700
vn 0.1824 -0.1744 -0.9676
vn 0.1811 -0.1412 -0.9733
vn 0.2570 -0.2512 -0.9332
vn 0.2303 -0.2660 -0.9361
vn 0.2869 -0.2869 -0.9140
vn 0.3124 -0.2312 -0.9214
vn 0.1949 0.0446 -0.9798
vn 0.1935 0.0510 -0.9798
vn 0.1952 0.0443 -0.9798
vn -0.4684 -0.2928 -0.8336
vn -0.3918 -0.3764 -0.8395
vn -0.3701 -0.4664 -0.8034
vn -0.0133 -0.0982 -0.9951
vn -0.0209 -0.0687 -0.9974
vn 0.0859 -0.0945 -0.9918
vn 0.0694 -0.1218 -0.9901
vn 0.0993 -0.1226 -0.9875
vn 0.0791 -0.0803 -0.9936
vn -0.5314 -0.3748 -0.7597
vn -0.4004 -0.4320 -0.8081
vn -0.6502 -0.3091 -0.6940
vn -0.5819 -0.4817 -0.6552
vn -0.6798 -0.3878 -0.6225
vn -0.6828 -0.5624 -0.4663
vn -0.5845 -0.3554 -0.7294
vn -0.5842 -0.3436 -0.7353
vn -0.5819 -0.4818 -0.6552
vn -0.4342 -0.6310 -0.6429
vn -0.4170 -0.4878 -0.7669
vn 0.1936 0.0566 -0.9794
vn 0.1951 0.0558 -0.9792
vn 0.1922 0.0574 -0.9797
vn 0.0127 -0.0834 -0.9964
vn 0.0357 -0.1029 -0.9941
vn -0.0152 -0.0347 -0.9993
vn -0.2967 -0.2436 -0.9234
vn -0.2999 -0.2408 -0.9231
vn -0.3104 -0.2120 -0.9266
vn -0.2934 -0.2465 -0.9237
vn 0.1711 -0.2067 -0.9633
vn 0.1173 -0.2799 -0.9528
vn 0.1711 -0.2068 -0.9633
vn -0.0878 -0.0215 -0.9959
vn -0.0877 -0.0216 -0.9959
vn -0.0935 0.0005 -0.9956
vn -0.0914 -0.0066 -0.9958
vn -0.0852 -0.0420 -0.9955
vn -0.0990 -0.0982 -0.9902
vn -0.0891 -0.0331 -0.9955
vn -0.0970 0.0315 -0.9948
vn 0.0444 -0.0374 -0.9983
vn 0.0597 -0.0377 -0.9975
vn 0.0741 -0.0514 -0.9959
vn 0.0298 -0.0303 -0.9991
vn -0.0310 -0.0584 -0.9978
vn -0.0346 -0.0478 -0.9983
vn -0.0357 -0.0538 -0.9979
vn -0.0348 -0.0374 -0.9987
vn -0.0273 -0.0690 -0.9972
vn 0.0090 -0.0378 -0.9992
vn 0.0154 -0.0381 -0.9992
vn 0.0090 -0.0379 -0.9992
vn -0.0097 -0.0436 -0.9990
vn -0.0173 -0.0460 -0.9988
vn -0.0031 -0.0406 -0.9992
vn -0.0280 -0.0491 -0.9984
vn -0.0023 -0.0399 -0.9992
vn -0.0027 -0.0387 -0.9992
vn 0.1178 -0.1179 -0.9860
vn 0.0967 -0.1251 -0.9874
vn -0.0424 -0.0397 -0.9983
vn -0.0264 -0.0360 -0.9990
vn -0.0340 -0.0221 -0.9992
vn -0.0930 0.0007 -0.9957
vn -0.0943 0.0176 -0.9954
vn 0.1481 -0.0474 -0.9878
vn 0.1614 -0.0600 -0.9851
vn 0.1883 -0.0852 -0.9784
vn 0.1075 -0.0093 -0.9942
vn 0.3564 -0.2125 -0.9098
vn 0.3277 -0.1963 -0.9242
vn -0.4542 -0.1445 -0.8791
vn -0.5259 0.0074 -0.8505
vn -0.6344 0.0366 -0.7721
vn -0.3922 -0.0468 -0.9187
vn -0.4123 -0.0771 -0.9078
vn -0.5687 -0.2033 -0.7970
vn -0.4970 -0.2973 -0.8152
vn -0.4753 -0.3678 -0.7993
vn -0.1416 -0.0140 -0.9898
vn -0.1128 -0.0429 -0.9927
vn -0.1607 -0.0199 -0.9868
vn -0.1779 -0.0313 -0.9835
vn -0.2046 -0.0077 -0.9788
vn -0.1974 -0.0344 -0.9797
vn -0.1780 -0.0313 -0.9835
vn -0.1510 -0.0548 -0.9870
vn -0.1937 -0.0478 -0.9799
vn -0.1931 -0.0482 -0.9800
vn -0.1997 -0.0207 -0.9796
vn -0.0980 0.0233 -0.9949
vn -0.0972 0.0204 -0.9951
vn -0.0965 0.0286 -0.9949
vn -0.0304 -0.0304 -0.9991
vn -0.0343 -0.0192 -0.9992
vn -0.0281 -0.0378 -0.9989
vn -0.0261 -0.0143 -0.9996
vn -0.7505 0.1753 -0.6372
vn -0.6375 0.0658 -0.7676
vn -0.6321 0.3076 -0.7113
vn -0.6375 0.0657 -0.7676
vn -0.6037 -0.1801 -0.7766
vn -0.5429 -0.0278 -0.8394
vn 0.2819 -0.1084 -0.9533
vn 0.2482 -0.1306 -0.9599
vn 0.2592 -0.1245 -0.9578
vn -0.0976 0.0210 -0.9950
vn -0.0957 0.0192 -0.9952
vn -0.1001 0.0432 -0.9940
vn -0.0977 0.0211 -0.9950
vn -0.0994 0.0229 -0.9948
vn 0.2088 -0.0889 -0.9739
vn 0.1878 -0.0855 -0.9785
vn 0.1614 -0.0601 -0.9851
vn -0.0371 -0.0233 -0.9990
vn -0.0381 -0.0226 -0.9990
vn -0.0402 -0.0051 -0.9992
vn -0.3195 -0.1839 -0.9296
vn -0.3183 -0.1848 -0.9298
vn -0.3394 -0.1331 -0.9312
vn -0.3105 -0.2120 -0.9267
vn -0.3196 -0.1839 -0.9296
vn -0.3207 -0.1830 -0.9293
vn 0.2959 -0.1332 -0.9459
vn 0.3106 -0.1542 -0.9380
vn 0.3310 -0.0756 -0.9406
vn 0.2811 -0.1122 -0.9531
vn 0.6862 0.3752 -0.6232
vn 0.6862 0.3752 -0.6231
vn 0.7269 0.3815 -0.5710
vn 0.7120 0.4833 -0.5094
vn 0.3565 -0.2125 -0.9098
vn 0.3908 -0.2057 -0.8972
vn 0.3222 -0.1831 -0.9288
vn 0.4213 -0.1565 -0.8933
vn -0.0931 0.0431 -0.9947
vn -0.0954 0.0371 -0.9947
vn -0.0918 0.0462 -0.9947
vn -0.0950 0.0263 -0.9951
vn -0.0940 0.0329 -0.9950
vn -0.0934 0.0362 -0.9950
vn -0.0908 0.0495 -0.9946
vn -0.0913 0.0472 -0.9947
vn -0.0933 0.0517 -0.9943
vn -0.0970 0.0316 -0.9948
vn -0.1043 0.0671 -0.9923
vn -0.2022 -0.0075 -0.9793
vn -0.2021 -0.0076 -0.9793
vn -0.2035 0.0237 -0.9788
vn 0.2749 0.2960 0.9148
vn 0.1686 0.3464 0.9228
vn 0.3514 0.5323 0.7702
vn 0.3425 0.5524 0.7600
vn 0.1267 -0.0353 -0.9913
vn 0.1127 -0.0327 -0.9931
vn -0.6308 -0.4521 -0.6307
vn -0.7219 -0.4064 -0.5601
vn -0.6992 -0.5653 -0.4378
vn -0.6479 -0.3370 -0.6831
vn -0.6507 -0.3106 -0.6929
vn -0.6308 -0.4520 -0.6307
vn -0.4840 -0.5658 -0.6675
vn 0.1198 -0.0040 -0.9928
vn 0.0819 0.0150 -0.9965
vn 0.1019 -0.0076 -0.9948
vn -0.7183 -0.1195 -0.6854
vn -0.5945 -0.1920 -0.7808
vn -0.5688 -0.2033 -0.7970
vn -0.5573 -0.2999 -0.7743
vn -0.0883 0.0550 -0.9946
vn -0.0888 0.0547 -0.9946
vn -0.0885 0.0549 -0.9946
vn -0.8018 0.0941 -0.5901
vn -0.7782 0.0632 -0.6248
vn -0.7486 0.0982 -0.6557
vn -0.7227 0.0209 -0.6908
vn -0.5382 0.1443 -0.8304
vn -0.7761 -0.3646 -0.5145
vn -0.8155 -0.2416 -0.5259
vn -0.7880 -0.4909 -0.3715
vn -0.6798 -0.3877 -0.6225
vn 0.1556 0.0032 -0.9878
vn 0.1199 -0.0040 -0.9928
vn 0.3405 -0.0361 -0.9396
vn 0.3117 -0.0143 -0.9501
vn 0.4030 -0.0701 -0.9125
vn -0.7529 -0.1200 -0.6471
vn -0.8006 0.1047 -0.5900
vn -0.8035 0.3236 -0.4997
vn 0.4031 -0.0701 -0.9125
vn 0.4200 -0.0762 -0.9043
vn 0.3744 -0.0772 -0.9241
vn 0.4505 -0.0477 -0.8915
vn -0.4219 -0.0044 -0.9066
vn -0.4203 -0.0298 -0.9069
vn -0.4220 -0.0044 -0.9066
vn -0.4224 0.0092 -0.9063
vn -0.3541 -0.0849 -0.9314
vn -0.3486 -0.0888 -0.9331
vn -0.3695 -0.0231 -0.9289
vn -0.3394 -0.1330 -0.9312
vn -0.3540 -0.0849 -0.9314
vn -0.3594 -0.0809 -0.9297
vn 0.5270 -0.0617 -0.8476
vn 0.5597 -0.1400 -0.8168
vn 0.6114 -0.0381 -0.7904
vn 0.6342 0.0133 -0.7730
vn 0.5271 -0.0618 -0.8476
vn 0.5490 -0.1174 -0.8275
vn 0.5270 -0.0618 -0.8476
vn 0.3824 -0.0846 -0.9201
vn -0.2039 0.0393 -0.9782
vn -0.2017 0.0525 -0.9780
vn -0.2005 0.0591 -0.9779
vn -0.1927 0.0901 -0.9771
vn -0.1954 0.0812 -0.9774
vn -0.1890 0.0983 -0.9770
vn -0.1891 0.0999 -0.9769
vn -0.1815 0.1139 -0.9768
vn -0.8936 -0.1700 -0.4154
vn -0.8936 -0.1699 -0.4154
vn -0.8933 -0.3440 -0.2892
vn -0.8155 -0.2415 -0.5259
vn -0.4254 0.0536 -0.9034
vn -0.4005 0.0291 -0.9158
vn -0.3853 0.0132 -0.9227
vn -0.4311 0.0548 -0.9006
vn -0.7926 -0.4453 -0.4165
vn -0.8448 -0.3438 -0.4099
vn -0.7682 -0.5747 -0.2821
vn -0.4691 0.0353 -0.8824
vn -0.4705 0.0059 -0.8824
vn -0.4692 0.0352 -0.8824
vn -0.4813 0.0162 -0.8764
vn -0.7184 -0.1195 -0.6853
vn -0.7617 -0.1381 -0.6330
vn -0.6985 -0.3733 -0.6106
vn -0.9078 -0.0910 -0.4094
vn -0.9105 -0.1210 -0.3953
vn -0.9078 -0.0911 -0.4094
vn -0.5199 0.0038 -0.8542
vn -0.5031 -0.0312 -0.8637
vn -0.5200 0.0038 -0.8542
vn -0.5337 -0.0075 -0.8457
vn -0.3416 -0.0338 -0.9393
vn -0.3131 -0.0725 -0.9470
vn 0.8118 0.2385 -0.5331
vn 0.8118 0.2385 -0.5330
vn 0.8478 0.2188 -0.4830
vn 0.8405 0.3975 -0.3680
vn -0.5883 0.0070 -0.8086
vn -0.5649 -0.0224 -0.8248
vn -0.6006 0.0024 -0.7996
vn -0.9113 -0.3055 -0.2760
vn -0.9113 -0.3055 -0.2761
vn -0.8698 -0.4670 -0.1595
vn -0.6576 0.0092 -0.7533
vn -0.6317 -0.0239 -0.7748
vn -0.6688 0.0003 -0.7434
vn -0.1643 0.1443 -0.9758
vn -0.1726 0.1312 -0.9762
vn -0.1713 0.1362 -0.9758
vn -0.1737 0.1261 -0.9767
vn -0.1726 0.1311 -0.9762
vn -0.7110 0.0017 -0.7032
vn -0.6982 -0.0211 -0.7156
vn -0.7143 -0.0097 -0.6998
vn -0.7570 0.0320 -0.6527
vn -0.7359 0.0320 -0.6763
vn -0.7570 0.0320 -0.6526
vn -0.7698 0.0471 -0.6365
vn 0.7061 -0.0064 -0.7081
vn 0.7061 -0.0063 -0.7080
vn 0.7250 0.0258 -0.6882
vn 0.7082 0.1006 -0.6988
vn -0.9117 -0.1686 -0.3747
vn -0.9013 -0.0335 -0.4320
vn -0.9070 -0.1219 -0.4032
vn -0.9104 -0.2385 -0.3382
vn -0.9059 0.2751 -0.3220
vn -0.9013 -0.0334 -0.4320
vn -0.9012 -0.0334 -0.4320
vn -0.1197 0.1815 -0.9761
vn -0.1571 0.1525 -0.9757
vn -0.1569 0.1528 -0.9757
vn 0.5983 -0.0356 -0.8005
vn 0.6440 -0.1513 -0.7499
vn 0.7087 -0.0658 -0.7025
vn 0.6960 0.0712 -0.7145
vn 0.5982 -0.0356 -0.8005
vn 0.5922 -0.0404 -0.8047
vn 0.4505 -0.0476 -0.8915
vn 0.5982 -0.0355 -0.8006
vn 0.4359 -0.0203 -0.8998
vn 0.4275 0.0435 -0.9030
vn 0.4370 0.0535 -0.8979
vn 0.3971 0.0132 -0.9177
vn 0.4559 0.0384 -0.8892
vn -0.4227 0.0705 -0.9035
vn -0.4261 0.0442 -0.9036
vn -0.4227 0.0706 -0.9035
vn -0.4220 0.0817 -0.9029
vn -0.7940 -0.0125 -0.6079
vn -0.7678 -0.0552 -0.6383
vn -0.7939 -0.0126 -0.6079
vn 0.4804 0.0352 -0.8763
vn 0.4999 0.0003 -0.8661
vn 0.1056 0.2099 -0.9720
vn 0.1334 0.1901 -0.9727
vn 0.1054 0.2098 -0.9720
vn 0.0716 0.2176 -0.9734
vn 0.1587 0.1692 -0.9727
vn -0.8251 -0.0217 -0.5646
vn -0.7841 -0.0566 -0.6180
vn -0.7739 -0.0708 -0.6293
vn -0.8379 -0.0083 -0.5458
vn -0.7382 -0.1050 -0.6664
vn -0.7474 -0.0971 -0.6572
vn -0.7329 -0.1108 -0.6712
vn -0.6939 -0.1489 -0.7045
vn -0.6882 -0.1306 -0.7136
vn -0.6831 -0.1228 -0.7199
vn -0.6913 -0.1742 -0.7013
vn -0.6721 -0.1511 -0.7249
vn -0.6700 -0.1704 -0.7225
vn -0.3885 0.0434 -0.9204
vn -0.3931 0.0741 -0.9165
vn -0.3881 0.0443 -0.9205
vn -0.2326 -0.1371 -0.9629
vn -0.1796 -0.1894 -0.9653
vn -0.5489 -0.6584 -0.5150
vn -0.4946 -0.6762 -0.5460
vn -0.3241 -0.7204 -0.6132
vn -0.6476 -0.6080 -0.4594
vn -0.7088 -0.1422 -0.6909
vn -0.7132 -0.1421 -0.6864
vn 0.3825 -0.0058 -0.9239
vn 0.3252 -0.0726 -0.9429
vn 0.3813 0.0001 -0.9245
vn -0.6926 -0.1700 -0.7011
vn 0.7822 -0.0037 -0.6230
vn 0.7988 0.0986 -0.5935
vn 0.7823 -0.0037 -0.6229
vn 0.8027 0.0191 -0.5961
vn -0.8340 -0.1123 -0.5403
vn -0.8534 -0.1792 -0.4895
vn -0.8425 -0.1790 -0.5081
vn -0.7939 -0.0125 -0.6079
vn -0.8339 -0.1122 -0.5404
vn -0.8083 -0.0444 -0.5871
vn -0.6510 -0.1995 -0.7324
vn -0.6320 -0.2362 -0.7381
vn 0.5309 0.0037 -0.8474
vn 0.5549 -0.0126 -0.8318
vn -0.0861 0.2045 -0.9751
vn -0.0900 0.1991 -0.9758
vn -0.0587 0.2060 -0.9768
vn -0.0821 0.2099 -0.9743
vn -0.8765 -0.0803 -0.4747
vn -0.8310 -0.0902 -0.5489
vn -0.8765 -0.0804 -0.4746
vn -0.8975 -0.1210 -0.4242
vn -0.8807 -0.0762 -0.4675
vn -0.9046 -0.1650 -0.3931
vn -0.7900 -0.2794 0.5457
vn -0.7748 -0.2923 0.5606
vn -0.7806 -0.2837 0.5570
vn -0.6741 -0.2485 0.6956
vn -0.7673 -0.3334 0.5479
vn -0.7608 -0.3094 0.5704
vn -0.6284 -0.2470 0.7376
vn -0.7533 -0.4744 -0.4555
vn -0.7797 -0.4344 -0.4510
vn -0.7037 -0.5470 -0.4533
vn -0.7037 -0.5471 -0.4534
vn -0.6487 -0.6155 -0.4477
vn -0.5490 -0.6584 -0.5150
vn -0.9716 -0.1699 -0.1647
vn -0.9885 -0.0994 -0.1143
vn -0.9896 -0.0670 -0.1275
vn -0.9889 -0.1373 -0.0574
vn -0.9592 -0.1953 -0.2045
vn -0.8375 -0.4566 -0.3003
vn 0.0392 0.2256 -0.9734
vn 0.0383 0.2253 -0.9735
vn 0.0014 0.2212 -0.9752
vn 0.0391 0.2256 -0.9734
vn 0.0401 0.2260 -0.9733
vn 0.0015 0.2212 -0.9752
vn -0.0066 0.2255 -0.9742
vn -0.0272 0.2127 -0.9767
vn 0.5986 0.0069 -0.8010
vn 0.6212 -0.0065 -0.7836
vn -0.8574 -0.2520 0.4488
vn -0.7106 -0.2418 0.6607
vn -0.8280 -0.2967 0.4758
vn -0.7588 -0.1957 0.6213
vn -0.7355 -0.3244 0.5949
vn -0.6284 -0.2471 0.7376
vn -0.7264 -0.2820 0.6268
vn -0.5935 -0.2015 0.7792
vn -0.8129 -0.2550 0.5236
vn -0.7518 -0.2434 -0.6129
vn -0.7543 -0.2421 -0.6103
vn -0.7445 -0.2737 -0.6090
vn -0.7459 -0.2569 -0.6146
vn -0.8283 -0.3427 -0.4433
vn -0.8219 -0.3395 -0.4573
vn -0.8333 -0.2618 -0.4869
vn -0.8333 -0.2618 -0.4870
vn -0.8313 -0.1786 -0.5264
vn -0.8723 -0.1643 0.4605
vn -0.8196 -0.0891 0.5660
vn -0.8567 -0.0365 0.5145
vn -0.8673 -0.0288 0.4970
vn 0.8515 -0.0023 -0.5243
vn 0.8639 0.1735 -0.4728
vn 0.8735 0.0272 -0.4861
vn 0.2950 -0.1029 -0.9499
vn 0.1919 -0.1894 -0.9630
vn 0.2940 -0.0899 -0.9516
vn -0.8886 -0.0803 0.4516
vn -0.8032 -0.1414 0.5786
vn -0.7587 -0.1957 0.6213
vn -0.8699 -0.2532 0.4233
vn -0.7635 -0.4886 -0.4224
vn -0.8219 -0.3395 -0.4574
vn -0.7797 -0.4343 -0.4510
vn -0.8154 -0.3363 -0.4713
vn -0.7567 -0.0662 0.6505
vn -0.7441 -0.0841 0.6628
vn -0.8032 -0.1414 0.5787
vn -0.7650 -0.0398 0.6428
vn -0.7728 -0.1315 0.6208
vn -0.8301 -0.1975 0.5214
vn 0.6673 0.0091 -0.7447
vn 0.6882 -0.0070 -0.7255
vn 0.1519 0.6001 0.7853
vn 0.1569 0.5902 0.7919
vn 0.1685 0.3464 0.9228
vn 0.0170 0.3522 0.9358
vn -0.7900 -0.2500 -0.5599
vn -0.8199 -0.2194 -0.5287
vn -0.7955 -0.2470 -0.5533
vn -0.7871 -0.2513 -0.5632
vn 0.8982 -0.0006 -0.4397
vn 0.8982 -0.0007 -0.4396
vn 0.9312 -0.0166 -0.3642
vn 0.9324 0.2406 -0.2696
vn -0.8445 -0.2114 -0.4921
vn -0.8577 -0.2068 -0.4707
vn -0.8560 -0.2231 -0.4664
vn -0.8200 -0.2193 -0.5287
vn -0.5081 -0.2150 0.8340
vn -0.6740 -0.2485 0.6957
vn -0.4762 -0.1990 0.8565
vn -0.5097 -0.2224 0.8311
vn -0.6284 -0.2470 0.7377
vn -0.4985 -0.1772 0.8486
vn -0.7205 -0.3011 -0.6247
vn -0.6974 -0.3462 -0.6276
vn -0.7586 -0.2864 -0.5852
vn -0.7725 -0.2711 -0.5743
vn -0.7503 -0.2822 -0.5979
vn -0.7106 -0.2418 0.6608
vn -0.5177 -0.1337 0.8451
vn -0.8402 -0.3901 -0.3766
vn -0.8455 -0.3714 -0.3838
vn -0.8671 -0.3514 -0.3531
vn -0.8224 -0.3907 -0.4136
vn -0.8913 -0.3162 -0.3249
vn -0.8720 -0.3642 -0.3271
vn -0.6654 -0.2366 0.7080
vn -0.5487 -0.1221 0.8270
vn -0.6834 -0.2937 0.6683
vn -0.9264 -0.2642 -0.2683
vn -0.9582 -0.2062 -0.1984
vn -0.6925 -0.1324 0.7091
vn -0.7587 -0.1957 0.6214
vn -0.6524 -0.1020 0.7510
vn -0.4075 0.1427 -0.9020
vn -0.4084 0.1308 -0.9034
vn -0.4024 0.1545 -0.9023
vn -0.5808 -0.2944 -0.7589
vn -0.5389 -0.3518 -0.7654
vn -0.8630 -0.3443 -0.3698
vn -0.8991 -0.2856 -0.3318
vn -0.9034 -0.4190 -0.0909
vn -0.9016 -0.2134 -0.3763
vn -0.9018 -0.2614 -0.3442
vn -0.8975 -0.2588 -0.3572
vn -0.8985 -0.1646 -0.4070
vn -0.8840 -0.2371 -0.4030
vn -0.8491 -0.2557 -0.4621
vn -0.8840 -0.2371 -0.4029
vn -0.8996 -0.2469 -0.3602
vn -0.8839 -0.2342 -0.4048
vn -0.9141 -0.2587 -0.3123
vn 0.7917 -0.0431 -0.6093
vn 0.8102 -0.0691 -0.5820
vn 0.8286 -0.0454 -0.5580
vn 0.7087 -0.0658 -0.7024
vn -0.8660 -0.3339 -0.3722
vn -0.8791 -0.3133 -0.3592
vn -0.8484 -0.3810 -0.3675
vn -0.8286 -0.4271 -0.3618
vn -0.8402 -0.3902 -0.3766
vn -0.3789 -0.3917 -0.8385
vn -0.3630 -0.3534 -0.8622
vn -0.4038 -0.3506 -0.8450
vn -0.3468 -0.3967 -0.8499
vn -0.3270 -0.4720 -0.8187
vn -0.2639 -0.3572 -0.8960
vn -0.2417 -0.3526 -0.9040
vn -0.0589 -0.2524 -0.9658
vn 0.0136 -0.2887 -0.9573
vn -0.3372 0.0110 0.9414
vn -0.6031 -0.0288 0.7972
vn -0.3980 -0.0869 0.9133
vn -0.6186 -0.0882 0.7808
vn -0.3718 0.0056 0.9283
vn -0.5531 -0.0901 0.8282
vn -0.5346 -0.0702 0.8422
vn -0.2395 -0.0058 0.9709
vn 0.7200 0.0015 -0.6940
vn 0.7301 0.0017 -0.6834
vn 0.7410 0.0132 -0.6714
vn 0.7756 0.0005 -0.6312
vn -0.4004 0.1373 -0.9060
vn -0.3998 0.1526 -0.9038
vn -0.3996 0.1391 -0.9061
vn -0.3932 0.0741 -0.9165
vn -0.8756 -0.3490 -0.3340
vn -0.8791 -0.3134 -0.3591
vn -0.8791 -0.3133 -0.3591
vn -0.8930 -0.2562 -0.3700
vn -0.3648 -0.1658 0.9162
vn -0.2868 -0.1205 0.9504
vn -0.1845 -0.1177 0.9758
vn -0.4762 -0.1989 0.8565
vn -0.8255 -0.4264 -0.3698
vn -0.8032 -0.4286 -0.4137
vn -0.7353 -0.4660 -0.4921
vn -0.8630 -0.4026 -0.3053
vn -0.8770 -0.2670 0.3995
vn -0.8302 -0.1975 0.5213
vn -0.7807 -0.2298 0.5811
vn -0.8339 -0.2908 0.4690
vn -0.3890 -0.1668 0.9060
vn -0.5794 -0.1466 0.8017
vn -0.4103 -0.1062 0.9057
vn -0.3344 -0.1398 0.9320
vn -0.1636 -0.1044 0.9810
vn -0.5176 -0.1336 0.8451
vn -0.2124 -0.0339 0.9766
vn 0.1919 -0.1895 -0.9630
vn 0.1386 -0.2251 -0.9644
vn 0.1421 -0.2039 -0.9686
vn -0.0013 -0.2887 -0.9574
vn -0.8172 -0.4196 -0.3951
vn -0.8283 -0.5486 -0.1138
vn 0.5545 -0.6600 -0.5069
vn 0.5005 -0.6769 -0.5397
vn 0.6528 -0.6139 -0.4438
vn 0.3312 -0.7207 -0.6090
vn -0.9207 -0.2815 -0.2702
vn -0.9245 -0.3040 -0.2299
vn -0.9218 -0.3041 -0.2405
vn -0.9141 -0.2587 -0.3122
vn -0.9150 -0.2583 -0.3098
vn 0.6813 -0.1511 -0.7162
vn 0.6923 -0.1229 -0.7111
vn 0.6793 -0.1705 -0.7138
vn 0.6973 -0.1307 -0.7047
vn 0.7045 -0.1334 -0.6970
vn 0.7004 -0.1738 -0.6923
vn -0.8552 -0.3943 -0.3364
vn -0.8629 -0.3443 -0.3698
vn -0.8512 -0.3862 -0.3553
vn -0.3970 0.1799 -0.9000
vn -0.3985 0.1758 -0.9002
vn -0.3971 0.1800 -0.9000
vn -0.3975 0.1809 -0.8996
vn 0.9011 -0.1111 -0.4192
vn 0.8966 -0.1777 -0.4057
vn 0.9296 0.0396 -0.3663
vn -0.0014 -0.2887 -0.9574
vn -0.0696 -0.3077 -0.9489
vn -0.0644 -0.3030 -0.9508
vn -0.1000 -0.3273 -0.9396
vn -0.0800 -0.3133 -0.9463
vn -0.1000 -0.3274 -0.9396
vn -0.8885 -0.3890 -0.2435
vn -0.8883 -0.3916 -0.2398
vn 0.7176 -0.1423 -0.6818
vn 0.7243 -0.1335 -0.6764
vn 0.7129 -0.1511 -0.6848
vn 0.7467 -0.1051 -0.6568
vn 0.7563 -0.0956 -0.6473
vn 0.7558 -0.0972 -0.6476
vn 0.7920 -0.0569 -0.6079
vn -0.8797 -0.3531 0.3185
vn -0.8340 -0.2908 0.4690
vn -0.3972 0.1847 -0.8989
vn -0.3980 0.1836 -0.8988
vn -0.3973 0.1847 -0.8989
vn -0.6379 -0.4156 -0.6484
vn -0.5846 -0.4809 -0.6535
vn -0.9175 -0.3265 -0.2272
vn -0.9150 -0.3485 -0.2031
vn -0.9110 -0.3457 -0.2248
vn -0.9190 -0.3041 -0.2510
vn -0.0064 0.0213 0.9998
vn -0.0525 -0.1083 0.9927
vn -0.0064 -0.0964 0.9953
vn -0.0215 -0.0535 0.9983
vn 0.6991 -0.1802 -0.6919
vn 0.8932 -0.0660 -0.4447
vn 0.8830 0.0368 -0.4680
vn 0.8933 -0.0660 -0.4447
vn -0.8922 -0.4015 -0.2069
vn -0.9066 -0.3427 -0.2464
vn 0.7920 -0.0568 -0.6079
vn 0.8082 -0.0387 -0.5876
vn 0.8054 -0.0484 -0.5907
vn 0.8425 -0.0376 -0.5373
vn 0.6603 -0.1996 -0.7240
vn 0.6414 -0.2363 -0.7299
vn 0.0453 -0.0675 0.9967
vn 0.1407 -0.0444 0.9891
vn 0.2532 -0.3527 -0.9008
vn 0.1120 -0.3274 -0.9382
vn 0.2302 -0.3474 -0.9090
vn 0.0896 -0.3129 -0.9455
vn 0.0137 -0.2887 -0.9573
vn 0.0767 -0.3030 -0.9499
vn 0.7982 -0.0304 -0.6017
vn 0.8084 0.0544 -0.5861
vn 0.7908 -0.0727 -0.6078
vn 0.8355 -0.1623 -0.5250
vn 0.8538 -0.2094 -0.4765
vn 0.8437 -0.2088 -0.4946
vn 0.3740 -0.3534 -0.8574
vn 0.3576 -0.3968 -0.8454
vn 0.4144 -0.3505 -0.8399
vn 0.4147 -0.3507 -0.8397
vn 0.3375 -0.4720 -0.8144
vn 0.1509 -0.1044 0.9830
vn -0.0064 -0.0855 0.9963
vn 0.0056 -0.0896 0.9960
vn -0.0065 -0.0852 0.9963
vn -0.1635 -0.1044 0.9810
vn -0.1844 -0.1177 0.9758
vn -0.7071 -0.5613 -0.4301
vn -0.8052 -0.4583 -0.3762
vn -0.7118 -0.5751 -0.4031
vn -0.7591 -0.3482 0.5500
vn -0.8156 -0.4013 0.4169
vn 0.1552 -0.0685 0.9855
vn -0.0065 -0.0613 0.9981
vn -0.0071 -0.0697 0.9975
vn -0.2868 -0.1204 0.9504
vn 0.0024 -0.0649 0.9979
vn 0.4997 -0.2273 0.8359
vn 0.4375 -0.1946 0.8779
vn 0.4659 -0.1991 0.8622
vn 0.4989 -0.2225 0.8376
vn 0.6188 -0.2472 0.7457
vn 0.4068 -0.1594 0.8995
vn -0.4206 -0.0576 0.9054
vn -0.5486 -0.1223 0.8271
vn -0.4103 -0.1062 0.9058
vn -0.3332 -0.0701 0.9402
vn -0.3481 -0.0034 0.9375
vn 0.7254 -0.5375 -0.4300
vn 0.7532 -0.4869 -0.4423
vn -0.3491 -0.2367 0.9067
vn -0.5224 -0.2897 0.8020
vn -0.2180 -0.2513 0.9430
vn -0.5446 -0.2122 0.8114
vn 0.0265 -0.0756 0.9968
vn 0.8426 -0.0376 -0.5373
vn 0.8677 -0.0550 -0.4941
vn 0.8752 0.0114 -0.4837
vn 0.8624 -0.0882 -0.4985
vn -0.5080 -0.0332 0.8607
vn -0.5962 -0.1318 0.7920
vn -0.6376 -0.1920 0.7461
vn -0.4392 -0.4266 -0.7907
vn -0.3572 -0.4927 -0.7935
vn 0.3321 -0.1411 0.9326
vn 0.4374 -0.1946 0.8780
vn 0.1510 -0.1044 0.9830
vn 0.5295 -0.2299 0.8166
vn 0.5070 -0.1334 0.8516
vn -0.2123 -0.0339 0.9766
vn -0.0064 -0.0241 0.9997
vn -0.9034 -0.4190 -0.0908
vn -0.8156 -0.4013 0.4168
vn 0.7674 -0.2925 0.5705
vn 0.7811 -0.2751 0.5605
vn 0.7670 -0.3088 0.5625
vn 0.8004 -0.2588 0.5407
vn 0.7449 -0.3146 0.5883
vn 0.6189 -0.2472 0.7456
vn 0.7040 -0.2862 0.6500
vn 0.5834 -0.2017 0.7867
vn 0.0235 -0.0341 0.9991
vn 0.5069 -0.1334 0.8516
vn 0.3918 -0.1391 0.9095
vn 0.4514 -0.0318 0.8917
vn 0.4658 -0.1991 0.8622
vn -0.0064 0.0518 0.9986
vn -0.3717 0.0056 0.9283
vn -0.3371 0.0110 0.9414
vn -0.0064 0.0697 0.9975
vn -0.0064 0.0339 0.9994
vn 0.5905 -0.2945 -0.7514
vn 0.5486 -0.3519 -0.7584
vn 0.0149 0.0213 0.9997
vn 0.0748 0.0549 0.9957
vn 0.9582 -0.1846 -0.2185
vn 0.9582 -0.1846 -0.2184
vn 0.9935 0.0764 -0.0838
vn -0.5190 -0.5829 -0.6252
vn -0.4491 -0.6026 -0.6597
vn -0.4227 -0.6305 -0.6510
vn -0.4545 -0.6268 -0.6329
vn -0.2535 -0.6248 -0.7385
vn -0.2178 -0.6519 -0.7264
vn 0.9167 -0.0898 -0.3893
vn 0.8891 -0.0075 -0.4577
vn 0.9331 -0.1711 -0.3163
vn 0.6470 -0.2219 0.7294
vn 0.5379 -0.1224 0.8341
vn -0.0064 -0.0445 0.9990
vn -0.3979 -0.0869 0.9133
vn 0.3249 0.0109 0.9457
vn 0.6276 -0.1800 0.7575
vn 0.6297 -0.1159 0.7682
vn 0.7090 -0.1522 0.6886
vn 0.7356 -0.0842 0.6722
vn 0.5729 -0.0833 0.8154
vn 0.5834 -0.2016 0.7868
vn 0.3986 -0.1063 0.9109
vn 0.7798 -0.2364 -0.5797
vn 0.7621 -0.2714 -0.5878
vn 0.7824 -0.2581 -0.5667
vn 0.7607 -0.2855 -0.5830
vn 0.7913 -0.4328 -0.4320
vn 0.8031 -0.4111 -0.4313
vn 0.8146 -0.3612 -0.4538
vn 0.8063 -0.2547 0.5338
vn 0.7864 -0.2884 0.5463
vn 0.8140 -0.2044 0.5437
vn 0.7485 -0.0718 0.6593
vn 0.7587 -0.0450 0.6499
vn 0.5928 -0.0290 0.8049
vn 0.3862 -0.0873 0.9183
vn 0.6083 -0.0887 0.7887
vn 0.3250 0.0109 0.9456
vn 0.5532 -0.0319 0.8325
vn 0.4938 -0.0417 0.8686
vn 0.8326 -0.2887 -0.4727
vn 0.8253 -0.3671 -0.4291
vn 0.8326 -0.2888 -0.4727
vn 0.8089 -0.1812 0.5594
vn 0.7674 -0.1252 0.6289
vn 0.8319 -0.1844 0.5234
vn 0.8436 -0.2542 -0.4730
vn 0.8152 -0.3184 -0.4837
vn 0.7443 -0.3151 -0.5889
vn 0.7217 -0.3587 -0.5920
vn -0.4710 -0.0248 0.8818
vn 0.9033 -0.1403 -0.4054
vn 0.9148 -0.1701 -0.3663
vn 0.9033 -0.1404 -0.4054
vn 0.9095 -0.1697 -0.3795
vn 0.3771 -0.1673 0.9110
vn 0.5685 -0.1469 0.8094
vn 0.8453 -0.3900 -0.3653
vn 0.8508 -0.3710 -0.3721
vn 0.8308 -0.4092 -0.3773
vn 0.8725 -0.3506 -0.3405
vn 0.8507 -0.2116 -0.4812
vn 0.8507 -0.2115 -0.4812
vn 0.8361 -0.2111 -0.5063
vn 0.8596 -0.2342 -0.4541
vn 0.7399 -0.3776 -0.5568
vn 0.6617 -0.4999 -0.5588
vn 0.7431 -0.4357 -0.5079
vn 0.7399 -0.3775 -0.5568
vn 0.8025 -0.2472 -0.5431
vn 0.3861 -0.0873 0.9183
vn -0.0064 0.0686 0.9976
vn -0.0650 -0.0129 0.9978
vn -0.0841 -0.0210 0.9962
vn -0.0064 -0.0252 0.9997
vn -0.0065 -0.0679 0.9977
vn 0.1553 -0.0685 0.9855
vn 0.3316 -0.0373 0.9427
vn 0.1408 -0.0444 0.9890
vn 0.8779 -0.2739 -0.3927
vn 0.8436 -0.2542 -0.4729
vn -0.0064 -0.1537 0.9881
vn -0.3889 -0.1668 0.9061
vn -0.4226 -0.6305 -0.6510
vn -0.4610 -0.6450 -0.6095
vn -0.5217 -0.6196 -0.5864
vn -0.4600 -0.6270 -0.6287
vn -0.2143 -0.7017 -0.6794
vn 0.8966 -0.1778 -0.4057
vn 0.7431 -0.4356 -0.5079
vn 0.8153 -0.3184 -0.4837
vn 0.8146 -0.3655 -0.4503
vn 0.7950 -0.1665 0.5833
vn 0.7425 -0.0918 0.6635
vn 0.8089 -0.1812 0.5593
vn 0.9260 -0.3380 0.1683
vn 0.9590 -0.1814 0.2180
vn 0.7969 -0.1453 0.5864
vn 0.8253 -0.1202 0.5517
vn 0.8093 -0.2125 0.5476
vn 0.7921 -0.2184 0.5700
vn 0.8140 -0.2044 0.5438
vn 0.8229 -0.1612 0.5449
vn 0.0717 0.0023 0.9974
vn 0.0203 0.0675 0.9975
vn 0.0703 -0.0677 0.9952
vn -0.0062 -0.2610 0.9653
vn -0.3490 -0.2367 0.9067
vn 0.9036 -0.2294 -0.3617
vn 0.9060 -0.2616 -0.3326
vn 0.9019 -0.2590 -0.3456
vn 0.8779 -0.2294 -0.4204
vn 0.8879 -0.1974 -0.4156
vn 0.8725 -0.2453 -0.4226
vn 0.9093 -0.2510 -0.3319
vn 0.9171 -0.2593 -0.3030
vn 0.9093 -0.2510 -0.3318
vn 0.9180 -0.2589 -0.3006
vn 0.8622 -0.3706 -0.3454
vn 0.8707 -0.3340 -0.3610
vn 0.2055 -0.2512 0.9459
vn -0.0062 -0.2478 0.9688
vn 0.1528 -0.4484 0.8807
vn -0.0063 -0.2036 0.9790
vn -0.0058 -0.4387 0.8986
vn -0.8283 -0.5486 -0.1137
vn -0.7609 -0.5373 0.3637
vn 0.6864 -0.2258 0.6913
vn 0.8328 -0.2890 0.4721
vn 0.4622 -0.0593 0.8848
vn 0.9635 -0.2217 0.1498
vn 0.3770 -0.1673 0.9110
vn 0.8898 -0.3031 -0.3411
vn 0.8797 -0.3491 -0.3228
vn 0.8590 -0.3253 -0.3953
vn 0.8389 -0.3724 -0.3968
vn 0.8296 -0.3873 -0.4023
vn 0.8080 -0.4290 -0.4039
vn 0.8080 -0.4290 -0.4038
vn 0.7407 -0.4666 -0.4834
vn 0.8754 -0.3993 -0.2724
vn -0.4604 -0.4048 0.7900
vn -0.1645 -0.4486 0.8785
vn 0.9854 -0.1590 -0.0612
vn 0.9590 -0.1814 0.2179
vn 0.9636 -0.2218 0.1497
vn 0.9498 -0.2491 -0.1891
vn 0.9738 -0.2204 -0.0563
vn 0.9260 -0.3380 0.1682
vn 0.4492 -0.4267 -0.7850
vn 0.3673 -0.4928 -0.7888
vn 0.9237 -0.2841 -0.2571
vn 0.8798 -0.3410 -0.3310
vn 0.9020 -0.3401 -0.2659
vn 0.9026 -0.4251 -0.0682
vn -0.5046 -0.7539 -0.4208
vn -0.5405 -0.8276 -0.1514
vn -0.7118 -0.5752 -0.4031
vn -0.7095 -0.6918 -0.1342
vn -0.2179 -0.2513 0.9431
vn -0.1644 -0.4486 0.8785
vn 0.6416 -0.3240 0.6953
vn 0.5369 -0.2218 0.8140
vn 0.6863 -0.2258 0.6914
vn 0.6612 -0.4315 -0.6136
vn 0.6175 -0.4766 -0.6257
vn 0.0403 -0.2384 0.9703
vn -0.2133 -0.5530 -0.8054
vn -0.1155 -0.5907 -0.7986
vn 0.2628 -0.6248 -0.7352
vn 0.4436 -0.6374 -0.6300
vn 0.2258 -0.6576 -0.7187
vn 0.4575 -0.6027 -0.6539
vn 0.5269 -0.5830 -0.6184
vn 0.4625 -0.6268 -0.6270
vn 0.5786 -0.0782 0.8118
vn 0.4969 -0.0333 0.8671
vn 0.8045 -0.4343 -0.4052
vn 0.8048 -0.4402 -0.3980
vn -0.3525 0.0229 0.9355
vn -0.3530 0.0702 0.9330
vn -0.3538 -0.0026 0.9353
vn -0.0927 0.6281 0.7726
vn 0.0169 0.3522 0.9358
vn -0.0859 0.6222 0.7781
vn -0.0956 0.3702 0.9240
vn 0.9235 -0.2892 -0.2520
vn 0.9273 -0.3042 -0.2181
vn 0.9247 -0.3043 -0.2286
vn 0.8754 -0.3994 -0.2724
vn 0.8796 -0.4056 -0.2487
vn 0.8672 -0.4191 -0.2688
vn 0.8931 -0.3968 -0.2120
vn 0.8172 -0.4277 -0.3862
vn 0.8238 -0.5553 -0.1145
vn -0.3965 -0.6150 -0.6816
vn -0.4269 -0.6014 -0.6753
vn -0.1673 -0.7040 -0.6902
vn -0.2106 -0.7005 -0.6818
vn 0.4969 -0.0333 0.8672
vn 0.4596 -0.0249 0.8878
vn 0.8328 -0.2891 0.4720
vn 0.8838 -0.3479 0.3130
vn 0.9168 -0.3321 -0.2219
vn 0.9175 -0.3487 -0.1914
vn 0.9138 -0.3459 -0.2131
vn 0.9027 -0.3725 -0.2153
vn 0.8946 -0.4017 -0.1955
vn 0.6416 -0.3241 0.6952
vn 0.8148 -0.4008 0.4189
vn -0.0957 0.3702 0.9240
vn -0.1633 0.3460 0.9239
vn -0.2765 0.5460 0.7908
vn -0.4355 -0.7457 -0.5042
vn -0.3663 0.1634 0.9160
vn -0.4355 0.0559 0.8985
vn -0.3946 0.1200 0.9110
vn -0.4355 0.0559 0.8984
vn 0.4468 -0.6692 -0.5937
vn 0.2361 -0.7200 -0.6525
vn 0.4597 -0.6554 -0.5993
vn 0.3224 -0.6642 -0.6744
vn 0.1256 -0.5907 -0.7970
vn -0.0336 -0.6159 -0.7871
vn 0.2236 -0.5530 -0.8026
vn -0.0457 -0.6675 -0.7432
vn 0.7373 -0.5274 -0.4221
vn 0.7028 -0.5863 -0.4030
vn 0.0436 -0.6159 -0.7866
vn 0.0465 -0.6821 -0.7297
vn 0.4981 -0.5554 -0.6659
vn 0.4114 -0.6010 -0.6852
vn 0.9026 -0.4252 -0.0682
vn -0.3366 -0.9278 -0.1607
vn -0.4754 -0.8145 -0.3325
vn -0.3720 -0.8511 -0.3705
vn -0.4399 -0.8903 -0.1180
vn 0.4496 -0.4047 0.7963
vn 0.1528 -0.4485 0.8806
vn 0.3414 0.0459 0.9388
vn 0.3388 0.0482 0.9396
vn 0.3410 0.0701 0.9374
vn -0.3594 0.0694 0.9306
vn -0.3638 0.0466 0.9303
vn -0.3637 0.0503 0.9302
vn -0.3549 0.0921 0.9303
vn -0.3139 0.1211 0.9417
vn -0.3371 0.0988 0.9363
vn -0.3096 0.1432 0.9400
vn -0.3637 0.0540 0.9299
vn -0.3370 0.0986 0.9363
vn 0.1157 -0.6872 -0.7172
vn 0.2386 -0.6588 -0.7135
vn -0.1713 -0.9682 0.1822
vn -0.2216 -0.8098 0.5433
vn -0.4197 -0.8104 0.4087
vn -0.0203 -0.9535 0.3008
vn 0.0892 -0.9870 0.1337
vn -0.4128 -0.6405 0.6476
vn -0.6560 -0.7109 0.2536
vn -0.7609 -0.5373 0.3638
vn -0.7056 -0.4850 0.5166
vn -0.3850 0.2136 0.8979
vn -0.5057 0.0884 0.8582
vn -0.4376 0.1463 0.8872
vn -0.5693 0.0298 0.8216
vn 0.0464 -0.6821 -0.7297
vn -0.7095 -0.6919 -0.1340
vn -0.6560 -0.7109 0.2535
vn -0.5406 -0.8276 -0.1513
vn -0.4316 -0.8992 0.0726
vn 0.6893 -0.7186 -0.0918
vn 0.5336 -0.8224 -0.1976
vn 0.4909 -0.7752 -0.3976
vn -0.0690 0.0146 0.9975
vn -0.0171 0.1079 0.9940
vn -0.4127 -0.6405 0.6476
vn -0.0047 -0.6970 0.7170
vn -0.0052 -0.6194 0.7851
vn -0.2216 -0.8097 0.5434
vn 0.8237 -0.5303 0.2005
vn 0.8238 -0.5553 -0.1144
vn 0.4086 0.0917 0.9081
vn 0.3828 0.1199 0.9160
vn 0.3795 0.1414 0.9143
vn -0.4683 -0.7777 -0.4194
vn -0.3406 -0.8182 -0.4632
vn -0.1893 -0.8508 -0.4903
vn -0.1002 -0.8626 -0.4959
vn 0.2000 -0.8411 -0.5026
vn 0.2013 -0.8439 -0.4973
vn 0.3554 -0.8139 -0.4597
vn 0.3988 -0.8060 -0.4374
vn 0.4964 -0.7832 -0.3744
vn 0.3245 -0.8213 -0.4693
vn 0.5233 -0.7124 -0.4677
vn 0.3465 -0.9226 -0.1697
vn 0.4731 -0.8288 -0.2988
vn 0.4612 -0.8332 -0.3051
vn 0.3384 -0.8892 -0.3078
vn 0.3489 0.0642 0.9350
vn 0.3517 0.0465 0.9350
vn 0.3517 0.0503 0.9348
vn -0.2367 -0.8207 -0.5201
vn -0.1244 -0.8441 -0.5216
vn 0.3187 0.0987 0.9427
vn 0.2975 0.1431 0.9439
vn 0.3018 0.1210 0.9457
vn 0.2229 -0.5698 0.7910
vn 0.0592 -0.6571 0.7515
vn -0.2183 0.1957 0.9561
vn -0.2697 0.1447 0.9520
vn -0.2201 0.1899 0.9568
vn -0.3181 0.0988 0.9429
vn -0.3139 0.1210 0.9417
vn -0.2166 0.2014 0.9553
vn 0.1610 -0.8554 -0.4923
vn 0.1911 -0.8610 -0.4713
vn -0.1004 -0.9846 -0.1430
vn -0.0592 -0.9514 -0.3024
vn 0.7144 -0.6885 0.1249
vn 0.4660 0.1337 0.8746
vn 0.4262 0.1462 0.8927
vn -0.4974 -0.6937 0.5210
vn -0.3885 -0.7248 0.5690
vn -0.1693 -0.7397 0.6513
vn -0.2157 -0.9176 -0.3338
vn -0.2254 -0.9570 -0.1826
vn 0.3074 -0.8715 0.3820
vn 0.1691 -0.9679 0.1858
vn 0.4143 -0.8105 0.4141
vn 0.0163 -0.9535 0.3010
vn -0.0911 -0.9860 0.1393
vn 0.5627 -0.6748 0.4774
vn 0.5608 -0.6749 0.4797
vn 0.6740 -0.5304 0.5142
vn 0.6987 -0.4852 0.5258
vn -0.4687 -0.8833 -0.0072
vn -0.4399 -0.8903 -0.1179
vn -0.3431 -0.9390 -0.0217
vn -0.3366 -0.9278 -0.1606
vn -0.0911 -0.9861 0.1393
vn -0.1004 -0.9846 -0.1429
vn 0.2399 0.1637 0.9569
vn 0.2078 0.1899 0.9596
vn 0.2042 0.2014 0.9580
vn 0.3811 -0.7245 0.5743
vn 0.4905 -0.6933 0.5279
vn 0.1609 -0.7395 0.6536
vn -0.4450 -0.8689 0.2168
vn -0.3500 -0.9070 0.2344
vn -0.2500 -0.9354 0.2500
vn -0.4387 -0.8715 0.2189
vn -0.3877 0.1629 0.9073
vn -0.3518 0.1849 0.9176
vn -0.2910 0.2879 0.9124
vn -0.2910 0.2880 0.9124
vn -0.2646 0.3671 0.8917
vn 0.0619 -0.9441 -0.3238
vn 0.1023 -0.9821 -0.1579
vn -0.4161 0.2230 0.8816
vn -0.3850 0.2136 0.8978
vn -0.3576 0.2468 0.9007
vn -0.2698 0.3272 0.9056
vn -0.2409 0.3835 0.8916
vn 0.3464 -0.9226 -0.1696
vn 0.3525 -0.9350 -0.0384
vn 0.4456 -0.8945 -0.0370
vn 0.4710 -0.8816 -0.0295
vn 0.4810 -0.8738 0.0722
vn 0.5336 -0.8224 -0.1975
vn 0.2293 -0.9583 -0.1706
vn 0.2222 -0.9222 -0.3166
vn 0.2466 -0.9355 0.2532
vn 0.3468 -0.9070 0.2389
vn 0.4420 -0.8690 0.2225
vn 0.4357 -0.8717 0.2245
vn -0.2255 -0.9570 -0.1825
vn 0.3125 0.2468 0.9173
vn 0.3034 0.2065 0.9302
vn 0.2531 0.3671 0.8951
vn 0.3460 0.2467 0.9052
vn 0.3083 0.2934 0.9049
vn 0.2858 0.2694 0.9196
vn 0.4660 0.1338 0.8746
vn 0.2294 0.3835 0.8946
vn 0.3082 0.2934 0.9049
vn 0.1690 -0.9680 0.1857
vt 0.242243 0.950200
vt 0.088733 0.950599
vt 0.088792 1.000599
vt 0.088673 0.900598
vt 0.242183 0.900189
vt 0.350920 0.922075
vt 0.145780 0.922455
vt 0.351170 0.968320
vt 0.242123 0.850026
vt 0.088613 0.850477
vt 0.087713 0.132584
vt 0.241193 0.109297
vt 0.087684 0.103525
vt 0.241223 0.138824
vt 0.413306 0.108903
vt 0.597818 0.106542
vt 0.597790 0.079599
vt 0.413276 0.079957
vt 0.413336 0.138432
vt 0.597850 0.138117
vt 0.597212 0.186509
vt 0.412540 0.140267
vt 0.412700 0.187590
vt 0.597053 0.139173
vt 0.598870 0.949400
vt 0.414356 0.949800
vt 0.414416 0.999800
vt 0.087681 0.100114
vt 0.241194 0.109744
vt 0.241163 0.080354
vt 0.087653 0.073039
vt 0.597768 0.057955
vt 0.413248 0.052723
vt 0.241145 0.062588
vt 0.087636 0.056512
vt 0.087653 0.119914
vt 0.241139 0.104236
vt 0.087647 0.114253
vt 0.241163 0.127229
vt 0.087641 0.108641
vt 0.241126 0.091325
vt 0.413247 0.051704
vt 0.597773 0.062993
vt 0.597822 0.109896
vt 0.412461 0.115162
vt 0.596973 0.114065
vt 0.596894 0.089499
vt 0.412381 0.090595
vt 0.087773 0.193908
vt 0.241283 0.197127
vt 0.412460 0.115162
vt 0.216092 0.908814
vt 0.421233 0.955278
vt 0.421226 0.908411
vt 0.216092 0.955658
vt 0.087713 0.179459
vt 0.241223 0.185699
vt 0.356401 0.134158
vt 0.309007 0.109852
vt 0.308871 0.132872
vt 0.356537 0.111133
vt 0.241137 0.055388
vt 0.087631 0.051545
vt 0.413396 0.196739
vt 0.597910 0.196459
vt 0.241253 0.168105
vt 0.087743 0.163311
vt 0.597372 0.231706
vt 0.412859 0.232766
vt 0.413264 0.068434
vt 0.597778 0.068067
vt 0.413286 0.089717
vt 0.597805 0.093551
vt 0.413366 0.167714
vt 0.597880 0.167418
vt 0.413288 0.091564
vt 0.597802 0.091215
vt 0.413312 0.114949
vt 0.597826 0.114617
vt 0.597874 0.161573
vt 0.413360 0.161873
vt 0.413408 0.208240
vt 0.597922 0.207967
vt 0.088583 0.825641
vt 0.242093 0.825172
vt 0.413216 0.023594
vt 0.597731 0.023194
vt 0.308735 0.152700
vt 0.308464 0.188283
vt 0.356265 0.153990
vt 0.355994 0.189580
vt 0.597752 0.043441
vt 0.413227 0.033509
vt 0.241115 0.081747
vt 0.413224 0.030989
vt 0.597761 0.051369
vt 0.241132 0.049926
vt 0.087624 0.045082
vt 0.576611 0.127863
vt 0.709311 0.124433
vt 0.709144 0.106854
vt 0.576441 0.100411
vt 0.708978 0.087136
vt 0.576952 0.161166
vt 0.709645 0.157630
vt 0.576549 0.119156
vt 0.414296 0.899791
vt 0.598810 0.899399
vt 0.576393 0.090114
vt 0.241343 0.253789
vt 0.087833 0.251481
vt 0.416708 0.190251
vt 0.216092 0.216793
vt 0.417413 0.227780
vt 0.240588 0.188774
vt 0.086920 0.135959
vt 0.087079 0.185887
vt 0.240429 0.141438
vt 0.356673 0.082734
vt 0.309143 0.081458
vt 0.241125 0.043583
vt 0.087615 0.037350
vt 0.308192 0.224029
vt 0.355722 0.225336
vt 0.087773 0.236696
vt 0.241283 0.240294
vt 0.240349 0.116320
vt 0.086840 0.109945
vt 0.356129 0.172127
vt 0.308600 0.170834
vt 0.413456 0.253403
vt 0.597970 0.253150
vt 0.241174 0.090112
vt 0.087689 0.108344
vt 0.087665 0.084645
vt 0.241199 0.115342
vt 0.216092 0.876857
vt 0.421077 0.876447
vt 0.088553 0.801277
vt 0.242063 0.800791
vt 0.413018 0.276282
vt 0.597531 0.275248
vt 0.414236 0.849631
vt 0.598750 0.849277
vt 0.576311 0.057884
vt 0.708848 0.054176
vt 0.709978 0.193899
vt 0.577194 0.197438
vt 0.818067 0.090114
vt 0.950651 0.087136
vt 0.818166 0.109477
vt 0.950809 0.105850
vt 0.309279 0.046961
vt 0.356809 0.048230
vt 0.597785 0.120812
vt 0.597790 0.126474
vt 0.412266 0.184231
vt 0.241403 0.307783
vt 0.087893 0.304592
vt 0.576228 0.022279
vt 0.708719 0.018222
vt 0.951318 0.157630
vt 0.818285 0.127863
vt 0.818626 0.161166
vt 0.950985 0.124433
vt 0.818868 0.197438
vt 0.951652 0.193899
vt 0.087641 0.061537
vt 0.241152 0.068831
vt 0.413396 0.239771
vt 0.597850 0.184992
vt 0.413816 0.183776
vt 0.597910 0.239621
vt 0.950515 0.051958
vt 0.817962 0.054425
vt 0.414206 0.824779
vt 0.598720 0.824442
vt 0.241247 0.162264
vt 0.087737 0.157146
vt 0.241343 0.287503
vt 0.087833 0.284390
vt 0.414266 0.912650
vt 0.598750 0.900592
vt 0.598780 0.912312
vt 0.414236 0.900926
vt 0.414176 0.874873
vt 0.598690 0.874547
vt 0.414176 0.800399
vt 0.598690 0.800078
vt 0.087668 0.086989
vt 0.241176 0.092825
vt 0.597690 0.317707
vt 0.413178 0.318710
vt 0.307921 0.261729
vt 0.355451 0.263036
vt 0.413178 0.318701
vt 0.597690 0.317698
vt 0.240270 0.091737
vt 0.086761 0.084971
vt 0.087239 0.232289
vt 0.240748 0.233951
vt 0.596734 0.037911
vt 0.412221 0.038994
vt 0.413456 0.286896
vt 0.597970 0.286851
vt 0.577475 0.241738
vt 0.710312 0.238403
vt 0.216092 0.260665
vt 0.418465 0.264630
vt 0.414296 0.923220
vt 0.598810 0.922879
vt 0.413337 0.357348
vt 0.597850 0.356368
vt 0.598009 0.389574
vt 0.413496 0.390532
vt 0.308328 0.205800
vt 0.355858 0.207102
vt 0.329528 0.947438
vt 0.459901 1.000992
vt 0.459593 0.945437
vt 0.329861 1.002993
vt 0.413516 0.307399
vt 0.598030 0.307163
vt 0.598090 0.357711
vt 0.413576 0.357940
vt 0.597770 0.338875
vt 0.413337 0.360559
vt 0.597850 0.359592
vt 0.088493 0.753836
vt 0.242003 0.753320
vt 0.329194 0.891884
vt 0.459234 0.889882
vt 0.308056 0.242861
vt 0.355586 0.244168
vt 0.241463 0.358324
vt 0.087953 0.355635
vt 0.713313 0.774771
vt 0.580177 0.721218
vt 0.580600 0.776772
vt 0.712980 0.719217
vt 0.579789 0.665663
vt 0.712646 0.663662
vt 0.598570 0.817368
vt 0.598630 0.846468
vt 0.414116 0.846787
vt 0.414056 0.817680
vt 0.713647 0.830326
vt 0.581033 0.832327
vt 0.763143 0.947438
vt 0.893516 0.981305
vt 0.893208 0.945437
vt 0.763476 0.983306
vt 0.598169 0.418790
vt 0.413656 0.419751
vt 0.307785 0.279938
vt 0.355315 0.281244
vt 0.328861 0.836329
vt 0.458900 0.834328
vt 0.241403 0.329565
vt 0.087893 0.325672
vt 0.413815 0.447420
vt 0.598487 0.472622
vt 0.598328 0.446446
vt 0.413975 0.473609
vt 0.087593 0.017819
vt 0.241104 0.023994
vt 0.711646 0.481331
vt 0.711312 0.413455
vt 0.578698 0.482958
vt 0.578367 0.415140
vt 0.711979 0.548140
vt 0.579036 0.549881
vt 0.579394 0.610404
vt 0.712313 0.608398
vt 0.817864 0.016760
vt 0.950373 0.014891
vt 0.577721 0.295442
vt 0.710645 0.292693
vt 0.413736 0.434105
vt 0.598009 0.401214
vt 0.413496 0.402136
vt 0.710978 0.350918
vt 0.578020 0.352818
vt 0.088013 0.403789
vt 0.241553 0.426403
vt 0.241523 0.404775
vt 0.241583 0.447958
vt 0.088073 0.448404
vt 0.216092 0.837226
vt 0.421091 0.836801
vt 0.581460 0.887881
vt 0.713981 0.885880
vt 0.825986 0.090114
vt 0.958701 0.102852
vt 0.826086 0.108294
vt 0.958570 0.087136
vt 0.762809 0.891884
vt 0.892848 0.889882
vt 0.413516 0.328930
vt 0.598030 0.328925
vt 0.598090 0.368219
vt 0.413576 0.368243
vt 0.328527 0.780775
vt 0.458567 0.778773
vt 0.355179 0.298298
vt 0.307649 0.296995
vt 0.454897 0.162042
vt 0.454564 0.128997
vt 0.324858 0.166340
vt 0.324525 0.133097
vt 0.216092 0.335204
vt 0.420212 0.399571
vt 0.418584 0.335117
vt 0.216092 0.400041
vt 0.598510 0.788096
vt 0.413996 0.788405
vt 0.414146 0.861014
vt 0.598660 0.860692
vt 0.819149 0.241738
vt 0.951985 0.238403
vt 0.324191 0.095694
vt 0.454231 0.092062
vt 0.324358 0.115433
vt 0.454391 0.110822
vt 0.598660 0.860822
vt 0.414146 0.861145
vt 0.087785 0.205810
vt 0.241295 0.208628
vt 0.419853 0.429131
vt 0.216092 0.429654
vt 0.825857 0.046521
vt 0.958410 0.044016
vt 0.598150 0.406358
vt 0.413636 0.406447
vt 0.826204 0.127863
vt 0.958904 0.124433
vt 0.598150 0.404159
vt 0.413636 0.404391
vt 0.087398 0.275525
vt 0.240907 0.277457
vt 0.954987 0.774771
vt 0.821850 0.721218
vt 0.822274 0.776772
vt 0.954653 0.719217
vt 0.088133 0.491218
vt 0.241703 0.533152
vt 0.241643 0.490630
vt 0.088193 0.533738
vt 0.088253 0.576386
vt 0.241763 0.575806
vt 0.762475 0.836329
vt 0.892515 0.834328
vt 0.412221 0.064682
vt 0.412540 0.090684
vt 0.596734 0.063604
vt 0.597053 0.089605
vt 0.581806 0.943436
vt 0.714314 0.941435
vt 0.955320 0.830326
vt 0.822706 0.832327
vt 0.328194 0.725220
vt 0.458233 0.723219
vt 0.764810 0.891884
vt 0.895209 0.945437
vt 0.894850 0.889882
vt 0.765144 0.947438
vt 0.414116 0.752931
vt 0.598630 0.752636
vt 0.821462 0.665663
vt 0.954320 0.663662
vt 0.241463 0.368851
vt 0.087953 0.365433
vt 0.355043 0.313931
vt 0.307513 0.312626
vt 0.764477 0.836329
vt 0.894517 0.834328
vt 0.825762 0.011649
vt 0.958244 0.006942
vt 0.765477 0.985941
vt 0.895517 0.983939
vt 0.955654 0.885880
vt 0.823134 0.887881
vt 0.419546 0.456994
vt 0.216092 0.457539
vt 0.088433 0.707894
vt 0.241943 0.707355
vt 0.598210 0.445180
vt 0.413696 0.445358
vt 0.826545 0.161166
vt 0.959237 0.157630
vt 0.757806 0.095694
vt 0.887845 0.092062
vt 0.757964 0.114422
vt 0.887994 0.109654
vt 0.758140 0.133097
vt 0.888179 0.128997
vt 0.325192 0.202468
vt 0.455231 0.198131
vt 0.088163 0.512480
vt 0.088313 0.619443
vt 0.241823 0.618872
vt 0.420241 0.564937
vt 0.216092 0.538762
vt 0.216092 0.565423
vt 0.418997 0.538263
vt 0.216092 0.511940
vt 0.419937 0.511426
vt 0.414356 0.941704
vt 0.598870 0.941356
vt 0.598270 0.487966
vt 0.413756 0.488250
vt 0.598330 0.532240
vt 0.413816 0.532493
vt 0.413876 0.575422
vt 0.598390 0.575187
vt 0.354907 0.327814
vt 0.307377 0.326508
vt 0.414056 0.706968
vt 0.598570 0.706695
vt 0.324062 0.066466
vt 0.454074 0.054456
vt 0.953986 0.608398
vt 0.821068 0.610404
vt 0.819395 0.295442
vt 0.952319 0.292693
vt 0.953319 0.481331
vt 0.952986 0.413455
vt 0.820372 0.482958
vt 0.820040 0.415140
vt 0.598169 0.443591
vt 0.413656 0.444496
vt 0.953653 0.548140
vt 0.820710 0.549881
vt 0.762142 0.780775
vt 0.892181 0.778773
vt 0.241553 0.426478
vt 0.088043 0.426333
vt 0.420310 0.618074
vt 0.216092 0.618564
vt 0.888512 0.162042
vt 0.758473 0.166340
vt 0.088193 0.533579
vt 0.241703 0.532851
vt 0.598647 0.496617
vt 0.414134 0.497615
vt 0.088133 0.489533
vt 0.241643 0.488572
vt 0.413504 0.296853
vt 0.598018 0.296615
vt 0.327860 0.669665
vt 0.457900 0.667664
vt 0.962906 0.774771
vt 0.829769 0.721218
vt 0.830193 0.776772
vt 0.962572 0.719217
vt 0.216092 0.781160
vt 0.421023 0.780725
vt 0.216092 0.725863
vt 0.417288 0.725425
vt 0.216092 0.671873
vt 0.419209 0.671388
vt 0.952652 0.350918
vt 0.819693 0.352818
vt 0.087557 0.317322
vt 0.241066 0.319854
vt 0.241226 0.358460
vt 0.087717 0.356987
vt 0.241066 0.319863
vt 0.757670 0.064244
vt 0.887669 0.051161
vt 0.598180 0.425862
vt 0.413696 0.447575
vt 0.598210 0.447345
vt 0.598270 0.490019
vt 0.413756 0.490247
vt 0.413786 0.511509
vt 0.598300 0.511280
vt 0.598330 0.532539
vt 0.413816 0.532768
vt 0.598450 0.618244
vt 0.413936 0.618487
vt 0.241523 0.406987
vt 0.088013 0.405267
vt 0.764143 0.780775
vt 0.894183 0.778773
vt 0.829381 0.665663
vt 0.962239 0.663662
vt 0.955988 0.941435
vt 0.823479 0.943436
vt 0.088373 0.663187
vt 0.241883 0.662630
vt 0.598450 0.760062
vt 0.413936 0.760370
vt 0.412859 0.124982
vt 0.597372 0.123918
vt 0.597690 0.162497
vt 0.413178 0.163529
vt 0.241583 0.445798
vt 0.088073 0.445943
vt 0.582139 0.998990
vt 0.714647 0.996989
vt 0.963240 0.830326
vt 0.830625 0.832327
vt 0.952547 0.070639
vt 0.780796 0.101481
vt 0.780459 0.075095
vt 0.952884 0.096885
vt 0.953221 0.121703
vt 0.781132 0.126417
vt 0.413996 0.662244
vt 0.598510 0.661988
vt 0.413552 0.338181
vt 0.598066 0.337950
vt 0.598114 0.376814
vt 0.413600 0.377044
vt 0.241385 0.391602
vt 0.087876 0.391615
vt 0.961905 0.608398
vt 0.828987 0.610404
vt 0.240110 0.040085
vt 0.086601 0.033785
vt 0.598328 0.490129
vt 0.413815 0.491031
vt 0.757527 0.021025
vt 0.887512 0.009717
vt 0.826787 0.197438
vt 0.959571 0.193899
vt 0.087637 0.338642
vt 0.241146 0.340999
vt 0.457566 0.612280
vt 0.327527 0.614267
vt 0.961572 0.548140
vt 0.961238 0.481331
vt 0.828629 0.549881
vt 0.828291 0.482958
vt 0.953894 0.167929
vt 0.781806 0.172825
vt 0.891848 0.723219
vt 0.761808 0.725220
vt 0.780128 0.047575
vt 0.952216 0.043285
vt 0.779786 0.018701
vt 0.951874 0.014606
vt 0.241545 0.420811
vt 0.088036 0.421888
vt 0.961300 0.775005
vt 0.961974 0.831013
vt 0.789885 0.835069
vt 0.789212 0.779071
vt 0.325525 0.246328
vt 0.455565 0.242229
vt 0.952211 0.042811
vt 0.780122 0.047098
vt 0.758807 0.202468
vt 0.888845 0.198131
vt 0.598162 0.412906
vt 0.413648 0.413140
vt 0.790558 0.890854
vt 0.962647 0.886809
vt 0.960905 0.413455
vt 0.827959 0.415140
vt 0.241226 0.361678
vt 0.087717 0.359800
vt 0.323933 0.025059
vt 0.453897 0.009717
vt 0.963573 0.885880
vt 0.831053 0.887881
vt 0.827612 0.352818
vt 0.960571 0.350918
vt 0.457232 0.551678
vt 0.327193 0.553215
vt 0.087876 0.402858
vt 0.241385 0.403208
vt 0.893850 0.723219
vt 0.763810 0.725220
vt 0.823813 0.979304
vt 0.956321 0.977303
vt 0.598487 0.541174
vt 0.413975 0.542079
vt 0.267251 0.464139
vt 0.406813 0.526926
vt 0.266511 0.523480
vt 0.406654 0.467570
vt 0.879533 0.089959
vt 0.786951 0.120855
vt 0.787069 0.088964
vt 0.879670 0.121901
vt 0.788538 0.722896
vt 0.960627 0.718822
vt 0.786822 0.153106
vt 0.880435 0.154232
vt 0.086601 0.060649
vt 0.086920 0.087168
vt 0.240110 0.065769
vt 0.240429 0.091785
vt 0.827068 0.241738
vt 0.959905 0.238403
vt 0.354636 0.350999
vt 0.307106 0.349691
vt 0.789372 0.135810
vt 0.788924 0.170846
vt 0.961474 0.138661
vt 0.961122 0.173712
vt 0.414293 0.519384
vt 0.598806 0.518378
vt 0.789721 0.096143
vt 0.961822 0.098991
vt 0.456899 0.484527
vt 0.326859 0.485856
vt 0.960777 0.203957
vt 0.788675 0.201103
vt 0.242223 0.975444
vt 0.088633 0.966433
vt 0.242143 0.968923
vt 0.088713 0.973078
vt 0.827314 0.295442
vt 0.960238 0.292693
vt 0.087929 0.335461
vt 0.087905 0.314947
vt 0.241415 0.318189
vt 0.241439 0.338565
vt 0.326526 0.417754
vt 0.456565 0.416206
vt 0.791232 0.946432
vt 0.963320 0.942392
vt 0.087881 0.294181
vt 0.241391 0.297238
vt 0.598042 0.317571
vt 0.242303 0.991777
vt 0.088792 0.989615
vt 0.759140 0.246328
vt 0.889179 0.242229
vt 0.782479 0.216448
vt 0.954567 0.211421
vt 0.891514 0.667664
vt 0.761475 0.669665
vt 0.325859 0.299043
vt 0.455898 0.295631
vt 0.406533 0.568470
vt 0.265771 0.565015
vt 0.413744 0.481733
vt 0.598234 0.464451
vt 0.598258 0.481505
vt 0.413720 0.464679
vt 0.326192 0.355338
vt 0.456232 0.352859
vt 0.598647 0.594225
vt 0.414134 0.595137
vt 0.088553 0.951908
vt 0.242063 0.954862
vt 0.879143 0.052763
vt 0.787193 0.051772
vt 0.786576 0.205551
vt 0.880604 0.206806
vt 0.598390 0.736524
vt 0.413876 0.736830
vt 0.354364 0.369212
vt 0.306834 0.367903
vt 0.962171 0.056207
vt 0.790069 0.053361
vt 0.414416 0.957962
vt 0.759807 0.355338
vt 0.760140 0.417754
vt 0.889846 0.352859
vt 0.890180 0.416206
vt 0.831398 0.943436
vt 0.963907 0.941435
vt 0.759474 0.299043
vt 0.889513 0.295631
vt 0.787865 0.666044
vt 0.959954 0.661718
vt 0.240748 0.126100
vt 0.087239 0.124201
vt 0.598009 0.210647
vt 0.413496 0.211606
vt 0.598328 0.284072
vt 0.413815 0.284977
vt 0.414134 0.378420
vt 0.598647 0.377500
vt 0.893516 0.667664
vt 0.763476 0.669665
vt 0.783152 0.259803
vt 0.955241 0.254682
vt 0.760474 0.485856
vt 0.890513 0.484527
vt 0.890847 0.551678
vt 0.760808 0.553215
vt 0.761141 0.614267
vt 0.891181 0.612280
vt 0.088036 0.446639
vt 0.241545 0.445553
vt 0.354092 0.384821
vt 0.306563 0.383511
vt 0.241704 0.448480
vt 0.088195 0.449653
vt 0.088354 0.475826
vt 0.241863 0.474669
vt 0.242023 0.498675
vt 0.088514 0.499819
vt 0.088703 0.930178
vt 0.242243 0.942099
vt 0.088733 0.939083
vt 0.242213 0.933227
vt 0.414777 0.846263
vt 0.242979 0.900519
vt 0.242865 0.847159
vt 0.087977 0.375356
vt 0.241487 0.377427
vt 0.353821 0.401656
vt 0.306291 0.400345
vt 0.889688 0.057614
vt 0.759481 0.012946
vt 0.889520 0.011480
vt 0.759647 0.056055
vt 0.406332 0.600124
vt 0.265031 0.596663
vt 0.960080 0.255540
vt 0.787978 0.252685
vt 0.760141 0.133097
vt 0.890003 0.110355
vt 0.890180 0.128997
vt 0.759939 0.111402
vt 0.963993 0.997943
vt 0.791905 1.001983
vt 0.759807 0.095694
vt 0.889847 0.092062
vt 0.878762 0.012661
vt 0.787316 0.011674
vt 0.242979 0.634755
vt 0.089470 0.635826
vt 0.089789 0.735827
vt 0.413276 0.509689
vt 0.597731 0.460238
vt 0.597790 0.509320
vt 0.413216 0.460638
vt 0.787192 0.606430
vt 0.959280 0.601777
vt 0.088792 0.955491
vt 0.598806 0.646177
vt 0.414293 0.647101
vt 0.353549 0.425223
vt 0.306019 0.423911
vt 0.786329 0.254152
vt 0.881000 0.255523
vt 0.414206 0.888231
vt 0.598720 0.887900
vt 0.783825 0.305610
vt 0.955914 0.300426
vt 0.786519 0.544383
vt 0.958607 0.539477
vt 0.763143 0.614267
vt 0.893183 0.612280
vt 0.088373 0.785989
vt 0.241823 0.760761
vt 0.241883 0.788796
vt 0.088313 0.757725
vt 0.241943 0.818072
vt 0.088433 0.815107
vt 0.413296 0.523766
vt 0.241104 0.461038
vt 0.241183 0.524163
vt 0.241066 0.164634
vt 0.087557 0.163011
vt 0.598306 0.515531
vt 0.413768 0.498754
vt 0.598282 0.498526
vt 0.413792 0.515760
vt 0.243138 0.950529
vt 0.089629 0.951591
vt 0.089789 1.001591
vt 0.302993 0.981805
vt 0.158907 0.928834
vt 0.303504 0.932295
vt 0.158167 0.978345
vt 0.242303 0.864856
vt 0.088745 0.828071
vt 0.242255 0.827671
vt 0.088792 0.865256
vt 0.598965 0.539327
vt 0.414453 0.540339
vt 0.413336 0.548829
vt 0.597850 0.548486
vt 0.088697 0.795832
vt 0.242207 0.795432
vt 0.760475 0.166340
vt 0.890514 0.162042
vt 0.088673 0.920534
vt 0.242183 0.923614
vt 0.785845 0.480537
vt 0.957934 0.475454
vt 0.088025 0.412891
vt 0.241535 0.413524
vt 0.956587 0.351447
vt 0.784499 0.356658
vt 0.264291 0.623545
vt 0.406172 0.627011
vt 0.831732 0.981938
vt 0.964240 0.979937
vt 0.088195 0.493352
vt 0.241704 0.492089
vt 0.762810 0.553215
vt 0.892849 0.551678
vt 0.785172 0.415647
vt 0.957260 0.410463
vt 0.150518 0.668098
vt 0.150313 0.613660
vt 0.322424 0.613099
vt 0.322429 0.667671
vt 0.088643 0.909937
vt 0.242153 0.913044
vt 0.786082 0.303891
vt 0.881456 0.305367
vt 0.088649 0.767498
vt 0.242159 0.767080
vt 0.320193 0.041816
vt 0.147763 0.039830
vt 0.319874 0.038768
vt 0.148081 0.042876
vt 0.959383 0.298202
vt 0.787281 0.295346
vt 0.242003 0.847179
vt 0.088493 0.844100
vt 0.413376 0.570302
vt 0.241263 0.570696
vt 0.598965 0.696889
vt 0.414453 0.697830
vt 0.089550 0.926592
vt 0.243059 0.925529
vt 0.784354 0.690779
vt 0.784601 0.611555
vt 0.879998 0.612742
vt 0.879422 0.691783
vt 0.168530 0.463792
vt 0.308092 0.526361
vt 0.167790 0.522914
vt 0.307933 0.467223
vt 0.414453 0.463520
vt 0.598806 0.422141
vt 0.414293 0.423081
vt 0.598965 0.462552
vt 0.241763 0.737220
vt 0.088253 0.733474
vt 0.784848 0.544886
vt 0.880573 0.546237
vt 0.413396 0.579916
vt 0.597910 0.579590
vt 0.760808 0.202468
vt 0.890847 0.198131
vt 0.762476 0.485856
vt 0.892515 0.484527
vt 0.089311 0.587949
vt 0.242820 0.586837
vt 0.148400 0.110410
vt 0.320511 0.109298
vt 0.881858 0.354282
vt 0.785835 0.352734
vt 0.159648 0.885742
vt 0.304035 0.889211
vt 0.785095 0.489144
vt 0.881147 0.490616
vt 0.241863 0.543136
vt 0.088354 0.544396
vt 0.089470 0.901591
vt 0.088473 0.930655
vt 0.241983 0.933703
vt 0.958686 0.335534
vt 0.786584 0.332679
vt 0.167049 0.564210
vt 0.307812 0.567665
vt 0.263551 0.649200
vt 0.405728 0.652670
vt 0.088601 0.742027
vt 0.242111 0.741592
vt 0.241385 0.212665
vt 0.087876 0.213670
vt 0.785342 0.441174
vt 0.881517 0.442720
vt 0.881783 0.398670
vt 0.785588 0.397098
vt 0.242033 0.861537
vt 0.088523 0.858423
vt 0.762142 0.417754
vt 0.892181 0.416206
vt 0.599125 0.747494
vt 0.414612 0.748456
vt 0.957988 0.370450
vt 0.785887 0.367596
vt 0.598354 0.549061
vt 0.413840 0.549302
vt 0.598270 0.698628
vt 0.413696 0.681294
vt 0.598210 0.680993
vt 0.413756 0.698929
vt 0.597970 0.604934
vt 0.413456 0.605249
vt 0.761142 0.246328
vt 0.891181 0.242229
vt 0.166309 0.595771
vt 0.307610 0.599232
vt 0.087653 0.502881
vt 0.241163 0.510086
vt 0.087593 0.455125
vt 0.089151 0.544018
vt 0.242660 0.542877
vt 0.761809 0.355338
vt 0.891848 0.352859
vt 0.148719 0.156114
vt 0.320830 0.155002
vt 0.088613 0.898192
vt 0.242123 0.901320
vt 0.242063 0.875266
vt 0.088553 0.872132
vt 0.241343 0.605641
vt 0.598330 0.716816
vt 0.413816 0.717120
vt 0.957291 0.405772
vt 0.785190 0.402918
vt 0.305884 0.443273
vt 0.353413 0.444586
vt 0.761475 0.299043
vt 0.891514 0.295631
vt 0.598402 0.579281
vt 0.413888 0.579545
vt 0.165569 0.622732
vt 0.307451 0.626199
vt 0.150153 0.555198
vt 0.322264 0.554697
vt 0.088553 0.718944
vt 0.242063 0.718494
vt 0.413636 0.663819
vt 0.598150 0.663518
vt 0.599205 0.772748
vt 0.414692 0.773722
vt 0.088193 0.713289
vt 0.241703 0.717511
vt 0.088583 0.885486
vt 0.242093 0.888624
vt 0.262810 0.676175
vt 0.405100 0.679648
vt 0.414056 0.793011
vt 0.413936 0.755198
vt 0.598450 0.754903
vt 0.598570 0.792694
vt 0.087713 0.542310
vt 0.241223 0.549224
vt 0.242303 0.958357
vt 0.242023 0.596195
vt 0.088514 0.597445
vt 0.088673 0.649394
vt 0.242182 0.648159
vt 0.160388 0.847248
vt 0.304485 0.850723
vt 0.598594 0.674996
vt 0.414032 0.653798
vt 0.598546 0.653480
vt 0.414080 0.675327
vt 0.956594 0.444985
vt 0.784493 0.442132
vt 0.782402 0.610789
vt 0.781705 0.689890
vt 0.954503 0.613638
vt 0.599125 0.561267
vt 0.414612 0.562284
vt 0.598642 0.696131
vt 0.414128 0.696474
vt 0.149994 0.496565
vt 0.322105 0.496126
vt 0.413816 0.722536
vt 0.598330 0.722256
vt 0.414326 0.932833
vt 0.164829 0.648672
vt 0.307006 0.652142
vt 0.414176 0.841967
vt 0.598690 0.841618
vt 0.598030 0.626449
vt 0.413516 0.626757
vt 0.783099 0.544249
vt 0.955200 0.547100
vt 0.321149 0.196733
vt 0.149038 0.197642
vt 0.598450 0.606310
vt 0.413936 0.606595
vt 0.413984 0.631122
vt 0.598498 0.630819
vt 0.598666 0.706657
vt 0.414155 0.708583
vt 0.955897 0.491572
vt 0.783796 0.488720
vt 0.241704 0.286017
vt 0.088195 0.289940
vt 0.241631 0.482116
vt 0.088097 0.465650
vt 0.088121 0.482704
vt 0.088145 0.499725
vt 0.241679 0.516143
vt 0.088169 0.516730
vt 0.088217 0.550260
vt 0.241727 0.549686
vt 0.089389 0.876035
vt 0.243187 0.874923
vt 0.598210 0.690075
vt 0.413696 0.690342
vt 0.598090 0.660708
vt 0.413576 0.660964
vt 0.415090 0.899457
vt 0.243298 1.000529
vt 0.413616 0.736055
vt 0.598050 0.698682
vt 0.598130 0.735750
vt 0.413536 0.698983
vt 0.598290 0.809580
vt 0.598370 0.845559
vt 0.413856 0.845878
vt 0.413776 0.809892
vt 0.164089 0.676253
vt 0.306378 0.679727
vt 0.598210 0.772392
vt 0.413696 0.772700
vt 0.414296 0.909663
vt 0.598810 0.909264
vt 0.823158 0.680146
vt 0.995311 0.686626
vt 0.995271 0.679749
vt 0.823198 0.687023
vt 0.089311 0.851473
vt 0.242820 0.850357
vt 0.088529 0.708019
vt 0.242039 0.707563
vt 0.598090 0.645609
vt 0.413576 0.645913
vt 0.599125 0.500321
vt 0.414612 0.501305
vt 0.413456 0.635496
vt 0.597970 0.635248
vt 0.599284 0.797965
vt 0.414771 0.798953
vt 0.088528 0.707856
vt 0.242040 0.708021
vt 0.241423 0.633734
vt 0.413536 0.633343
vt 0.598450 0.878999
vt 0.413936 0.879327
vt 0.599364 0.823142
vt 0.414851 0.824145
vt 0.598666 0.706819
vt 0.414153 0.707627
vt 0.995351 0.694338
vt 0.823238 0.694734
vt 0.413336 0.610326
vt 0.597850 0.610084
vt 0.823078 0.668161
vt 0.995191 0.667765
vt 0.995431 0.712994
vt 0.823278 0.703559
vt 0.823318 0.713390
vt 0.995391 0.703164
vt 0.242182 0.520444
vt 0.088673 0.521578
vt 0.163348 0.707623
vt 0.305718 0.711099
vt 0.242015 0.696868
vt 0.088505 0.697330
vt 0.413456 0.654480
vt 0.597970 0.654178
vt 0.088133 0.694901
vt 0.241643 0.699319
vt 0.241283 0.580309
vt 0.087773 0.574521
vt 0.088832 0.465930
vt 0.242501 0.502365
vt 0.242341 0.464577
vt 0.088992 0.503525
vt 0.262070 0.706380
vt 0.404440 0.709854
vt 0.161128 0.811484
vt 0.303859 0.814958
vt 0.598690 0.717744
vt 0.414176 0.718099
vt 0.413216 0.590657
vt 0.597731 0.590420
vt 0.321468 0.263318
vt 0.149356 0.263668
vt 0.149516 0.318654
vt 0.321627 0.318408
vt 0.242023 0.379464
vt 0.088514 0.382736
vt 0.242341 0.698889
vt 0.088832 0.700103
vt 0.241183 0.537685
vt 0.087593 0.460760
vt 0.241104 0.466935
vt 0.087673 0.530563
vt 0.414016 0.908873
vt 0.598530 0.908536
vt 0.088073 0.677467
vt 0.241583 0.681684
vt 0.822998 0.657716
vt 0.995111 0.657319
vt 0.823358 0.724088
vt 0.995470 0.723692
vt 0.149834 0.437929
vt 0.321786 0.377815
vt 0.321946 0.437551
vt 0.149675 0.378128
vt 0.414931 0.849296
vt 0.599520 0.872842
vt 0.599444 0.848277
vt 0.414682 0.873899
vt 0.822518 0.554389
vt 0.822598 0.590244
vt 0.994631 0.553993
vt 0.994711 0.589847
vt 0.822678 0.612135
vt 0.994791 0.611739
vt 0.305191 0.745630
vt 0.162608 0.742153
vt 0.241903 0.798520
vt 0.414016 0.798129
vt 0.414096 0.837155
vt 0.241983 0.837547
vt 0.088673 0.426615
vt 0.242182 0.424130
vt 0.242033 0.861407
vt 0.088523 0.858292
vt 0.414771 0.586506
vt 0.599284 0.585481
vt 0.994551 0.493604
vt 0.822438 0.494003
vt 0.823398 0.736013
vt 0.995511 0.735616
vt 0.241463 0.646237
vt 0.413576 0.645847
vt 0.822758 0.627055
vt 0.994871 0.626658
vt 0.995670 0.806067
vt 0.823558 0.806467
vt 0.995750 0.864457
vt 0.414224 0.741196
vt 0.598738 0.740828
vt 0.822918 0.648068
vt 0.995031 0.647671
vt 0.304569 0.762715
vt 0.162238 0.759239
vt 0.823478 0.765569
vt 0.995590 0.765171
vt 0.305748 0.462640
vt 0.353278 0.463953
vt 0.161868 0.776481
vt 0.304690 0.779957
vt 0.414771 0.541817
vt 0.599444 0.584753
vt 0.599284 0.540818
vt 0.414931 0.585775
vt 0.241223 0.610710
vt 0.087593 0.591619
vt 0.241104 0.591041
vt 0.087713 0.611283
vt 0.599683 0.923404
vt 0.415170 0.924467
vt 0.599603 0.898403
vt 0.994951 0.638027
vt 0.822838 0.638424
vt 0.088992 0.750703
vt 0.242501 0.749515
vt 0.089151 0.801168
vt 0.242740 0.825206
vt 0.242660 0.800013
vt 0.089231 0.826342
vt 0.599762 0.948404
vt 0.415250 0.949466
vt 0.415409 0.999466
vt 0.241967 0.675720
vt 0.088457 0.676195
vt 0.414096 0.933309
vt 0.598610 0.932964
vt 0.241263 0.601102
vt 0.087753 0.596396
vt 0.241503 0.658324
vt 0.413616 0.657934
vt 0.241343 0.654871
vt 0.087833 0.651248
vt 0.403912 0.742443
vt 0.261330 0.738968
vt 0.403411 0.774242
vt 0.260590 0.770769
vt 0.413856 0.729858
vt 0.241743 0.730249
vt 0.087833 0.601198
vt 0.241343 0.635881
vt 0.087833 0.636447
vt 0.242580 0.774782
vt 0.089072 0.775954
vt 0.088265 0.580480
vt 0.241775 0.579931
vt 0.413376 0.600710
vt 0.597890 0.600392
vt 0.241903 0.909267
vt 0.088393 0.906152
vt 0.413296 0.537290
vt 0.597731 0.466135
vt 0.597810 0.536939
vt 0.413216 0.466535
vt 0.088013 0.660458
vt 0.241523 0.664210
vt 0.599603 0.632638
vt 0.415090 0.633693
vt 0.415409 0.733702
vt 0.241663 0.705308
vt 0.413776 0.704917
vt 0.414931 0.614267
vt 0.599444 0.613231
vt 0.241423 0.699373
vt 0.087913 0.694930
vt 0.241823 0.606983
vt 0.088313 0.607510
vt 0.414272 0.766682
vt 0.598786 0.766298
vt 0.241919 0.654190
vt 0.088409 0.654680
vt 0.402642 0.790344
vt 0.260220 0.786873
vt 0.401715 0.970211
vt 0.257629 0.915802
vt 0.402226 0.919258
vt 0.256889 0.966757
vt 0.242303 1.000200
vt 0.241463 0.661350
vt 0.087953 0.661908
vt 0.088832 0.542526
vt 0.242341 0.541400
vt 0.088361 0.632019
vt 0.241871 0.631512
vt 0.241403 0.627148
vt 0.087893 0.623455
vt 0.414320 0.795032
vt 0.598834 0.794632
vt 0.258369 0.873055
vt 0.402757 0.876520
vt 0.259850 0.802963
vt 0.402580 0.806433
vt 0.241463 0.646304
vt 0.087953 0.642758
vt 0.415090 0.646800
vt 0.599603 0.645743
vt 0.259109 0.836232
vt 0.403207 0.839702
vt 0.241583 0.690728
vt 0.088073 0.691274
vt 0.414368 0.827271
vt 0.598882 0.826871
vt 0.241503 0.736446
vt 0.087993 0.732655
vt 0.414416 0.864457
vt 0.598930 0.864057
vt 0.598690 0.954115
vt 0.414176 0.954467
vt 0.241823 0.879720
vt 0.088313 0.876583
vt 0.415250 0.685343
vt 0.599762 0.684280
vt 0.241703 0.722924
vt 0.088193 0.723455
vt 0.088992 0.564464
vt 0.242501 0.563345
vt 0.415409 0.731241
vt 0.599922 0.730178
vt 0.309193 0.523674
vt 0.414256 0.908877
vt 0.242143 0.909270
vt 0.241823 0.755588
vt 0.088313 0.756102
vt 0.241583 0.773091
vt 0.088073 0.770287
vt 0.241663 0.810283
vt 0.241743 0.846270
vt 0.414256 0.968526
vt 0.598770 0.968153
vt 0.088233 0.843193
vt 0.089151 0.588677
vt 0.242660 0.587567
vt 0.088153 0.807357
vt 0.414336 0.935862
vt 0.242223 0.936256
vt 0.598840 0.932488
vt 0.598850 0.974669
vt 0.414336 0.975046
vt 0.242820 0.615329
vt 0.089311 0.616424
vt 0.414416 0.991379
vt 0.598930 0.990996
vt 0.242255 0.960200
vt 0.414368 0.959800
vt 0.089629 0.687468
vt 0.243298 0.732303
vt 0.243138 0.686405
vt 0.089789 0.733366
vt 0.241943 0.793403
vt 0.088433 0.793894
vt 0.242207 0.920200
vt 0.414320 0.919800
vt 0.242183 0.910062
vt 0.088553 0.842818
vt 0.242063 0.842361
vt 0.088673 0.910463
vt 0.241871 0.653809
vt 0.413984 0.653424
vt 0.242979 0.647862
vt 0.089470 0.648931
vt 0.241919 0.689331
vt 0.414032 0.688945
vt 0.241775 0.584377
vt 0.413888 0.583993
vt 0.242159 0.880147
vt 0.414272 0.879750
vt 0.241967 0.725578
vt 0.414080 0.725190
vt 0.242015 0.762686
vt 0.414128 0.762296
vt 0.242111 0.840026
vt 0.414224 0.839631
vt 0.413840 0.549798
vt 0.241727 0.550182
vt 0.242039 0.781605
vt 0.414153 0.782024
vt 0.242040 0.782415
vt 0.414155 0.783710
vt 1.013338 0.295442
vt 1.013091 0.241738
vt 1.013636 0.352818
vt 1.013983 0.415140
vt 1.012810 0.197438
vt 1.014314 0.482958
vt 1.014652 0.549881
vt 1.015011 0.610404
vt 1.015405 0.665663
vt 1.015793 0.721218
vt 1.013403 0.665663
vt 1.013009 0.610404
vt 1.012651 0.549881
vt 1.011981 0.415140
vt 1.011634 0.352818
vt 1.011336 0.295442
vt 1.012569 0.161166
vt 1.017755 0.981938
vt 1.017422 0.943436
vt 1.012313 0.482958
vt 1.016216 0.776772
vt 1.011090 0.241738
vt 1.013791 0.721218
vt 1.014215 0.776772
vt 1.017077 0.887881
vt 1.016649 0.832327
vt 1.015754 0.979304
vt 1.015420 0.943436
vt 1.010809 0.197438
vt 1.014647 0.832327
vt 1.015075 0.887881
vt 0.980345 0.008568
vt 1.011880 0.046521
vt 1.011785 0.011649
vt 1.012009 0.090114
vt 1.012227 0.127863
vt 1.012109 0.108294
vt 0.346319 0.812256
vt 0.242078 0.812924
vt 0.345196 0.751715
vt 0.241853 0.640647
vt 0.346029 0.582031
vt 0.241778 0.586522
vt 0.343442 0.637081
vt 0.241928 0.696068
vt 0.341740 0.693498
vt 0.345781 0.527647
vt 1.010567 0.161166
vt 0.241628 0.479987
vt 0.344632 0.473349
vt 0.345216 0.361807
vt 0.241478 0.370342
vt 0.344718 0.418890
vt 0.241591 0.453310
vt 0.344523 0.446193
vt 1.009805 0.016760
vt 1.009903 0.054425
vt 1.010008 0.090114
vt 0.344102 0.330918
vt 0.241441 0.339818
vt 0.347054 0.874929
vt 0.242153 0.875131
vt 0.242228 0.937700
vt 0.346023 0.937502
vt 0.242283 0.983945
vt 0.343494 0.298595
vt 0.472520 0.069839
vt 0.497957 0.009156
vt 0.341722 0.231607
vt 0.241328 0.239838
vt 0.311448 0.132297
vt 0.241216 0.131485
vt 0.331560 0.165480
vt 0.275591 0.095343
vt 0.413736 0.467762
vt 1.010226 0.127863
vt 1.010107 0.109477
vt 0.353440 0.079112
vt 0.241115 0.034872
vt 0.241126 0.044450
vt 0.241139 0.057361
s 1
usemtl Material_4
f 1/1/1 2/2/2 3/3/3
f 4/1/4 5/3/5 6/2/6
f 7/1/7 8/3/8 9/2/9
f 10/1/10 11/4/11 12/2/12
f 11/4/11 10/1/10 13/5/13
f 10/1/10 12/2/12 14/3/14
f 15/1/15 16/4/16 17/2/17
f 16/4/16 15/1/15 18/5/18
f 15/1/15 17/2/17 19/3/19
f 1/1/1 20/4/20 2/2/2
f 20/4/20 1/1/1 21/5/21
f 22/4/22 23/1/23 24/2/24
f 23/1/23 22/4/22 25/5/25
f 23/1/23 26/3/26 24/2/24
f 27/6/27 28/7/28 29/8/29
f 30/4/30 7/1/7 9/2/9
f 7/1/7 30/4/30 31/5/31
f 32/4/32 4/1/4 6/2/6
f 4/1/4 32/4/32 33/5/33
f 34/6/34 29/8/29 28/7/28
f 11/4/11 35/9/35 36/10/36
f 13/5/13 35/9/35 11/4/11
f 21/5/21 37/10/37 20/4/20
f 37/10/37 21/5/21 38/9/38
f 39/11/39 40/12/40 41/13/41
f 40/12/40 39/11/39 42/14/42
f 43/15/40 44/16/43 45/17/44
f 43/15/40 45/17/44 46/18/45
f 47/19/42 44/16/43 43/15/40
f 44/16/43 47/19/42 48/20/46
f 49/21/47 50/22/48 51/23/49
f 50/22/48 49/21/47 52/24/50
f 53/25/51 54/26/52 55/27/53
f 56/18/54 57/17/55 58/15/56
f 57/17/55 59/16/57 58/15/56
f 60/14/49 61/28/58 62/11/46
f 61/28/58 60/14/49 63/29/59
f 64/12/60 65/13/61 66/30/62
f 66/30/62 65/13/61 67/31/63
f 41/13/41 40/12/40 68/30/64
f 41/13/41 68/30/64 69/31/65
f 63/29/59 70/31/66 61/28/58
f 70/31/66 63/29/59 71/30/67
f 72/32/68 56/18/54 73/33/69
f 56/18/54 72/32/68 57/17/55
f 74/34/69 67/31/63 75/35/70
f 67/31/63 74/34/69 66/30/62
f 76/36/71 77/37/72 78/38/73
f 77/37/72 76/36/71 79/39/74
f 80/25/75 81/27/76 82/26/77
f 83/40/78 84/41/79 85/37/80
f 86/31/81 87/30/82 88/28/57
f 87/30/82 89/29/83 88/28/57
f 90/42/79 91/43/84 92/17/63
f 90/42/79 92/17/63 93/18/80
f 94/44/85 95/18/86 96/19/74
f 95/18/86 94/44/85 97/17/87
f 96/19/74 98/20/88 94/44/85
f 99/44/89 93/18/80 92/17/63
f 93/18/80 99/44/89 100/19/90
f 101/20/91 100/19/90 99/44/89
f 102/39/90 103/36/92 85/37/80
f 85/37/80 103/36/92 104/38/93
f 52/24/50 105/45/67 50/22/48
f 105/45/67 52/24/50 106/46/94
f 105/45/67 106/46/94 107/47/95
f 105/45/67 107/47/95 108/48/96
f 109/49/97 42/14/42 39/11/39
f 42/14/42 109/49/97 110/50/98
f 18/5/18 111/10/99 16/4/16
f 111/10/99 18/5/18 112/9/100
f 46/18/45 113/32/101 114/33/102
f 113/32/101 46/18/45 45/17/44
f 69/31/65 115/34/102 116/35/103
f 115/34/102 69/31/65 68/30/64
f 117/22/104 118/24/105 119/46/106
f 117/22/104 119/46/106 120/51/107
f 121/52/108 122/53/109 123/54/110
f 122/53/109 121/52/108 124/55/111
f 125/56/112 79/39/74 76/36/71
f 79/39/74 125/56/112 126/57/113
f 64/12/60 127/11/91 65/13/61
f 127/11/91 64/12/60 128/14/114
f 59/16/57 129/19/114 58/15/56
f 129/19/114 59/16/57 130/20/115
f 131/21/116 117/22/104 132/23/117
f 117/22/104 131/21/116 118/24/105
f 133/40/73 77/37/118 134/41/119
f 97/17/87 135/42/120 95/18/86
f 135/42/120 97/17/87 136/43/121
f 89/29/83 137/14/122 88/28/57
f 88/28/57 137/14/122 138/11/123
f 139/58/124 140/59/125 141/60/126
f 140/59/125 139/58/124 142/61/127
f 143/62/128 86/31/81 144/63/68
f 86/31/81 143/62/128 87/30/82
f 145/64/113 98/20/88 96/19/74
f 98/20/88 145/64/113 146/65/129
f 147/66/130 62/11/46 148/67/131
f 62/11/46 147/66/130 60/14/49
f 149/68/132 51/23/49 150/69/133
f 51/23/49 149/68/132 49/21/47
f 151/70/134 152/71/135 153/72/136
f 152/71/135 154/73/137 153/72/136
f 155/74/98 156/65/138 157/75/131
f 156/65/138 155/74/98 158/64/139
f 155/74/98 157/75/131 48/20/46
f 155/74/98 48/20/46 47/19/42
f 159/76/82 160/77/140 161/78/83
f 160/77/140 162/79/141 161/78/83
f 163/80/142 161/78/83 162/79/141
f 161/78/83 163/80/142 164/81/122
f 164/81/122 163/80/142 165/82/143
f 163/80/142 166/83/144 165/82/143
f 38/9/38 167/84/145 37/10/37
f 167/84/145 38/9/38 168/85/146
f 169/86/147 170/87/148 171/70/149
f 170/87/148 172/71/150 171/70/149
f 172/71/150 160/77/140 159/76/82
f 171/70/149 172/71/150 159/76/82
f 173/10/151 33/5/33 32/4/32
f 33/5/33 173/10/151 174/9/152
f 121/52/108 175/53/34 124/55/111
f 175/53/34 121/52/108 176/54/153
f 177/88/154 178/89/155 179/90/156
f 179/90/156 178/89/155 180/91/157
f 72/32/68 73/33/69 181/92/158
f 182/93/159 181/92/158 73/33/69
f 70/31/66 183/62/160 184/63/161
f 183/62/160 70/31/66 71/30/67
f 185/94/162 84/41/79 83/40/78
f 186/57/163 187/56/164 102/39/90
f 102/39/90 187/56/164 103/36/92
f 188/9/165 22/4/22 189/10/166
f 22/4/22 188/9/165 25/5/25
f 190/90/167 141/60/126 191/88/168
f 141/60/126 190/90/167 139/58/124
f 120/51/107 119/46/106 192/47/169
f 120/51/107 192/47/169 193/48/170
f 91/43/84 194/95/162 195/96/171
f 194/95/162 91/43/84 90/42/79
f 74/34/69 75/35/70 196/97/159
f 197/98/172 196/97/159 75/35/70
f 198/99/173 199/100/174 200/101/175
f 198/99/173 200/101/175 201/102/176
f 202/103/177 201/102/176 200/101/175
f 203/104/178 199/100/174 198/99/173
f 203/104/178 204/105/179 199/100/174
f 205/101/180 206/100/181 207/106/182
f 208/25/183 209/107/184 210/26/185
f 209/107/184 208/25/183 211/108/186
f 208/25/183 210/26/185 212/27/187
f 213/109/188 205/101/180 207/106/182
f 205/101/180 213/109/188 214/103/189
f 215/59/190 179/90/156 216/61/191
f 179/90/156 215/59/190 177/88/154
f 217/50/192 218/49/193 128/14/114
f 128/14/114 218/49/193 127/11/91
f 219/65/194 220/64/195 101/20/91
f 101/20/91 220/64/195 100/19/90
f 109/49/97 221/110/139 110/50/98
f 221/110/139 109/49/97 222/111/196
f 223/112/197 224/113/198 225/114/199
f 226/50/200 147/66/130 227/49/201
f 147/66/130 148/67/131 227/49/201
f 228/10/202 31/5/31 30/4/30
f 31/5/31 228/10/202 229/9/203
f 223/112/197 230/114/204 224/113/198
f 231/78/205 232/80/206 233/81/207
f 232/80/206 231/78/205 234/79/208
f 231/78/205 154/73/137 234/79/208
f 154/73/137 231/78/205 153/72/136
f 235/83/209 233/81/207 232/80/206
f 233/81/207 235/83/209 236/82/210
f 237/107/211 238/25/212 239/26/213
f 238/25/212 237/107/211 240/108/214
f 238/25/212 241/27/215 239/26/213
f 242/115/117 243/116/216 244/117/47
f 243/116/216 242/115/117 245/118/104
f 142/61/127 246/119/217 140/59/125
f 246/119/217 247/120/218 140/59/125
f 143/62/128 144/63/68 248/121/147
f 249/122/219 248/121/147 144/63/68
f 178/89/155 250/123/220 180/91/157
f 180/91/157 250/123/220 251/124/221
f 252/25/222 253/107/223 254/26/224
f 253/107/223 252/25/222 255/108/20
f 252/25/222 254/26/224 256/27/225
f 125/56/112 257/125/226 126/57/113
f 126/57/113 257/125/226 258/126/227
f 243/116/216 245/118/104 259/127/228
f 243/116/216 259/127/228 260/128/94
f 138/11/123 137/14/122 261/67/229
f 137/14/122 262/66/143 261/67/229
f 263/129/230 191/88/168 264/130/231
f 191/88/168 263/129/230 190/90/167
f 145/64/113 265/131/227 146/65/129
f 146/65/129 265/131/227 266/132/232
f 267/133/233 268/134/234 269/135/235
f 268/134/234 267/133/233 270/136/205
f 123/54/110 271/137/236 121/52/108
f 271/137/236 123/54/110 272/138/237
f 273/107/238 274/25/6 275/26/239
f 274/25/6 273/107/238 276/108/240
f 274/25/6 277/27/241 275/26/239
f 114/33/102 113/32/101 278/92/242
f 114/33/102 278/92/242 279/93/243
f 280/139/244 112/9/100 281/140/245
f 112/9/100 280/139/244 111/10/99
f 53/25/51 282/107/246 54/26/52
f 282/107/246 53/25/51 283/108/247
f 284/94/248 133/40/73 134/41/119
f 150/69/133 285/141/249 149/68/132
f 286/142/250 149/68/132 285/141/249
f 255/108/20 287/143/251 253/107/223
f 287/143/251 255/108/20 288/144/252
f 289/84/253 174/9/152 173/10/151
f 174/9/152 289/84/253 290/85/254
f 291/68/255 132/23/117 292/69/256
f 132/23/117 291/68/255 131/21/116
f 292/69/256 293/142/257 291/68/255
f 293/142/257 292/69/256 294/141/258
f 295/65/259 296/74/260 297/75/261
f 296/74/260 295/65/259 298/64/262
f 297/75/261 296/74/260 130/20/115
f 130/20/115 296/74/260 129/19/114
f 136/43/121 299/95/248 135/42/120
f 300/95/263 136/43/121 301/96/263
f 302/86/264 303/87/265 151/70/134
f 303/87/265 152/71/135 151/70/134
f 304/145/266 305/146/267 213/109/188
f 305/146/267 214/103/189 213/109/188
f 306/147/268 204/105/179 307/148/269
f 204/105/179 203/104/178 307/148/269
f 308/149/270 309/150/271 310/151/272
f 309/150/271 311/152/273 310/151/272
f 116/35/103 115/34/102 312/97/243
f 116/35/103 312/97/243 313/98/274
f 314/153/275 216/61/191 315/154/276
f 216/61/191 314/153/275 215/59/190
f 158/64/139 316/132/277 156/65/138
f 316/132/277 158/64/139 317/131/278
f 318/155/93 319/156/279 320/157/197
f 211/108/186 321/143/280 209/107/184
f 321/143/280 211/108/186 322/144/281
f 323/143/282 276/108/240 273/107/238
f 276/108/240 323/143/282 324/144/283
f 325/107/284 80/25/75 82/26/77
f 80/25/75 325/107/284 326/108/285
f 327/151/286 328/152/287 329/150/288
f 329/150/288 330/149/289 327/151/286
f 168/85/146 331/139/290 167/84/145
f 331/139/290 168/85/146 332/140/291
f 227/49/201 333/111/277 226/50/200
f 226/50/200 333/111/277 334/110/292
f 222/111/196 335/158/293 221/110/139
f 335/158/293 222/111/196 336/159/294
f 337/115/295 338/118/296 339/117/297
f 338/118/296 340/116/298 339/117/297
f 341/160/299 342/161/300 304/145/266
f 342/161/300 305/146/267 304/145/266
f 343/162/301 344/163/302 345/164/303
f 344/163/302 343/162/301 346/165/304
f 345/164/303 347/166/305 343/162/301
f 348/167/306 343/162/301 347/166/305
f 344/163/302 328/152/287 327/151/286
f 328/152/287 344/163/302 346/165/304
f 349/168/307 350/169/308 269/135/235
f 350/169/308 267/133/233 269/135/235
f 184/63/161 183/62/160 351/121/309
f 184/63/161 351/121/309 352/122/310
f 202/103/177 353/145/311 201/102/176
f 353/145/311 202/103/177 354/146/312
f 271/137/236 176/54/153 121/52/108
f 176/54/153 271/137/236 355/138/313
f 356/170/199 357/171/112 358/172/197
f 357/171/112 356/170/199 359/173/314
f 264/130/231 360/89/315 263/129/230
f 361/91/316 263/129/230 360/89/315
f 362/174/317 308/149/270 363/175/318
f 308/149/270 362/174/317 309/150/271
f 364/170/204 365/171/319 366/173/320
f 365/171/319 364/170/204 320/157/197
f 319/156/279 365/171/319 320/157/197
f 288/144/252 367/176/321 287/143/251
f 367/176/321 288/144/252 368/177/322
f 369/156/323 358/172/197 357/171/112
f 268/134/234 370/178/207 371/179/142
f 370/178/207 268/134/234 270/136/205
f 207/106/182 206/100/181 372/104/324
f 206/100/181 373/105/325 372/104/324
f 374/147/326 372/104/324 373/105/325
f 372/104/324 374/147/326 375/148/327
f 376/155/328 358/172/197 369/156/323
f 257/125/226 377/180/329 258/126/227
f 377/180/329 257/125/226 378/181/330
f 379/182/331 380/183/332 381/184/333
f 380/183/332 379/182/331 382/185/334
f 283/108/247 383/143/335 282/107/246
f 383/143/335 283/108/247 384/144/336
f 382/185/334 385/186/337 386/187/338
f 382/185/334 386/187/338 380/183/332
f 368/177/322 387/188/339 367/176/321
f 387/188/339 368/177/322 388/189/340
f 338/118/296 389/128/341 340/116/298
f 389/128/341 338/118/296 390/127/342
f 391/139/343 35/9/35 392/140/344
f 35/9/35 391/139/343 36/10/36
f 393/190/345 394/191/346 395/136/347
f 393/190/345 395/136/347 396/134/348
f 294/141/258 397/192/349 293/142/257
f 397/192/349 294/141/258 398/193/350
f 250/123/220 399/194/351 251/124/221
f 251/124/221 399/194/351 400/195/352
f 285/141/249 401/196/292 286/142/250
f 402/197/353 286/142/250 401/196/292
f 260/128/94 259/127/228 403/198/354
f 260/128/94 403/198/354 404/199/355
f 244/117/47 405/200/356 242/115/117
f 406/201/357 242/115/117 405/200/356
f 108/48/96 107/47/95 407/202/358
f 407/202/358 408/203/359 108/48/96
f 356/170/199 409/204/360 359/173/314
f 359/173/314 409/204/360 410/205/361
f 411/176/362 324/144/283 323/143/282
f 324/144/283 411/176/362 412/177/363
f 307/148/269 413/206/364 306/147/268
f 306/147/268 413/206/364 414/207/365
f 262/66/143 415/49/366 261/67/229
f 415/49/366 262/66/143 416/50/367
f 417/131/368 219/65/194 418/132/369
f 219/65/194 417/131/368 220/64/195
f 225/114/199 224/113/198 419/208/370
f 225/114/199 419/208/370 420/209/371
f 421/125/320 186/57/163 422/126/372
f 186/57/163 421/125/320 187/56/164
f 423/210/373 381/184/333 424/211/374
f 381/184/333 423/210/373 379/182/331
f 401/196/292 425/212/375 402/197/353
f 402/197/353 425/212/375 426/213/376
f 425/212/375 427/214/377 426/213/376
f 427/214/377 425/212/375 428/215/378
f 360/89/315 429/216/379 361/91/316
f 430/217/380 361/91/316 429/216/379
f 431/143/381 240/108/214 237/107/211
f 240/108/214 431/143/381 432/144/166
f 433/218/382 434/219/383 435/220/384
f 434/219/383 433/218/382 436/221/385
f 437/110/262 218/49/193 217/50/192
f 218/49/193 437/110/262 438/111/386
f 439/188/387 412/177/363 411/176/362
f 412/177/363 439/188/387 440/189/388
f 441/179/389 396/134/348 395/136/347
f 441/179/389 395/136/347 442/178/390
f 339/117/297 443/200/391 337/115/295
f 337/115/295 443/200/391 444/201/269
f 333/111/277 445/158/375 334/110/292
f 445/158/375 333/111/277 446/159/392
f 265/131/227 447/222/329 266/132/232
f 266/132/232 447/222/329 448/223/393
f 447/222/329 449/224/394 448/223/393
f 449/224/394 447/222/329 450/225/395
f 398/193/350 451/226/396 397/192/349
f 452/227/397 451/226/396 398/193/350
f 451/226/396 452/227/397 453/228/398
f 317/131/278 454/223/399 316/132/277
f 454/223/399 317/131/278 455/222/400
f 456/143/401 326/108/285 325/107/284
f 326/108/285 456/143/401 457/144/402
f 458/174/403 330/149/289 329/150/288
f 330/149/289 458/174/403 459/175/404
f 460/229/405 332/140/291 461/230/406
f 332/140/291 460/229/405 331/139/290
f 429/216/379 462/123/407 430/217/380
f 463/124/408 430/217/380 462/123/407
f 464/231/409 435/220/384 465/232/410
f 435/220/384 464/231/409 433/218/382
f 462/123/407 466/233/411 463/124/408
f 463/124/408 466/233/411 467/234/412
f 467/234/412 468/194/413 469/195/414
f 466/233/411 468/194/413 467/234/412
f 470/163/415 471/162/416 472/164/417
f 471/162/416 470/163/415 473/165/418
f 474/166/419 472/164/417 471/162/416
f 471/162/416 475/167/420 474/166/419
f 470/163/415 311/152/273 473/165/418
f 311/152/273 470/163/415 310/151/272
f 393/190/345 476/168/421 477/169/266
f 393/190/345 477/169/266 394/191/346
f 336/159/294 478/235/422 335/158/293
f 478/235/422 336/159/294 479/236/423
f 480/237/424 481/238/425 482/239/426
f 481/238/425 480/237/424 483/240/427
f 446/159/392 484/235/428 445/158/375
f 484/235/428 446/159/392 485/236/429
f 483/240/427 486/241/430 481/238/425
f 486/241/430 483/240/427 487/242/431
f 488/229/432 281/140/245 489/230/433
f 281/140/245 488/229/432 280/139/244
f 490/243/434 491/244/435 492/245/436
f 490/243/434 492/245/436 493/246/437
f 482/239/426 494/247/438 480/237/424
f 494/247/438 482/239/426 495/248/439
f 496/139/440 229/9/203 228/10/202
f 229/9/203 496/139/440 497/140/441
f 419/208/370 230/114/204 498/209/442
f 230/114/204 419/208/370 224/113/198
f 499/249/443 500/250/444 501/251/445
f 500/250/444 499/249/443 502/252/446
f 428/215/378 503/253/447 427/214/377
f 503/253/447 428/215/378 504/254/448
f 468/194/413 505/255/449 469/195/414
f 469/195/414 505/255/449 506/256/450
f 507/257/451 465/232/410 508/258/452
f 465/232/410 507/257/451 464/231/409
f 378/181/330 509/259/395 377/180/329
f 509/259/395 378/181/330 510/260/453
f 511/261/454 512/262/455 513/263/456
f 512/262/455 511/261/454 514/264/457
f 193/48/170 192/47/169 515/202/458
f 515/202/458 516/203/459 193/48/170
f 517/265/460 518/266/461 476/168/421
f 518/266/461 477/169/266 476/168/421
f 519/267/462 520/268/463 521/269/464
f 520/268/463 522/270/465 521/269/464
f 521/269/464 523/271/466 519/267/462
f 523/271/466 521/269/464 524/272/467
f 487/242/431 525/273/468 486/241/430
f 525/273/468 487/242/431 526/274/469
f 527/275/470 528/276/471 363/175/318
f 528/276/471 362/174/317 363/175/318
f 413/206/364 529/277/472 414/207/365
f 414/207/365 529/277/472 530/278/473
f 531/204/474 366/173/320 532/205/475
f 366/173/320 531/204/474 364/170/204
f 533/139/388 290/85/254 289/84/253
f 290/85/254 533/139/388 534/140/476
f 504/254/448 513/263/456 503/253/447
f 513/263/456 504/254/448 535/279/477
f 513/263/456 535/279/477 511/261/454
f 536/265/478 537/266/479 349/168/307
f 537/266/479 350/169/308 349/168/307
f 526/274/469 524/272/467 525/273/468
f 524/272/467 526/274/469 523/271/466
f 452/227/397 538/280/480 453/228/398
f 538/280/480 452/227/397 539/281/481
f 540/282/482 530/278/473 541/283/483
f 530/278/473 529/277/472 541/283/483
f 542/284/484 543/285/485 544/286/486
f 543/285/485 542/284/484 545/287/487
f 545/287/487 542/284/484 546/288/488
f 547/131/367 165/82/143 166/83/144
f 166/83/144 548/132/489 547/131/367
f 272/138/237 549/289/490 271/137/236
f 549/289/490 272/138/237 550/290/339
f 551/291/491 494/247/438 495/248/439
f 494/247/438 551/291/491 552/292/409
f 553/293/492 554/294/493 555/295/494
f 554/294/493 553/293/492 556/296/495
f 557/297/496 501/251/445 558/298/497
f 501/251/445 557/297/496 499/249/443
f 455/222/400 559/224/429 454/223/399
f 559/224/429 455/222/400 560/225/498
f 410/205/361 409/204/360 561/299/499
f 410/205/361 561/299/499 562/300/500
f 561/299/499 563/301/501 562/300/500
f 563/301/501 561/299/499 564/302/502
f 565/303/503 508/258/452 566/304/504
f 508/258/452 565/303/503 507/257/451
f 520/268/463 540/282/482 522/270/465
f 540/282/482 541/283/483 522/270/465
f 505/255/449 567/305/505 506/256/450
f 567/305/505 505/255/449 568/306/506
f 569/307/507 570/308/508 571/309/179
f 570/308/508 572/310/509 571/309/179
f 485/236/429 544/286/486 484/235/428
f 544/286/486 485/236/429 542/284/484
f 573/311/510 574/312/511 575/313/512
f 574/312/511 573/311/510 576/314/513
f 577/315/514 490/243/434 493/246/437
f 577/315/514 493/246/437 578/316/515
f 419/208/370 575/313/512 420/209/371
f 575/313/512 419/208/370 573/311/510
f 390/127/342 579/199/516 389/128/341
f 579/199/516 390/127/342 580/198/517
f 385/186/337 581/317/518 582/318/519
f 385/186/337 582/318/519 386/187/338
f 347/166/305 583/319/520 348/167/306
f 584/320/521 348/167/306 583/319/520
f 585/321/522 586/322/270 587/323/523
f 586/322/270 588/324/272 587/323/523
f 588/324/272 589/310/524 587/323/523
f 589/310/524 588/324/272 590/308/525
f 298/64/262 591/132/526 592/131/527
f 591/132/526 298/64/262 295/65/259
f 491/244/435 593/325/528 594/326/529
f 491/244/435 594/326/529 492/245/436
f 595/327/530 441/179/389 442/178/390
f 595/327/530 442/178/390 596/328/531
f 576/314/513 597/329/532 574/312/511
f 597/329/532 576/314/513 598/330/533
f 556/296/495 599/331/534 600/332/535
f 599/331/534 556/296/495 553/293/492
f 601/294/536 602/293/537 603/295/538
f 602/293/537 601/294/536 604/296/539
f 479/236/423 605/286/498 478/235/422
f 605/286/498 479/236/423 606/284/540
f 607/333/541 564/302/502 608/334/532
f 564/302/502 607/333/541 563/301/501
f 601/294/536 609/335/542 610/336/543
f 609/335/542 601/294/536 603/295/538
f 560/225/498 611/337/544 559/224/429
f 611/337/544 560/225/498 612/338/545
f 443/200/391 613/339/546 444/201/269
f 444/201/269 613/339/546 614/340/547
f 615/341/548 616/342/549 617/343/550
f 616/342/549 615/341/548 618/344/551
f 619/345/552 620/346/553 621/347/554
f 620/346/553 619/345/552 622/348/555
f 622/348/555 623/349/556 620/346/553
f 620/346/553 623/349/556 624/350/557
f 625/351/558 558/298/497 626/352/559
f 558/298/497 625/351/558 557/297/496
f 627/353/560 628/354/561 629/355/562
f 629/355/562 628/354/561 630/356/563
f 554/294/493 631/335/564 555/295/494
f 631/335/564 554/294/493 632/336/565
f 633/357/566 552/292/409 551/291/491
f 552/292/409 633/357/566 634/358/382
f 617/343/550 635/359/567 615/341/548
f 635/359/567 617/343/550 636/360/568
f 450/225/395 637/337/540 449/224/394
f 637/337/540 450/225/395 638/338/569
f 639/180/570 421/125/320 422/126/372
f 421/125/320 639/180/570 640/181/571
f 546/288/488 621/347/554 545/287/487
f 621/347/554 546/288/488 619/345/552
f 641/361/572 566/304/504 642/362/573
f 566/304/504 641/361/572 565/303/503
f 643/111/574 415/49/366 416/50/367
f 643/111/574 416/50/367 644/110/575
f 645/323/576 646/324/286 647/322/577
f 645/323/576 647/322/577 648/321/578
f 572/310/509 646/324/286 645/323/576
f 646/324/286 572/310/509 570/308/508
f 649/363/579 650/364/580 651/365/581
f 650/364/580 649/363/579 652/366/582
f 405/200/356 653/339/583 406/201/357
f 406/201/357 653/339/583 654/340/584
f 246/119/217 655/154/585 247/120/218
f 655/154/585 656/153/586 247/120/218
f 353/145/311 354/146/312 657/161/587
f 657/161/587 658/160/588 353/145/311
f 659/367/589 440/189/388 439/188/387
f 440/189/388 659/367/589 660/368/590
f 438/111/386 661/158/527 662/159/591
f 661/158/527 438/111/386 437/110/262
f 549/289/490 355/138/313 271/137/236
f 355/138/313 549/289/490 663/290/387
f 618/344/551 664/369/592 616/342/549
f 664/369/592 618/344/551 665/370/593
f 666/367/594 667/189/595 668/368/596
f 667/189/595 666/367/594 669/188/291
f 669/188/291 384/144/336 667/189/595
f 384/144/336 669/188/291 383/143/335
f 510/260/453 670/371/597 509/259/395
f 670/371/597 510/260/453 671/372/598
f 568/306/506 672/373/599 567/305/505
f 672/373/599 568/306/506 673/374/600
f 674/375/601 651/365/581 675/376/602
f 651/365/581 674/375/601 649/363/579
f 676/309/603 589/310/524 590/308/525
f 590/308/525 677/307/604 676/309/603
f 600/332/535 678/377/605 679/378/606
f 678/377/605 600/332/535 599/331/534
f 680/379/607 650/364/580 652/366/582
f 681/380/608 650/364/580 680/379/607
f 573/311/510 682/312/609 576/314/513
f 682/312/609 573/311/510 683/313/610
f 636/360/568 684/381/611 635/359/567
f 684/381/611 636/360/568 685/382/612
f 686/383/613 598/330/533 687/384/614
f 598/330/533 686/383/613 597/329/532
f 688/385/615 489/230/433 689/386/616
f 489/230/433 688/385/615 488/229/432
f 690/387/617 608/334/532 691/388/613
f 608/334/532 690/387/617 607/333/541
f 609/335/542 692/389/618 610/336/543
f 693/390/619 610/336/543 692/389/618
f 576/314/513 694/329/620 598/330/533
f 694/329/620 576/314/513 682/312/609
f 695/385/621 461/230/406 696/386/622
f 461/230/406 695/385/621 460/229/405
f 419/208/370 683/313/610 573/311/510
f 683/313/610 419/208/370 498/209/442
f 697/327/623 371/179/142 370/178/207
f 697/327/623 370/178/207 698/328/624
f 236/82/210 699/132/625 700/131/626
f 699/132/625 236/82/210 235/83/209
f 701/391/627 702/392/628 703/393/629
f 702/392/628 704/394/630 703/393/629
f 704/394/630 705/395/631 703/393/629
f 705/395/631 704/394/630 706/396/564
f 571/309/179 707/397/632 569/307/507
f 708/398/633 569/307/507 707/397/632
f 709/399/634 710/346/635 711/347/636
f 711/347/636 712/345/637 709/399/634
f 710/346/635 709/399/634 713/348/638
f 713/348/638 714/349/639 710/346/635
f 710/346/635 714/349/639 715/350/640
f 715/350/640 716/400/641 717/401/642
f 714/349/639 716/400/641 715/350/640
f 718/402/643 719/403/644 720/404/645
f 719/403/644 718/402/643 721/405/646
f 721/405/646 722/406/647 719/403/644
f 722/406/647 721/405/646 723/407/648
f 687/384/614 723/407/648 686/383/613
f 723/407/648 687/384/614 722/406/647
f 724/408/649 424/211/374 725/409/650
f 424/211/374 724/408/649 423/210/373
f 726/222/570 418/132/369 727/223/591
f 418/132/369 726/222/570 417/131/368
f 728/224/651 726/222/570 727/223/591
f 726/222/570 728/224/651 729/225/652
f 691/388/613 730/410/653 690/387/617
f 730/410/653 691/388/613 731/411/654
f 732/412/655 731/411/654 733/413/656
f 731/411/654 732/412/655 730/410/653
f 732/412/655 733/413/656 734/414/643
f 735/415/657 732/412/655 734/414/643
f 736/305/658 399/194/351 737/306/659
f 399/194/351 736/305/658 400/195/352
f 737/306/659 738/416/660 736/305/658
f 738/416/660 737/306/659 739/417/661
f 740/245/662 741/244/663 581/317/518
f 741/244/663 582/318/519 581/317/518
f 742/229/590 534/140/476 533/139/388
f 534/140/476 742/229/590 743/230/664
f 744/418/665 745/368/666 746/419/667
f 745/368/666 744/418/665 747/367/668
f 747/367/668 388/189/340 745/368/666
f 388/189/340 747/367/668 387/188/339
f 586/322/270 748/420/669 749/421/670
f 748/420/669 586/322/270 585/321/522
f 664/369/592 665/370/593 750/422/671
f 664/369/592 750/422/671 751/423/672
f 583/319/520 752/424/673 584/320/521
f 753/425/674 584/320/521 752/424/673
f 754/426/675 755/427/676 756/428/677
f 755/427/676 757/429/678 756/428/677
f 758/394/538 759/395/679 760/396/542
f 759/395/679 758/394/538 761/393/680
f 532/205/475 762/299/610 531/204/474
f 762/299/610 532/205/475 763/300/681
f 764/301/682 762/299/610 763/300/681
f 762/299/610 764/301/682 765/302/609
f 539/281/481 766/430/683 538/280/480
f 766/430/683 539/281/481 767/431/684
f 768/432/685 754/426/675 769/433/686
f 754/426/675 756/428/677 769/433/686
f 750/422/671 768/432/685 751/423/672
f 768/432/685 769/433/686 751/423/672
f 770/288/687 712/345/637 771/287/688
f 771/287/688 712/345/637 711/347/636
f 772/434/548 626/352/559 773/435/689
f 626/352/559 772/434/548 625/351/558
f 774/436/690 775/437/691 770/288/687
f 774/436/690 770/288/687 771/287/688
f 774/436/690 606/284/540 775/437/691
f 606/284/540 774/436/690 605/286/498
f 776/438/692 720/404/645 777/439/693
f 720/404/645 776/438/692 718/402/643
f 778/440/618 760/396/542 779/441/694
f 760/396/542 759/395/679 779/441/694
f 780/139/695 188/9/165 189/10/166
f 188/9/165 780/139/695 781/140/696
f 604/296/539 782/331/697 602/293/537
f 782/331/697 604/296/539 783/332/698
f 784/442/655 785/350/699 786/443/700
f 785/350/699 784/442/655 787/349/701
f 788/444/702 514/264/457 789/445/703
f 514/264/457 788/444/702 512/262/455
f 790/188/245 322/144/281 791/189/704
f 322/144/281 790/188/245 321/143/280
f 792/446/653 786/443/700 793/447/705
f 786/443/700 792/446/653 784/442/655
f 794/448/706 547/131/367 548/132/489
f 794/448/706 548/132/489 795/449/707
f 796/206/708 375/148/327 374/147/326
f 796/206/708 374/147/326 797/207/709
f 642/362/573 798/450/710 641/361/572
f 798/450/710 642/362/573 799/451/711
f 800/452/712 801/453/713 802/454/714
f 801/453/713 800/452/712 803/455/715
f 761/393/680 758/394/538 804/392/537
f 761/393/680 804/392/537 805/391/716
f 806/456/717 550/290/339 807/457/668
f 550/290/339 806/456/717 549/289/490
f 808/458/718 807/457/668 809/459/665
f 807/457/668 808/458/718 806/456/717
f 809/459/665 810/460/719 808/458/718
f 810/460/719 809/459/665 811/461/720
f 755/427/676 812/462/721 757/429/678
f 812/462/721 813/463/722 757/429/678
f 653/339/583 814/464/723 654/340/584
f 654/340/584 814/464/723 815/465/350
f 814/464/723 816/466/724 815/465/350
f 816/466/724 814/464/723 817/467/725
f 613/339/546 818/464/726 614/340/547
f 614/340/547 818/464/726 819/468/472
f 702/392/628 820/469/727 821/470/534
f 820/469/727 702/392/628 701/391/627
f 459/175/404 458/174/403 822/276/728
f 822/276/728 823/275/729 459/175/404
f 824/471/730 825/472/731 826/473/732
f 825/472/731 824/471/730 638/338/569
f 637/337/540 638/338/569 824/471/730
f 825/472/731 827/474/733 826/473/732
f 827/474/733 825/472/731 828/475/734
f 827/474/733 828/475/734 829/476/735
f 830/477/736 827/474/733 829/476/735
f 829/476/735 831/478/737 830/477/736
f 831/478/737 829/476/735 832/479/738
f 833/415/739 832/479/738 834/414/740
f 832/479/738 833/415/739 831/478/737
f 752/424/673 813/463/722 753/425/674
f 812/462/721 753/425/674 813/463/722
f 835/478/555 836/474/741 837/479/635
f 836/474/741 838/475/742 837/479/635
f 839/480/743 735/415/657 840/481/692
f 735/415/657 734/414/643 840/481/692
f 598/330/533 841/383/744 687/384/614
f 841/383/744 598/330/533 694/329/620
f 671/372/598 842/482/745 670/371/597
f 842/482/745 671/372/598 843/483/541
f 787/349/701 844/401/746 785/350/699
f 844/401/746 787/349/701 845/400/743
f 673/374/600 846/416/747 672/373/599
f 846/416/747 673/374/600 847/417/748
f 848/484/749 675/376/602 849/485/750
f 675/376/602 848/484/749 674/375/601
f 803/455/715 850/486/751 801/453/713
f 850/486/751 803/455/715 851/487/752
f 685/382/612 852/488/753 684/381/611
f 852/488/753 685/382/612 853/489/754
f 854/389/755 631/335/564 632/336/565
f 632/336/565 855/390/756 854/389/755
f 716/400/641 856/490/757 717/401/642
f 717/401/642 856/490/757 857/491/758
f 856/490/757 689/386/616 857/491/758
f 689/386/616 856/490/757 688/385/615
f 578/316/515 858/492/759 577/315/514
f 858/492/759 578/316/515 859/493/760
f 860/494/761 630/356/563 628/354/561
f 630/356/563 860/494/761 861/495/762
f 860/494/761 862/496/763 861/495/762
f 862/496/763 860/494/761 863/497/764
f 843/483/541 864/498/765 842/482/745
f 864/498/765 843/483/541 865/499/766
f 865/499/766 792/446/653 864/498/765
f 864/498/765 792/446/653 793/447/705
f 633/357/566 866/500/767 634/358/382
f 867/501/768 634/358/382 866/500/767
f 868/502/769 802/454/714 869/503/770
f 802/454/714 868/502/769 800/452/712
f 592/131/527 870/223/771 871/222/772
f 870/223/771 592/131/527 591/132/526
f 872/504/773 873/505/774 874/506/775
f 873/505/774 872/504/773 875/507/776
f 719/403/644 876/402/777 720/404/645
f 876/402/777 719/403/644 877/405/778
f 623/349/556 878/401/779 624/350/557
f 878/401/779 623/349/556 879/400/780
f 879/400/780 880/490/781 878/401/779
f 878/401/779 880/490/781 881/491/782
f 880/490/781 882/386/783 881/491/782
f 882/386/783 880/490/781 883/385/784
f 884/230/785 883/385/784 885/229/786
f 883/385/784 884/230/785 882/386/783
f 885/229/786 392/140/344 884/230/785
f 392/140/344 885/229/786 391/139/343
f 765/302/609 886/333/787 887/334/788
f 886/333/787 765/302/609 764/301/682
f 687/384/614 888/407/789 722/406/647
f 888/407/789 687/384/614 841/383/744
f 873/505/774 889/508/790 890/509/791
f 889/508/790 873/505/774 875/507/776
f 837/479/635 891/414/640 835/478/555
f 892/415/792 835/478/555 891/414/640
f 893/490/793 696/386/622 894/491/794
f 696/386/622 893/490/793 695/385/621
f 497/140/441 895/229/795 896/230/796
f 895/229/795 497/140/441 496/139/440
f 811/461/720 777/439/693 810/460/719
f 777/439/693 811/461/720 776/438/692
f 897/441/797 705/395/631 706/396/564
f 897/441/797 706/396/564 898/440/755
f 722/406/647 877/405/778 719/403/644
f 877/405/778 722/406/647 888/407/789
f 836/474/741 899/473/798 838/475/742
f 899/473/798 900/472/799 838/475/742
f 901/481/642 902/510/800 903/480/801
f 904/511/802 903/480/801 902/510/800
f 905/512/803 794/448/706 795/449/707
f 905/512/803 795/449/707 906/513/804
f 907/514/805 905/512/803 906/513/804
f 905/512/803 907/514/805 908/515/806
f 643/111/574 909/158/803 910/159/807
f 909/158/803 643/111/574 644/110/575
f 817/467/725 911/516/808 816/466/724
f 911/516/808 817/467/725 912/517/809
f 899/473/798 611/337/544 900/472/799
f 611/337/544 612/338/545 900/472/799
f 913/418/810 914/368/811 915/419/812
f 914/368/811 913/418/810 916/367/813
f 700/131/626 917/449/814 918/448/815
f 917/449/814 700/131/626 699/132/625
f 851/487/752 919/518/816 850/486/751
f 850/486/751 919/518/816 920/519/817
f 845/400/743 894/491/794 844/401/746
f 894/491/794 845/400/743 893/490/793
f 404/199/355 403/198/354 921/520/818
f 921/520/818 922/521/819 404/199/355
f 767/431/684 923/522/820 766/430/683
f 923/522/820 767/431/684 924/523/821
f 640/181/571 925/259/822 926/260/823
f 925/259/822 640/181/571 639/180/570
f 891/414/640 901/481/642 892/415/792
f 903/480/801 892/415/792 901/481/642
f 840/481/692 927/510/824 839/480/743
f 839/480/743 927/510/824 928/511/825
f 927/510/824 746/419/667 928/511/825
f 746/419/667 927/510/824 744/418/665
f 821/470/534 929/524/826 930/525/827
f 929/524/826 821/470/534 820/469/727
f 692/389/618 931/526/828 693/390/619
f 932/527/829 693/390/619 931/526/828
f 902/510/800 915/419/812 904/511/802
f 915/419/812 902/510/800 913/418/810
f 933/218/830 934/219/831 935/221/832
f 934/219/831 933/218/830 936/220/833
f 819/468/472 818/464/726 937/528/834
f 819/468/472 937/528/834 938/529/835
f 939/411/836 940/412/837 941/413/778
f 940/412/837 939/411/836 942/410/838
f 943/414/777 941/413/778 940/412/837
f 940/412/837 944/415/839 943/414/777
f 806/456/717 663/290/387 549/289/490
f 663/290/387 806/456/717 945/457/840
f 945/457/840 808/458/718 946/459/841
f 808/458/718 945/457/840 806/456/717
f 810/460/719 946/459/841 808/458/718
f 946/459/841 810/460/719 947/461/842
f 810/460/719 948/438/843 947/461/842
f 810/460/719 777/439/693 948/438/843
f 720/404/645 948/438/843 777/439/693
f 948/438/843 720/404/645 876/402/777
f 949/237/844 950/238/845 951/240/846
f 950/238/845 949/237/844 952/239/847
f 953/247/848 952/239/847 949/237/844
f 952/239/847 953/247/848 954/248/849
f 955/506/850 956/507/851 957/505/852
f 956/507/851 955/506/850 958/504/853
f 798/450/710 799/451/711 959/530/854
f 798/450/710 959/530/854 960/531/855
f 783/332/698 961/377/856 782/331/697
f 961/377/856 783/332/698 962/378/857
f 963/418/858 964/368/859 965/367/860
f 964/368/859 963/418/858 966/419/861
f 967/189/862 965/367/860 964/368/859
f 965/367/860 967/189/862 968/188/476
f 457/144/402 968/188/476 967/189/862
f 968/188/476 457/144/402 456/143/401
f 969/532/863 970/533/864 971/534/865
f 970/533/864 972/535/866 971/534/865
f 969/532/863 971/534/865 920/519/817
f 919/518/816 969/532/863 920/519/817
f 647/322/577 973/420/867 648/321/578
f 973/420/867 647/322/577 974/421/868
f 890/509/791 975/536/869 976/537/870
f 975/536/869 890/509/791 889/508/790
f 977/481/843 943/414/777 944/415/839
f 977/481/843 944/415/839 978/480/871
f 916/367/813 791/189/704 914/368/811
f 791/189/704 916/367/813 790/188/245
f 979/241/872 951/240/846 950/238/845
f 951/240/846 979/241/872 980/242/873
f 772/434/548 981/538/874 982/539/875
f 981/538/874 772/434/548 773/435/689
f 983/540/876 958/504/853 955/506/850
f 958/504/853 983/540/876 984/541/877
f 985/542/878 984/541/877 983/540/876
f 984/541/877 985/542/878 986/543/879
f 987/397/880 676/309/603 677/307/604
f 987/397/880 677/307/604 988/398/881
f 662/159/591 989/235/882 990/236/651
f 989/235/882 662/159/591 661/158/527
f 912/517/809 991/544/684 911/516/808
f 991/544/684 912/517/809 992/545/883
f 993/546/884 994/547/885 995/548/886
f 993/546/884 995/548/886 996/549/887
f 997/111/888 595/327/530 596/328/531
f 997/111/888 596/328/531 998/110/889
f 707/397/632 999/550/890 708/398/633
f 708/398/633 999/550/890 1000/551/891
f 1001/418/892 668/368/596 1002/419/893
f 668/368/596 1001/418/892 666/367/594
f 936/220/833 1003/231/894 1004/232/895
f 1003/231/894 936/220/833 933/218/830
f 887/334/788 1005/387/896 1006/388/897
f 1005/387/896 887/334/788 886/333/787
f 874/506/775 1007/552/898 872/504/773
f 1007/552/898 874/506/775 1008/553/899
f 1009/187/900 1010/186/901 593/325/528
f 593/325/528 1010/186/901 594/326/529
f 1011/277/902 796/206/708 797/207/709
f 1011/277/902 797/207/709 1012/278/903
f 779/441/694 1013/554/904 778/440/618
f 1014/555/905 778/440/618 1013/554/904
f 1006/388/897 942/410/838 939/411/836
f 942/410/838 1006/388/897 1005/387/896
f 1015/510/842 977/481/843 978/480/871
f 1015/510/842 978/480/871 1016/511/906
f 1017/419/907 1015/510/842 1016/511/906
f 1015/510/842 1017/419/907 1018/418/841
f 660/368/590 1018/418/841 1017/419/907
f 1018/418/841 660/368/590 659/367/589
f 579/199/516 580/198/517 1019/520/908
f 1019/520/908 1020/521/909 579/199/516
f 908/515/806 1021/556/910 1022/557/911
f 1021/556/910 908/515/806 907/514/805
f 1023/292/912 954/248/849 953/247/848
f 954/248/849 1023/292/912 1024/291/913
f 1025/273/914 980/242/873 979/241/872
f 980/242/873 1025/273/914 1026/274/915
f 729/225/652 1027/337/916 1028/338/917
f 1027/337/916 729/225/652 728/224/651
f 1029/558/918 995/548/886 994/547/885
f 994/547/885 1030/559/919 1029/558/918
f 1031/270/920 1032/283/921 1033/282/922
f 1033/282/922 1034/268/923 1031/270/920
f 970/533/864 1035/560/924 972/535/866
f 1035/560/924 1036/561/925 972/535/866
f 1037/509/926 957/505/852 956/507/851
f 1037/509/926 956/507/851 1038/508/927
f 1039/562/928 938/529/835 1040/563/929
f 938/529/835 937/528/834 1040/563/929
f 1041/272/930 1042/269/931 1043/267/932
f 1043/267/932 1044/271/933 1041/272/930
f 1026/274/915 1041/272/930 1044/271/933
f 1041/272/930 1026/274/915 1025/273/914
f 749/421/670 1045/564/934 1046/565/935
f 1045/564/934 749/421/670 748/420/669
f 804/392/537 1047/469/403 805/391/716
f 1047/469/403 804/392/537 1048/470/936
f 910/159/807 1049/235/806 1050/236/937
f 1049/235/806 910/159/807 909/158/803
f 1042/269/931 1031/270/920 1034/268/923
f 1042/269/931 1034/268/923 1043/267/932
f 1051/319/938 474/166/419 475/167/420
f 1051/319/938 475/167/420 1052/320/939
f 1053/249/940 1054/250/941 1055/252/942
f 1054/250/941 1053/249/940 1056/251/943
f 1057/188/944 432/144/166 431/143/381
f 432/144/166 1057/188/944 1058/189/945
f 869/503/770 1059/566/579 868/502/769
f 1059/566/579 869/503/770 1060/567/946
f 1061/568/947 1036/561/925 1062/569/948
f 1035/560/924 1062/569/948 1036/561/925
f 960/531/855 959/530/854 1063/570/949
f 1063/570/949 1064/571/950 960/531/855
f 1065/385/951 743/230/664 742/229/590
f 743/230/664 1065/385/951 1066/386/952
f 871/222/772 1067/224/953 1068/225/954
f 1067/224/953 871/222/772 870/223/771
f 1008/553/899 1069/543/955 1007/552/898
f 1069/543/955 1008/553/899 1070/542/956
f 1032/283/921 1011/277/902 1012/278/903
f 1012/278/903 1033/282/922 1032/283/921
f 1004/232/895 1071/257/848 1072/258/957
f 1071/257/848 1004/232/895 1003/231/894
f 1040/563/929 1073/572/958 1039/562/928
f 1074/573/959 1039/562/928 1073/572/958
f 848/484/749 1075/574/960 1076/575/961
f 1075/574/960 848/484/749 849/485/750
f 1077/576/962 852/488/753 853/489/754
f 1078/577/963 852/488/753 1077/576/962
f 834/414/740 1079/480/964 833/415/739
f 1079/480/964 834/414/740 1080/481/965
f 924/523/821 1081/578/966 923/522/820
f 1081/578/966 924/523/821 1082/579/967
f 1083/580/968 1084/581/969 1085/582/970
f 1084/581/969 1083/580/968 1086/583/971
f 1087/357/972 1023/292/912 1088/358/830
f 1023/292/912 1087/357/972 1024/291/913
f 1050/236/937 1089/286/911 1090/284/973
f 1089/286/911 1050/236/937 1049/235/806
f 1091/510/974 1002/419/893 1092/511/975
f 1002/419/893 1091/510/974 1001/418/892
f 1093/584/976 1094/585/977 1095/586/978
f 1094/585/977 1093/584/976 1096/587/979
f 993/546/884 1097/588/980 1098/589/981
f 1097/588/980 993/546/884 996/549/887
f 1099/590/982 1094/585/977 1096/587/979
f 1099/590/982 1096/587/979 1100/591/983
f 1101/592/984 1102/593/985 1103/594/986
f 1103/594/986 1102/593/985 1104/595/987
f 1105/297/988 1056/251/943 1053/249/940
f 1056/251/943 1105/297/988 1106/298/989
f 931/526/828 1107/596/990 932/527/829
f 1108/597/991 932/527/829 1107/596/990
f 1028/338/917 1109/471/992 1110/472/993
f 1109/471/992 1028/338/917 1027/337/916
f 1110/472/993 1109/471/992 1111/473/994
f 1112/474/995 1110/472/993 1111/473/994
f 1110/472/993 1112/474/995 1113/475/996
f 1114/476/997 1113/475/996 1112/474/995
f 1114/476/997 1112/474/995 1115/477/998
f 1116/478/999 1114/476/997 1115/477/998
f 1114/476/997 1116/478/999 1117/479/1000
f 1118/415/1001 1117/479/1000 1116/478/999
f 1117/479/1000 1118/415/1001 1119/414/1002
f 1120/598/1003 739/417/661 1121/599/1004
f 739/417/661 1120/598/1003 738/416/660
f 1122/600/1005 1123/601/1006 1124/602/1007
f 1125/603/1008 1124/602/1007 1123/601/1006
f 1080/481/965 1092/511/975 1079/480/964
f 1092/511/975 1080/481/965 1091/510/974
f 789/445/703 1126/604/1009 788/444/702
f 1127/605/1010 788/444/702 1126/604/1009
f 1128/606/1011 1122/600/1005 1129/607/1012
f 1129/607/1012 1122/600/1005 1124/602/1007
f 1063/570/949 1130/608/1013 1064/571/950
f 1130/608/1013 1131/609/1014 1064/571/950
f 1132/610/1015 1125/603/1008 1133/611/1016
f 1125/603/1008 1123/601/1006 1133/611/1016
f 1072/258/957 1134/303/844 1135/304/1017
f 1134/303/844 1072/258/957 1071/257/848
f 1136/612/1018 1137/613/1019 1138/614/1020
f 1137/613/1019 1136/612/1018 1139/615/1021
f 1140/359/1022 1141/343/1023 1142/341/1024
f 1141/343/1023 1140/359/1022 1143/360/1025
f 1144/616/1026 1061/568/947 1145/617/1027
f 1062/569/948 1145/617/1027 1061/568/947
f 1146/618/1028 1147/619/1029 1148/620/921
f 1146/618/1028 1148/620/921 1149/621/920
f 1142/341/1024 1150/342/1030 1151/344/1031
f 1150/342/1030 1142/341/1024 1141/343/1023
f 1152/371/917 926/260/823 925/259/822
f 926/260/823 1152/371/917 1153/372/1032
f 896/230/796 1154/385/861 1155/386/1033
f 1154/385/861 896/230/796 895/229/795
f 1156/622/1034 1157/609/1035 1158/623/1036
f 1130/608/1037 1158/623/1036 1157/609/1035
f 1159/624/1038 1029/558/918 1030/559/919
f 1030/559/919 1160/625/1039 1159/624/1038
f 998/110/889 1161/626/1040 997/111/888
f 1161/626/1040 998/110/889 1162/627/1041
f 918/448/815 1163/628/1042 1164/512/1043
f 1163/628/1042 918/448/815 917/449/814
f 1164/512/1043 1163/628/1042 1165/513/1044
f 1166/514/1045 1164/512/1043 1165/513/1044
f 1164/512/1043 1166/514/1045 1167/515/1046
f 1168/556/1047 1167/515/1046 1166/514/1045
f 1167/515/1046 1168/556/1047 1169/557/1048
f 1168/556/1047 1170/472/1049 1169/557/1048
f 1170/472/1049 1168/556/1047 1171/473/1050
f 1172/629/1051 1139/615/1021 1136/612/1018
f 1139/615/1021 1172/629/1051 1173/630/1052
f 990/236/651 1174/286/1053 1175/284/1054
f 1174/286/1053 990/236/651 989/235/882
f 1176/381/988 1143/360/1025 1140/359/1022
f 1143/360/1025 1176/381/988 1177/382/1055
f 1107/596/990 1144/616/1026 1108/597/991
f 1145/617/1027 1108/597/991 1144/616/1026
f 1178/473/1056 1022/557/911 1021/556/910
f 1022/557/911 1178/473/1056 1179/472/1057
f 1180/526/1058 854/389/755 855/390/756
f 1180/526/1058 855/390/756 1181/527/1059
f 1182/363/1060 1183/364/1061 1184/366/1062
f 1183/364/1061 1182/363/1060 1185/365/1063
f 1183/364/1061 1186/379/1064 1184/366/1062
f 1186/379/1064 1183/364/1061 1187/380/1065
f 1013/554/904 1188/631/1066 1014/555/905
f 1014/555/905 1188/631/1066 1189/632/1067
f 1048/470/936 1190/524/728 1047/469/403
f 1191/524/1068 1048/470/936 1192/525/1069
f 1151/344/1031 1193/369/1070 1194/370/1071
f 1193/369/1070 1151/344/1031 1150/342/1030
f 1195/442/1072 1196/350/1073 1197/349/1074
f 1196/350/1073 1195/442/1072 1198/443/1075
f 1106/298/989 1199/351/1022 1200/352/1076
f 1199/351/1022 1106/298/989 1105/297/988
f 1201/633/1077 976/537/870 975/536/869
f 975/536/869 1202/634/1078 1201/633/1077
f 1203/554/1079 897/441/797 898/440/755
f 1203/554/1079 898/440/755 1204/555/1058
f 982/539/875 1205/635/1080 1206/636/1081
f 1205/635/1080 982/539/875 981/538/874
f 1197/349/1074 1207/401/1082 1208/400/871
f 1207/401/1082 1197/349/1074 1196/350/1073
f 1162/627/1041 1147/619/1029 1161/626/1040
f 1147/619/1029 1162/627/1041 1148/620/921
f 999/550/890 1209/637/1083 1000/551/891
f 1000/551/891 1209/637/1083 1210/638/1084
f 1211/510/1085 966/419/861 963/418/858
f 966/419/861 1211/510/1085 1212/511/1086
f 1213/490/1087 1066/386/952 1065/385/951
f 1066/386/952 1213/490/1087 1214/491/1088
f 1119/414/1002 1215/480/1089 1216/481/1090
f 1215/480/1089 1119/414/1002 1118/415/1001
f 1217/639/1091 1085/582/970 1084/581/969
f 1085/582/970 1217/639/1091 1218/640/1092
f 1135/304/1017 1219/361/1093 1220/362/1094
f 1219/361/1093 1135/304/1017 1134/303/844
f 1221/424/1095 1051/319/938 1052/320/939
f 1221/424/1095 1052/320/939 1222/425/1096
f 1223/428/1097 1224/429/1098 1225/427/1099
f 1225/427/1099 1226/426/1100 1223/428/1097
f 1227/546/1101 1228/588/1102 1229/589/1103
f 1228/588/1102 1227/546/1101 1230/549/1104
f 1231/111/1105 697/327/623 698/328/624
f 1231/111/1105 698/328/624 1232/110/1106
f 1068/225/954 1233/337/1107 1234/338/1108
f 1233/337/1107 1068/225/954 1067/224/953
f 1233/337/1107 1235/472/1109 1234/338/1108
f 1235/472/1109 1233/337/1107 1236/473/1110
f 1237/399/1111 1238/346/1112 1239/348/1113
f 1238/346/1112 1237/399/1111 1240/347/1114
f 1240/347/1114 1237/399/1111 1241/345/1115
f 1238/346/1112 1242/349/1116 1239/348/1113
f 1242/349/1116 1238/346/1112 1243/350/1117
f 1244/400/1118 1243/350/1117 1245/401/1119
f 1243/350/1117 1244/400/1118 1242/349/1116
f 1246/537/1120 1037/509/926 1038/508/927
f 1246/537/1120 1038/508/927 1247/536/1121
f 1185/365/1063 1248/375/1122 1249/376/1123
f 1248/375/1122 1185/365/1063 1182/363/1060
f 1250/433/1124 1223/428/1097 1226/426/1100
f 1226/426/1100 1251/432/1125 1250/433/1124
f 1198/443/1075 1252/446/1126 1253/447/1127
f 1252/446/1126 1198/443/1075 1195/442/1072
f 1254/547/1128 1230/549/1104 1227/546/1101
f 1230/549/1104 1254/547/1128 1255/548/1129
f 1256/641/1130 1257/642/1131 1258/643/1132
f 1257/642/1131 1256/641/1130 1259/644/1133
f 1260/645/1134 1261/622/1135 1262/646/1136
f 1262/646/1136 1261/622/1135 1158/623/1036
f 1263/418/1033 1264/368/1137 1265/367/1138
f 1264/368/1137 1263/418/1033 1266/419/1139
f 1265/367/1138 1058/189/945 1057/188/944
f 1058/189/945 1265/367/1138 1264/368/1137
f 1082/579/967 1267/647/1140 1081/578/966
f 1267/647/1140 1082/579/967 1268/648/1141
f 1269/649/1142 1138/614/1020 1137/613/1019
f 1138/614/1020 1269/649/1142 1270/650/1143
f 1271/423/1144 1250/433/1124 1251/432/1125
f 1251/432/1125 1272/422/1145 1271/423/1144
f 1271/423/1144 1272/422/1145 1193/369/1070
f 1272/422/1145 1194/370/1071 1193/369/1070
f 1273/510/1146 1274/481/1147 1275/480/1148
f 1273/510/1146 1275/480/1148 1276/511/1149
f 1095/586/978 1277/651/1150 1093/584/976
f 1277/651/1150 1095/586/978 1278/652/1151
f 1279/653/1152 1099/590/982 1100/591/983
f 1100/591/983 1280/654/1153 1279/653/1152
f 859/493/760 1281/655/1154 858/492/759
f 1281/655/1154 859/493/760 1282/656/1155
f 1283/475/1114 1235/472/1109 1236/473/1110
f 1283/475/1114 1236/473/1110 1284/474/1156
f 1285/479/1157 1283/475/1114 1284/474/1156
f 1285/479/1157 1284/474/1156 1286/478/1158
f 1216/481/1090 1212/511/1086 1211/510/1085
f 1212/511/1086 1216/481/1090 1215/480/1089
f 1208/400/871 1214/491/1088 1213/490/1087
f 1214/491/1088 1208/400/871 1207/401/1082
f 1287/657/1159 1121/599/1004 1288/658/1160
f 1121/599/1004 1287/657/1159 1120/598/1003
f 1289/246/1161 1290/243/1162 1291/245/1163
f 1290/243/1162 1292/244/1164 1291/245/1163
f 1293/287/1057 1090/284/973 1089/286/911
f 1090/284/973 1293/287/1057 1294/288/1165
f 1128/606/1011 1295/659/1166 1296/660/1167
f 1295/659/1166 1128/606/1011 1129/607/1012
f 1297/488/1168 1177/382/1055 1176/381/988
f 1177/382/1055 1297/488/1168 1298/489/1169
f 1224/429/1098 1299/463/1170 1300/462/1171
f 1224/429/1098 1300/462/1171 1225/427/1099
f 1273/510/1146 1266/419/1139 1263/418/1033
f 1266/419/1139 1273/510/1146 1276/511/1149
f 725/409/650 1301/661/1172 724/408/649
f 1302/452/1173 1303/453/1174 1304/455/1175
f 1303/453/1174 1302/452/1173 1305/454/1176
f 1306/662/1177 1307/663/1178 1308/664/1179
f 1309/665/925 1308/664/1179 1307/663/1178
f 1274/481/1147 1310/414/1180 1311/415/1181
f 1311/415/1181 1275/480/1148 1274/481/1147
f 1088/358/830 1312/500/1182 1087/357/972
f 1312/500/1182 1088/358/830 1313/501/1183
f 1299/463/1170 1221/424/1095 1222/425/1096
f 1299/463/1170 1222/425/1096 1300/462/1171
f 1314/550/1184 987/397/880 988/398/881
f 1314/550/1184 988/398/881 1315/551/1185
f 1060/567/946 1316/666/1186 1059/566/579
f 1317/667/582 1059/566/579 1316/666/1186
f 1188/631/1066 1318/668/1187 1189/632/1067
f 1189/632/1067 1318/668/1187 1319/669/1026
f 1310/414/1180 1285/479/1157 1286/478/1158
f 1286/478/1158 1311/415/1181 1310/414/1180
f 1320/490/1188 1245/401/1119 1321/491/1146
f 1245/401/1119 1320/490/1188 1244/400/1118
f 1155/386/1033 1320/490/1188 1321/491/1146
f 1320/490/1188 1155/386/1033 1154/385/861
f 1229/589/1103 1322/670/1189 1323/671/1190
f 1322/670/1189 1229/589/1103 1228/588/1102
f 1102/593/985 1324/672/1191 1104/595/987
f 1324/672/1191 1102/593/985 1325/673/1192
f 863/497/764 1326/674/1193 862/496/763
f 1326/674/1193 863/497/764 1327/675/1194
f 1327/675/1194 1328/676/1195 1326/674/1193
f 1328/676/1195 1327/675/1194 1329/677/1196
f 1330/678/1197 1328/676/1195 1329/677/1196
f 1331/679/1198 1328/676/1195 1330/678/1197
f 1291/245/1163 1292/244/1164 1332/186/1199
f 1292/244/1164 1333/187/1200 1332/186/1199
f 1334/502/1201 1305/454/1176 1302/452/1173
f 1305/454/1176 1334/502/1201 1335/503/1202
f 1336/670/1203 1098/589/981 1097/588/980
f 1098/589/981 1336/670/1203 1337/671/1204
f 1076/575/961 1338/680/1205 1339/681/1206
f 1338/680/1205 1076/575/961 1075/574/960
f 1318/668/1187 1306/662/1177 1319/669/1026
f 1308/664/1179 1319/669/1026 1306/662/1177
f 1340/287/1207 1241/345/1115 1341/288/1208
f 1241/345/1115 1340/287/1207 1240/347/1114
f 1342/482/1209 1153/372/1032 1152/371/917
f 1153/372/1032 1342/482/1209 1343/483/1210
f 1344/559/1211 1255/548/1129 1254/547/1128
f 1255/548/1129 1344/559/1211 1345/558/1212
f 1341/288/1208 1346/436/1213 1340/287/1207
f 1346/436/1213 1341/288/1208 1347/437/1214
f 1175/284/1054 1346/436/1213 1347/437/1214
f 1346/436/1213 1175/284/1054 1174/286/1053
f 1348/682/1215 1201/633/1077 1202/634/1078
f 1202/634/1078 1349/683/1216 1348/682/1215
f 1307/663/1178 1350/684/1217 1309/665/925
f 1351/685/1218 1309/665/925 1350/684/1217
f 1352/686/1219 1351/685/1218 1353/687/685
f 1350/684/1217 1353/687/685 1351/685/1218
f 1352/686/1219 1353/687/685 1354/688/1220
f 1355/689/1221 1352/686/1219 1354/688/1220
f 1206/636/1081 1355/689/1221 1354/688/1220
f 1206/636/1081 1205/635/1080 1355/689/1221
f 1073/572/958 1356/690/1222 1074/573/959
f 1074/573/959 1356/690/1222 1357/691/1223
f 1304/455/1175 1358/486/1224 1359/487/1225
f 1358/486/1224 1304/455/1175 1303/453/1174
f 1360/498/1226 1343/483/1210 1342/482/1209
f 1343/483/1210 1360/498/1226 1361/499/1227
f 1360/498/1226 1252/446/1126 1361/499/1227
f 1252/446/1126 1360/498/1226 1253/447/1127
f 1362/692/1228 1288/658/1160 1363/693/1229
f 1288/658/1160 1362/692/1228 1287/657/1159
f 1259/644/1133 1178/473/1056 1257/642/1131
f 1178/473/1056 1259/644/1133 1179/472/1057
f 1200/352/1076 1364/434/1230 1365/435/1231
f 1364/434/1230 1200/352/1076 1199/351/1022
f 992/545/883 1366/694/1232 991/544/684
f 1366/694/1232 992/545/883 1367/695/1233
f 1367/695/1233 1368/696/1234 1366/694/1232
f 1369/697/1235 1366/694/1232 1368/696/1234
f 1368/696/1234 1370/698/1236 1369/697/1235
f 1370/698/1236 1368/696/1234 1371/699/1237
f 1220/362/1094 1372/450/1238 1373/451/1239
f 1372/450/1238 1220/362/1094 1219/361/1093
f 1374/700/1240 1375/701/1241 1376/702/1242
f 1375/701/1241 1374/700/1240 1377/703/1243
f 1209/637/1083 1378/645/1244 1210/638/1084
f 1210/638/1084 1378/645/1244 1262/646/1136
f 1294/288/1165 1379/347/1245 1380/345/1246
f 1379/347/1245 1294/288/1165 1293/287/1057
f 1381/315/1247 1382/493/1248 1383/492/1249
f 1382/493/1248 1381/315/1247 1384/316/1250
f 1381/315/1247 1385/246/1251 1384/316/1250
f 1381/315/1247 1386/243/1252 1385/246/1251
f 741/244/663 1385/246/1251 1386/243/1252
f 1385/246/1251 741/244/663 740/245/662
f 1387/704/1253 1388/705/1254 1389/706/1255
f 1390/707/1256 1146/618/1028 1149/621/920
f 1390/707/1256 1149/621/920 1391/708/1257
f 1392/709/1258 1363/693/1229 1393/710/1259
f 1363/693/1229 1392/709/1258 1362/692/1228
f 1394/711/1260 1395/712/1261 1396/713/1262
f 1395/712/1261 1394/711/1260 1397/714/535
f 1358/486/1224 1398/519/1263 1399/518/1264
f 1399/518/1264 1359/487/1225 1358/486/1224
f 1400/348/1265 1401/350/1266 1402/349/1267
f 1401/350/1266 1400/348/1265 1403/346/1268
f 1404/715/1269 1405/716/1270 1217/639/1091
f 1217/639/1091 1405/716/1270 1218/640/1092
f 1249/376/1123 1406/484/1271 1407/485/1272
f 1406/484/1271 1249/376/1123 1248/375/1122
f 1380/345/1246 1403/346/1268 1400/348/1265
f 1403/346/1268 1380/345/1246 1379/347/1245
f 1398/519/1263 1408/534/1273 1409/532/1274
f 1409/532/1274 1399/518/1264 1398/519/1263
f 1410/717/1275 1133/611/1016 1411/718/1276
f 1133/611/1016 1410/717/1275 1132/610/1015
f 1412/719/1277 1413/720/1278 1414/721/1279
f 1413/720/1278 1412/719/1277 1415/722/493
f 1159/624/1038 1416/723/1280 1417/724/1281
f 1416/723/1280 1159/624/1038 1160/625/1039
f 1418/725/495 1419/726/1282 1415/722/493
f 1419/726/1282 1413/720/1278 1415/722/493
f 1278/652/1151 1420/727/1283 1277/651/1150
f 1420/727/1283 1278/652/1151 1421/728/1284
f 1422/596/1285 1180/526/1058 1181/527/1059
f 1422/596/1285 1181/527/1059 1423/597/1286
f 1408/534/1273 1424/535/1287 1425/533/1288
f 1425/533/1288 1409/532/1274 1408/534/1273
f 1394/711/1260 1419/726/1282 1397/714/535
f 1397/714/535 1419/726/1282 1418/725/495
f 1426/729/1289 1427/730/1290 1428/731/1291
f 1429/732/1292 1430/733/1293 1431/734/1294
f 1430/733/1293 1429/732/1292 1432/735/1295
f 1424/535/1287 1433/561/1296 1434/560/1297
f 1434/560/1297 1425/533/1288 1424/535/1287
f 974/421/868 1435/564/587 973/420/867
f 1436/564/1298 974/421/1299 1437/565/1300
f 1402/349/1267 1438/401/1301 1439/400/1302
f 1438/401/1301 1402/349/1267 1401/350/1266
f 1438/401/1301 1440/490/1303 1439/400/1302
f 1440/490/1303 1438/401/1301 1441/491/1304
f 1442/386/1305 1440/490/1303 1441/491/1304
f 1440/490/1303 1442/386/1305 1443/385/1306
f 1443/385/1306 1444/230/1307 1445/229/1308
f 1444/230/1307 1443/385/1306 1442/386/1305
f 781/140/696 1445/229/1308 1444/230/1307
f 1445/229/1308 781/140/696 780/139/695
f 1446/736/1309 1337/671/1204 1336/670/1203
f 1337/671/1204 1446/736/1309 1447/737/1310
f 1448/737/1311 1323/671/1190 1322/670/1189
f 1448/737/1311 1322/670/1189 1449/736/1312
f 1375/701/1241 1450/738/1313 1376/702/1242
f 1268/648/1141 1451/739/1314 1267/647/1140
f 1451/739/1314 1268/648/1141 1452/740/1315
f 1453/625/1316 1345/558/1212 1344/559/1211
f 1345/558/1212 1453/625/1316 1454/624/1317
f 1433/561/1296 1455/568/1318 1456/569/1319
f 1456/569/1319 1434/560/1297 1433/561/1296
f 1393/710/1259 1457/741/1320 1392/709/1258
f 1457/741/1320 1393/710/1259 1458/742/1321
f 1459/743/1322 1279/653/1152 1280/654/1153
f 1280/654/1153 1460/744/1323 1459/743/1322
f 1461/745/1324 1009/187/900 1462/746/1325
f 1009/187/900 1461/745/1324 1010/186/901
f 1463/531/1326 1464/530/1327 1372/450/1238
f 1464/530/1327 1373/451/1239 1372/450/1238
f 1465/747/1328 1348/682/1215 1349/683/1216
f 1349/683/1216 1466/748/1329 1465/747/1328
f 1297/488/1168 1467/576/1330 1298/489/1169
f 1467/576/1330 1297/488/1168 1468/577/1331
f 1469/749/1332 1447/737/1310 1446/736/1309
f 1447/737/1310 1469/749/1332 1470/750/1333
f 1471/751/1334 1339/681/1206 1472/752/1335
f 1338/680/1205 1472/752/1335 1339/681/1206
f 1473/753/514 1474/754/1336 1475/755/1337
f 1474/754/1336 1473/753/514 1476/756/1338
f 1477/757/1339 1478/758/1340 1475/755/1337
f 1475/755/1337 1478/758/1340 1473/753/514
f 1479/631/939 1203/554/1079 1204/555/1058
f 1479/631/939 1204/555/1058 1480/632/1341
f 1481/759/1342 1482/760/1343 1483/761/1344
f 1482/760/1343 1481/759/1342 1484/735/1345
f 1485/566/1346 1335/503/1202 1334/502/1201
f 1335/503/1202 1485/566/1346 1486/567/1347
f 1487/666/1348 1486/567/1347 1485/566/1346
f 1487/666/1348 1485/566/1346 1488/667/1062
f 1489/720/1349 1490/719/1350 1491/721/1351
f 1490/719/1350 1489/720/1349 1492/722/1352
f 1493/762/1353 1325/673/1192 1494/763/1354
f 1325/673/1192 1493/762/1353 1324/672/1191
f 1232/110/1106 1495/626/707 1231/111/1105
f 1495/626/707 1232/110/1106 1496/627/1355
f 1497/621/1356 1495/626/707 1496/627/1355
f 1495/626/707 1497/621/1356 1498/618/1357
f 1499/708/1358 1498/618/1357 1497/621/1356
f 1498/618/1357 1499/708/1358 1500/707/805
f 1501/764/1359 1502/765/1360 1503/766/1361
f 1502/765/1360 1501/764/1359 1504/767/1362
f 1503/766/1361 1502/765/1360 1258/643/1132
f 1258/643/1132 1502/765/1360 1256/641/1130
f 1492/722/1352 1489/720/1349 1505/726/1363
f 1492/722/1352 1505/726/1363 1506/725/1364
f 1507/768/1365 1508/769/1366 1509/770/1367
f 1510/771/1368 1511/772/1369 1512/773/1370
f 1513/772/1371 1514/771/1371 1515/774/1372
f 1516/775/1373 1517/776/1374 1518/777/1375
f 1517/776/1374 1516/775/1373 1519/778/1376
f 1520/571/1377 1521/570/1378 1463/531/1326
f 1521/570/1378 1464/530/1327 1463/531/1326
f 1455/568/1318 1522/616/1379 1523/617/1380
f 1523/617/1380 1456/569/1319 1455/568/1318
f 1364/434/1230 1524/538/1381 1365/435/1231
f 1524/538/1381 1364/434/1230 1525/539/1382
f 1126/604/1009 1526/779/1383 1127/605/1010
f 1526/779/1383 1126/604/1009 1527/780/1384
f 1528/781/1385 1431/734/1294 1529/782/1386
f 1431/734/1294 1528/781/1385 1429/732/1292
f 1522/616/1379 1423/597/1286 1523/617/1380
f 1522/616/1379 1422/596/1285 1423/597/1286
f 1530/783/1387 1518/777/1375 1517/776/1374
f 1518/777/1375 1530/783/1387 1531/784/1388
f 1490/719/1350 1532/785/1389 1491/721/1351
f 1533/786/1390 1491/721/1351 1532/785/1389
f 1534/787/1391 1377/703/1243 1374/700/1240
f 1377/703/1243 1534/787/1391 1535/788/1392
f 1536/789/1393 1470/750/1333 1469/749/1332
f 1470/750/1333 1536/789/1393 1537/790/1394
f 1538/785/1395 1412/719/1277 1414/721/1279
f 1538/785/1395 1414/721/1279 1539/786/1396
f 1449/736/1312 1540/749/1397 1541/750/1398
f 1541/750/1398 1448/737/1311 1449/736/1312
f 1542/791/1047 1390/707/1256 1391/708/1257
f 1542/791/1047 1391/708/1257 1543/792/1399
f 1544/637/1400 1315/551/1185 1545/638/1095
f 1315/551/1185 1544/637/1400 1314/550/1184
f 1465/747/1328 1546/793/1401 1547/794/1402
f 1546/793/1401 1465/747/1328 1466/748/1329
f 1520/571/1377 1548/609/1403 1549/608/1404
f 1549/608/1404 1521/570/1378 1520/571/1377
f 1550/732/1405 1551/733/1406 1552/734/1407
f 1551/733/1406 1550/732/1405 1553/735/1408
f 1554/623/1409 1548/609/1403 1555/622/1410
f 1548/609/1403 1554/623/1409 1549/608/1404
f 1556/795/1411 1404/715/1269 1557/796/1412
f 1404/715/1269 1556/795/1411 1405/716/1270
f 1316/666/1186 1558/797/1413 1317/667/582
f 1559/798/1414 1317/667/582 1558/797/1413
f 1560/799/1415 1357/691/1223 1356/690/1222
f 1357/691/1223 1560/799/1415 1561/800/1416
f 1562/732/1417 1563/733/1418 1564/734/1419
f 1563/733/1418 1562/732/1417 1565/735/1420
f 1566/801/1421 1471/751/1334 1567/802/1422
f 1472/752/1335 1567/802/1422 1471/751/1334
f 1247/536/1121 1568/633/1423 1246/537/1120
f 1568/633/1423 1247/536/1121 1569/634/1424
f 1570/724/1425 1454/624/1317 1453/625/1316
f 1453/625/1316 1571/723/1426 1570/724/1425
f 1555/622/1410 1572/646/1427 1554/623/1409
f 1572/646/1427 1555/622/1410 1573/645/1428
f 1406/484/1271 1574/574/1429 1407/485/1272
f 1574/574/1429 1406/484/1271 1575/575/1430
f 1576/803/1431 1537/790/1394 1536/789/1393
f 1537/790/1394 1576/803/1431 1577/804/1432
f 1578/315/1433 1579/493/1434 1580/492/1435
f 1579/493/1434 1578/315/1433 1581/316/1436
f 1578/315/1433 1289/246/1161 1581/316/1436
f 1578/315/1433 1290/243/1162 1289/246/1161
f 1582/711/1437 1583/712/857 1584/714/1438
f 1585/712/1439 1582/711/1437 1586/713/1439
f 1587/805/1255 1588/806/1440 1589/807/1441
f 1587/805/1255 1589/807/1441 1590/808/1442
f 1547/794/1402 1577/804/1432 1576/803/1431
f 1577/804/1432 1547/794/1402 1546/793/1401
f 1591/809/1443 1535/788/1392 1534/787/1391
f 1535/788/1392 1591/809/1443 1592/810/1444
f 1593/811/1445 1459/743/1322 1460/744/1323
f 1460/744/1323 1594/812/1446 1593/811/1445
f 1595/813/1447 1531/784/1388 1530/783/1387
f 1531/784/1388 1595/813/1447 1596/814/1448
f 1500/707/805 1597/792/1449 1598/791/1450
f 1597/792/1449 1500/707/805 1499/708/1358
f 1599/815/1451 1600/816/1452 1601/817/1453
f 1600/816/1452 1599/815/1451 1602/818/1454
f 1603/668/1455 1480/632/1341 1604/669/1379
f 1480/632/1341 1603/668/1455 1479/631/939
f 1605/663/1456 1606/664/1457 1607/665/1458
f 1605/663/1456 1608/662/1171 1606/664/1457
f 1505/726/1363 1584/714/1438 1506/725/1364
f 1584/714/1438 1505/726/1363 1582/711/1437
f 1609/819/1459 1411/718/1276 1610/820/1460
f 1411/718/1276 1609/819/1459 1410/717/1275
f 1540/749/1397 1611/789/1461 1612/790/1462
f 1540/749/1397 1612/790/1462 1541/750/1398
f 1477/757/1339 1613/821/1463 1614/822/1464
f 1477/757/1339 1614/822/1464 1478/758/1340
f 1615/823/1465 1483/761/1344 1616/824/1466
f 1483/761/1344 1615/823/1465 1481/759/1342
f 1617/825/1467 1452/740/1315 1618/826/1468
f 1452/740/1315 1617/825/1467 1451/739/1314
f 1619/684/1469 1605/663/1456 1607/665/1458
f 1619/684/1469 1607/665/1458 1620/685/1470
f 1507/768/1365 1621/827/1471 1508/769/1366
f 1621/827/1471 1507/768/1365 1622/828/1472
f 1623/829/1473 1624/830/1474 1625/831/1475
f 1626/829/1476 1627/831/1477 1628/832/1478
f 1629/833/1479 1630/834/1480 1631/835/1481
f 1630/834/1480 1629/833/1479 1632/836/1482
f 1633/837/1483 1634/838/1484 1635/839/1485
f 1634/838/1484 1633/837/1483 1636/840/1486
f 1634/838/1484 1330/678/1197 1635/839/1485
f 1330/678/1197 1634/838/1484 1331/679/1198
f 1476/756/1338 1637/841/1487 1474/754/1336
f 1637/841/1487 1476/756/1338 1638/842/1488
f 1608/662/1171 1604/669/1379 1606/664/1457
f 1604/669/1379 1608/662/1171 1603/668/1455
f 1639/843/1489 1625/831/1475 1624/830/1474
f 1625/831/1475 1639/843/1489 1640/844/1490
f 1641/845/1491 1529/782/1386 1642/846/1492
f 1529/782/1386 1641/845/1491 1528/781/1385
f 1643/641/1493 1171/473/1050 1644/643/1494
f 1171/473/1050 1643/641/1493 1170/472/1049
f 1573/645/1428 1545/638/1095 1572/646/1427
f 1545/638/1095 1573/645/1428 1544/637/1400
f 1645/635/1495 1524/538/1381 1525/539/1382
f 1645/635/1495 1525/539/1382 1646/636/1496
f 1532/785/1389 1647/847/1497 1533/786/1390
f 1533/786/1390 1647/847/1497 1648/848/1498
f 1649/849/1499 1566/801/1421 1650/850/1500
f 1567/802/1422 1650/850/1500 1566/801/1421
f 1651/687/1501 1619/684/1469 1620/685/1470
f 1651/687/1501 1620/685/1470 1652/686/1502
f 1653/688/1503 1651/687/1501 1652/686/1502
f 1653/688/1503 1652/686/1502 1654/689/1504
f 1655/781/1505 1564/734/1419 1656/782/1506
f 1564/734/1419 1655/781/1505 1562/732/1417
f 1426/729/1289 1657/851/1507 1427/730/1290
f 1657/851/1507 1426/729/1289 1658/852/1508
f 1659/804/1509 1611/789/1461 1660/803/1510
f 1611/789/1461 1659/804/1509 1612/790/1462
f 1661/853/1511 1599/815/1451 1662/854/1512
f 1599/815/1451 1661/853/1511 1602/818/1454
f 1593/811/1445 1663/855/1513 1664/856/1514
f 1663/855/1513 1593/811/1445 1594/812/1446
f 1511/772/1369 1665/857/1515 1666/858/1516
f 1511/772/1369 1666/858/1516 1512/773/1370
f 1667/859/1517 1640/844/1490 1639/843/1489
f 1640/844/1490 1667/859/1517 1668/860/1518
f 1669/288/1519 1597/792/1520 1670/287/1521
f 1597/792/1520 1669/288/1519 1671/791/1522
f 1653/688/1503 1654/689/1504 1646/636/1496
f 1654/689/1504 1645/635/1495 1646/636/1496
f 1560/799/1415 1672/861/1523 1561/800/1416
f 1672/861/1523 1560/799/1415 1673/862/1524
f 1622/828/1472 1674/863/1525 1621/827/1471
f 1674/863/1525 1622/828/1472 1675/705/1526
f 1270/650/1143 1676/864/1527 1677/865/1528
f 1676/864/1527 1270/650/1143 1269/649/1142
f 1678/866/1529 1610/820/1460 1679/867/1530
f 1610/820/1460 1678/866/1529 1609/819/1459
f 1680/868/1531 1630/834/1480 1681/869/1532
f 1630/834/1480 1680/868/1531 1631/835/1481
f 1682/794/1533 1659/804/1509 1660/803/1510
f 1659/804/1509 1682/794/1533 1683/793/1534
f 1684/870/1535 1557/796/1412 1685/871/1536
f 1557/796/1412 1684/870/1535 1556/795/1411
f 1686/872/1537 1596/814/1448 1595/813/1447
f 1596/814/1448 1686/872/1537 1687/873/1538
f 1688/745/1539 1333/187/1200 1689/746/1540
f 1333/187/1200 1688/745/1539 1332/186/1199
f 1690/680/1541 1574/574/1429 1575/575/1430
f 1690/680/1541 1575/575/1430 1691/681/1542
f 1692/874/1543 1494/763/1354 1693/875/1193
f 1494/763/1354 1692/874/1543 1493/762/1353
f 1694/876/1544 1668/860/1518 1667/859/1517
f 1668/860/1518 1694/876/1544 1695/877/1545
f 1696/847/1546 1538/785/1395 1539/786/1396
f 1696/847/1546 1539/786/1396 1697/848/1547
f 1664/856/1514 1698/878/1548 1699/879/1549
f 1698/878/1548 1664/856/1514 1663/855/1513
f 1613/821/1463 1700/880/1550 1701/881/528
f 1613/821/1463 1701/881/528 1614/822/1464
f 1702/882/924 1649/849/1499 1703/883/1551
f 1650/850/1500 1703/883/1551 1649/849/1499
f 1699/879/1549 1695/877/1545 1694/876/1544
f 1695/877/1545 1699/879/1549 1698/878/1548
f 1704/884/1552 1618/826/1468 1705/885/1553
f 1618/826/1468 1704/884/1552 1617/825/1467
f 1706/813/1554 1707/784/1555 1708/783/1556
f 1707/784/1555 1706/813/1554 1709/814/1557
f 1710/797/1558 1487/666/1348 1488/667/1062
f 1488/667/1062 1711/798/1559 1710/797/1558
f 1712/886/1560 1679/867/1530 1713/887/1561
f 1679/867/1530 1712/886/1560 1678/866/1529
f 1714/888/1562 1504/767/1362 1501/764/1359
f 1504/767/1362 1714/888/1562 1715/889/1563
f 1716/890/1564 1717/891/1565 1718/892/1566
f 1717/891/1565 1716/890/1564 1719/893/1567
f 1720/782/1568 1550/732/1405 1552/734/1407
f 1550/732/1405 1720/782/1568 1721/781/1569
f 1642/846/1492 1722/894/1570 1723/895/1571
f 1642/846/1492 1723/895/1571 1641/845/1491
f 1647/847/1497 1724/896/1572 1648/848/1498
f 1648/848/1498 1724/896/1572 1725/897/1573
f 1726/747/1574 1683/793/1534 1682/794/1533
f 1683/793/1534 1726/747/1574 1727/748/1575
f 1728/898/1576 1681/869/1532 1729/899/1577
f 1681/869/1532 1728/898/1576 1680/868/1531
f 1730/900/1578 1731/760/1579 1732/901/1580
f 1731/760/1579 1730/900/1578 1733/902/1581
f 1734/682/1582 1569/634/1424 1735/683/1583
f 1569/634/1424 1734/682/1582 1568/633/1423
f 1658/852/1508 1736/903/1584 1657/851/1507
f 1736/903/1584 1658/852/1508 1737/904/1585
f 1738/777/1586 1708/783/1556 1707/784/1555
f 1708/783/1556 1738/777/1586 1739/776/1587
f 1691/681/1542 1740/751/1588 1741/752/1589
f 1691/681/1542 1741/752/1589 1690/680/1541
f 1742/905/1590 1702/882/924 1743/906/1591
f 1743/906/1591 1702/882/924 1703/883/1551
f 1744/907/1592 1662/854/1512 1745/908/1593
f 1662/854/1512 1744/907/1592 1661/853/1511
f 1746/767/1594 1644/643/1494 1747/764/1595
f 1644/643/1494 1746/767/1594 1643/641/1493
f 1748/909/1596 1592/810/1444 1591/809/1443
f 1592/810/1444 1748/909/1596 1749/910/1597
f 1750/911/1598 1751/912/1599 1700/880/1550
f 1700/880/1550 1751/912/1599 1701/881/528
f 1752/895/1600 1616/824/1466 1753/913/1601
f 1616/824/1466 1752/895/1600 1615/823/1465
f 1754/914/1602 1755/893/1603 1756/890/1604
f 1755/893/1603 1754/914/1602 1757/915/1605
f 1757/915/1605 1281/655/1154 1282/656/1155
f 1281/655/1154 1757/915/1605 1754/914/1602
f 1758/916/1606 1713/887/1561 1759/917/1607
f 1713/887/1561 1758/916/1606 1712/886/1560
f 1656/782/1506 1760/846/1608 1761/845/1609
f 1656/782/1506 1761/845/1609 1655/781/1505
f 1762/872/1610 1709/814/1557 1706/813/1554
f 1709/814/1557 1762/872/1610 1763/873/1611
f 1458/742/1321 1764/918/1612 1457/741/1320
f 1457/741/1320 1764/918/1612 1765/919/1613
f 1724/896/1572 1766/920/1027 1725/897/1573
f 1725/897/1573 1766/920/1027 1767/921/1614
f 1715/889/1563 1768/922/1615 1769/923/1616
f 1768/922/1615 1715/889/1563 1714/888/1562
f 1740/751/1588 1770/801/1274 1771/802/1617
f 1740/751/1588 1771/802/1617 1741/752/1589
f 1766/920/1027 1742/905/1590 1767/921/1614
f 1767/921/1614 1742/905/1590 1743/906/1591
f 1772/924/1618 1729/899/1577 1773/925/1619
f 1729/899/1577 1772/924/1618 1728/898/1576
f 1588/806/1440 1774/926/1620 1775/927/1621
f 1775/927/1621 1589/807/1441 1588/806/1440
f 1776/928/1622 1687/873/1538 1686/872/1537
f 1687/873/1538 1776/928/1622 1777/929/1623
f 1718/892/1566 1778/930/1624 1779/931/1625
f 1778/930/1624 1718/892/1566 1717/891/1565
f 1780/932/1626 1705/885/1553 1781/933/1627
f 1705/885/1553 1780/932/1626 1704/884/1552
f 1727/748/1575 1734/682/1582 1735/683/1583
f 1734/682/1582 1727/748/1575 1726/747/1574
f 1383/492/1249 1782/656/1628 1783/655/1629
f 1782/656/1628 1383/492/1249 1382/493/1248
f 1784/775/1630 1739/776/1587 1738/777/1586
f 1739/776/1587 1784/775/1630 1785/778/1631
f 1580/492/1435 1786/656/1632 1787/655/1633
f 1786/656/1632 1580/492/1435 1579/493/1434
f 1637/841/1487 1788/934/1634 1789/935/1635
f 1788/934/1634 1637/841/1487 1638/842/1488
f 1790/896/1636 1697/848/1547 1791/897/1637
f 1697/848/1547 1790/896/1636 1696/847/1546
f 1792/936/1638 1750/911/1598 1793/937/1639
f 1750/911/1598 1792/936/1638 1751/912/1599
f 1794/938/1640 1685/871/1536 1795/939/1641
f 1685/871/1536 1794/938/1640 1684/870/1535
f 1796/940/1642 1797/941/1643 1798/942/1644
f 1796/940/1642 1798/942/1644 1799/943/1645
f 1800/944/1646 1732/901/1580 1801/945/1647
f 1732/901/1580 1800/944/1646 1730/900/1578
f 1802/408/1648 1803/946/1649 1804/701/1650
f 1805/947/1651 1673/862/1524 1806/948/1652
f 1673/862/1524 1805/947/1651 1672/861/1523
f 1807/949/1653 1805/947/1651 1806/948/1652
f 1807/949/1653 1808/950/1654 1805/947/1651
f 1809/850/1655 1770/801/1274 1810/849/1656
f 1770/801/1274 1809/850/1655 1771/802/1617
f 1665/857/1515 1811/951/1657 1812/952/1658
f 1665/857/1515 1812/952/1658 1666/858/1516
f 1813/889/1659 1747/764/1595 1814/888/1660
f 1747/764/1595 1813/889/1659 1746/767/1594
f 1815/922/1661 1813/889/1659 1814/888/1660
f 1813/889/1659 1815/922/1661 1816/923/1662
f 1817/914/1663 1719/893/1567 1716/890/1564
f 1719/893/1567 1817/914/1663 1818/915/1664
f 1819/953/1665 1820/954/1666 1821/955/1667
f 1820/954/1666 1819/953/1665 1822/956/1668
f 1823/957/1669 1759/917/1607 1824/958/1670
f 1759/917/1607 1823/957/1669 1758/916/1606
f 1825/959/1671 1826/960/1672 1827/961/1673
f 1527/780/1384 1828/962/1674 1526/779/1383
f 1828/962/1674 1527/780/1384 1829/963/1675
f 1830/964/1676 1822/956/1668 1819/953/1665
f 1822/956/1668 1830/964/1676 1831/965/1677
f 1774/926/1620 1832/966/1678 1833/967/1679
f 1833/967/1679 1775/927/1621 1774/926/1620
f 1797/941/1643 1834/968/1680 1835/969/1681
f 1797/941/1643 1835/969/1681 1798/942/1644
f 1836/703/1682 1837/970/1683 1804/701/1650
f 1837/970/1683 1802/408/1648 1804/701/1650
f 1773/925/1619 1838/971/1684 1772/924/1618
f 1838/971/1684 1773/925/1619 1839/972/1685
f 1840/973/1686 1799/943/1645 1841/974/1687
f 1799/943/1645 1840/973/1686 1796/940/1642
f 1842/975/1688 1723/895/1571 1722/894/1570
f 1723/895/1571 1842/975/1688 1843/976/1689
f 1844/883/1690 1810/849/1656 1845/882/1691
f 1810/849/1656 1844/883/1690 1809/850/1655
f 1542/791/1047 1846/287/1692 1847/288/1693
f 1846/287/1692 1542/791/1047 1543/792/1399
f 1848/906/1694 1845/882/1691 1849/905/1695
f 1845/882/1691 1848/906/1694 1844/883/1690
f 1850/977/1696 1825/959/1671 1851/978/1697
f 1851/978/1697 1825/959/1671 1827/961/1673
f 1852/979/1698 1744/907/1592 1745/908/1593
f 1744/907/1592 1852/979/1698 1853/980/1699
f 1769/923/1616 1854/981/1700 1855/982/1701
f 1854/981/1700 1769/923/1616 1768/922/1615
f 1856/983/1702 1821/955/1667 1820/954/1666
f 1821/955/1667 1856/983/1702 1857/984/1703
f 1858/900/1704 1859/760/1705 1860/901/1706
f 1859/760/1705 1858/900/1704 1861/902/1707
f 1862/920/1380 1791/897/1637 1863/921/1708
f 1791/897/1637 1862/920/1380 1790/896/1636
f 1864/985/1709 1831/965/1677 1830/964/1676
f 1831/965/1677 1864/985/1709 1865/986/1710
f 1866/928/1711 1763/873/1611 1762/872/1610
f 1763/873/1611 1866/928/1711 1867/929/1712
f 1824/958/1670 1868/987/1713 1823/957/1669
f 1868/987/1713 1824/958/1670 1869/988/1714
f 1870/989/1715 1692/874/1543 1871/990/1716
f 1692/874/1543 1693/875/1193 1871/990/1716
f 1849/905/1695 1863/921/1708 1848/906/1694
f 1863/921/1708 1849/905/1695 1862/920/1380
f 1869/988/1714 1850/977/1696 1868/987/1713
f 1851/978/1697 1868/987/1713 1850/977/1696
f 1872/991/1717 1873/992/1718 1670/287/1521
f 1670/287/1521 1873/992/1718 1874/288/1719
f 1875/992/1720 1872/991/1717 1876/993/1720
f 1872/991/1717 1877/994/1721 1878/993/1722
f 1879/995/1723 1877/994/1721 1872/991/1717
f 1877/994/1721 1879/995/1723 1880/996/1724
f 1881/997/1725 1882/996/1359 1879/995/1726
f 1879/995/1726 1883/998/1727 1881/997/1725
f 1721/781/1569 1884/846/1728 1885/845/1729
f 1884/846/1728 1721/781/1569 1720/782/1568
f 1675/705/1526 1886/999/1730 1674/863/1525
f 1886/999/1730 1675/705/1526 1887/1000/1731
f 1760/846/1608 1888/894/1732 1889/895/1733
f 1760/846/1608 1889/895/1733 1761/845/1609
f 1890/1001/1734 1891/1002/1735 1892/1003/1736
f 1892/1003/1736 1891/1002/1735 1893/1004/1737
f 1835/969/1681 1891/1002/1735 1890/1001/1734
f 1891/1002/1735 1835/969/1681 1834/968/1680
s 0
f 1894/1005/1738 1895/1006/1738 1896/705/1738
s 1
f 1749/910/1597 1897/936/1739 1898/937/1740
f 1897/936/1739 1749/910/1597 1748/909/1596
f 1899/890/1741 1900/891/1742 1901/892/1743
f 1900/891/1742 1899/890/1741 1902/893/1744
f 1902/893/1744 1903/914/1745 1904/915/1746
f 1903/914/1745 1902/893/1744 1899/890/1741
f 1855/982/1701 1857/984/1703 1856/983/1702
f 1857/984/1703 1855/982/1701 1854/981/1700
f 1905/1007/1747 1906/1008/1748 1907/1009/1749
f 1906/1008/1748 1905/1007/1747 1908/1010/1750
f 1909/1011/1751 1910/1012/1752 1911/1013/1753
f 1909/1011/1751 1911/1013/1753 1912/1014/1754
f 1839/972/1685 1913/1015/1755 1838/971/1684
f 1913/1015/1755 1839/972/1685 1914/1016/1756
f 1915/1017/1757 1909/1011/1751 1912/1014/1754
f 1915/1017/1757 1912/1014/1754 1916/1018/1758
f 1787/655/1633 1818/915/1664 1817/914/1663
f 1818/915/1664 1787/655/1633 1786/656/1632
f 1917/1019/1759 1841/974/1687 1918/1020/1760
f 1841/974/1687 1917/1019/1759 1840/973/1686
f 1919/1021/1761 1920/1022/1762 1921/1023/1763
f 1920/1022/1762 1919/1021/1761 1922/1024/1764
f 1923/1025/1765 1887/1000/1731 1924/1026/1766
f 1887/1000/1731 1923/1025/1765 1886/999/1730
f 1777/929/1623 1925/1027/1767 1926/1028/1768
f 1925/1027/1767 1777/929/1623 1776/928/1622
f 1927/1029/1769 1843/976/1689 1842/975/1688
f 1843/976/1689 1927/1029/1769 1928/1030/1770
f 1633/837/1483 1929/1031/1771 1636/840/1486
f 1929/1031/1771 1633/837/1483 1930/1032/1772
f 1892/1003/1736 1931/1033/1773 1932/1034/1774
f 1931/1033/1773 1892/1003/1736 1893/1004/1737
f 1756/890/1604 1933/891/1775 1934/892/1776
f 1933/891/1775 1756/890/1604 1755/893/1603
f 1907/1009/1749 1915/1017/1757 1916/1018/1758
f 1907/1009/1749 1916/1018/1758 1905/1007/1747
f 1935/931/1777 1928/1030/1770 1927/1029/1769
f 1928/1030/1770 1935/931/1777 1936/930/1778
f 1937/1035/1779 1781/933/1627 1938/1036/1780
f 1781/933/1627 1937/1035/1779 1780/932/1626
f 1867/929/1712 1866/928/1711 1939/1037/1781
f 1867/929/1712 1939/1037/1781 1940/1038/1782
f 1779/931/1625 1941/1030/1783 1942/1029/1784
f 1941/1030/1783 1779/931/1625 1778/930/1624
f 1943/1039/1785 1752/895/1600 1753/913/1601
f 1752/895/1600 1943/1039/1785 1944/1040/1786
f 1910/1012/1752 1945/1041/1787 1946/1042/1788
f 1910/1012/1752 1946/1042/1788 1911/1013/1753
f 1783/655/1629 1904/915/1746 1903/914/1745
f 1904/915/1746 1783/655/1629 1782/656/1628
f 1934/892/1776 1936/930/1778 1935/931/1777
f 1936/930/1778 1934/892/1776 1933/891/1775
f 1947/1043/1789 1938/1036/1780 1948/1044/1790
f 1938/1036/1780 1947/1043/1789 1937/1035/1779
f 1949/1045/1791 1950/965/1792 1951/964/1793
f 1950/965/1792 1949/1045/1791 1952/1046/1794
f 1953/909/1795 1793/937/1639 1954/910/1796
f 1793/937/1639 1953/909/1795 1792/936/1638
f 1955/1047/1797 1922/1024/1764 1956/1048/1798
f 1922/1024/1764 1955/1047/1797 1920/1022/1762
f 1901/892/1743 1957/930/1799 1958/931/1800
f 1957/930/1799 1901/892/1743 1900/891/1742
f 1932/1034/1774 1959/1049/1801 1960/1050/1802
f 1959/1049/1801 1932/1034/1774 1931/1033/1773
f 1961/1051/1803 1921/1023/1763 1962/1052/1804
f 1921/1023/1763 1961/1051/1803 1919/1021/1761
f 1963/1053/1805 1964/1054/1806 1965/1055/1807
f 1964/1054/1806 1963/1053/1805 1966/1056/1808
f 1966/1056/1808 1955/1047/1797 1964/1054/1806
f 1955/1047/1797 1956/1048/1798 1964/1054/1806
f 1816/923/1662 1967/981/1809 1968/982/1810
f 1967/981/1809 1816/923/1662 1815/922/1661
f 1969/991/1811 1847/288/1693 1846/287/1692
f 1847/288/1693 1969/991/1811 1970/993/1812
f 1971/945/1813 1858/900/1704 1860/901/1706
f 1858/900/1704 1971/945/1813 1972/944/1814
f 1371/699/1237 1973/1057/1815 1370/698/1236
f 1973/1057/1815 1371/699/1237 1974/1058/1816
f 1914/1016/1756 1975/1059/1817 1913/1015/1755
f 1975/1059/1817 1914/1016/1756 1976/1060/1818
f 1951/964/1793 1977/956/1819 1978/953/1820
f 1977/956/1819 1951/964/1793 1950/965/1792
f 1925/1027/1767 1979/1061/1821 1926/1028/1768
f 1979/1061/1821 1925/1027/1767 1980/1062/1822
f 1906/1008/1748 1981/1063/1823 1982/1064/1824
f 1981/1063/1823 1906/1008/1748 1908/1010/1750
f 1983/901/1825 1984/900/1826 1985/760/1827
f 1985/760/1827 1984/900/1826 1986/902/1828
f 1987/935/1829 1988/1065/1830 1989/1066/1831
f 1988/1065/1830 1987/935/1829 1990/934/1832
f 1991/1067/1833 1800/944/1646 1801/945/1647
f 1800/944/1646 1991/1067/1833 1992/1068/1834
f 1993/755/1835 1994/756/1249 1995/754/1836
f 1994/756/1249 1993/755/1835 1996/753/1837
f 1789/935/1635 1997/1065/1838 1998/1066/1839
f 1997/1065/1838 1789/935/1635 1788/934/1634
f 1999/1069/1840 2000/1070/1841 2001/1071/1842
f 2000/1070/1841 1999/1069/1840 2002/1072/1843
f 2003/1073/1844 1795/939/1641 2004/1074/1845
f 1795/939/1641 2003/1073/1844 1794/938/1640
f 1995/754/1836 2005/842/1846 2006/841/1847
f 2005/842/1846 1995/754/1836 1994/756/1249
f 2007/1075/1848 1812/952/1658 1811/951/1657
f 1812/952/1658 2007/1075/1848 2008/1076/1849
f 2009/1077/1850 1865/986/1710 1864/985/1709
f 2009/1077/1850 2010/1078/1851 1865/986/1710
f 2011/185/1852 1689/746/1540 2012/183/1853
f 1689/746/1540 2011/185/1852 1688/745/1539
f 1960/1050/1802 2013/1079/1854 2014/1080/1855
f 2013/1079/1854 1960/1050/1802 1959/1049/1801
f 2015/19/1856 2016/86/1857 2017/14/1858
f 2017/14/1858 2016/86/1857 2018/266/1857
f 2002/1072/1843 1737/904/1585 2000/1070/1841
f 1737/904/1585 2002/1072/1843 1736/903/1584
f 2019/1081/1859 1853/980/1699 1852/979/1698
f 1853/980/1699 2019/1081/1859 2020/1082/1860
f 2019/1081/1859 2021/1083/1861 2020/1082/1860
f 2021/1083/1861 2019/1081/1859 2022/1084/1862
f 2023/1085/1863 1870/989/1715 2024/1086/1864
f 2024/1086/1864 1870/989/1715 1871/990/1716
f 1978/953/1820 2025/954/1865 2026/955/1866
f 2025/954/1865 1978/953/1820 1977/956/1819
f 2006/841/1847 1990/934/1832 1987/935/1829
f 1990/934/1832 2006/841/1847 2005/842/1846
f 1918/1020/1760 2027/27/1867 1917/1019/1759
f 2028/1087/1868 1808/950/1654 2029/1088/1869
f 1808/950/1654 1807/949/1653 2029/1088/1869
f 2030/1089/1870 2031/1090/1871 2032/1091/1872
f 2031/1090/1871 2030/1089/1870 2033/1092/1873
f 2034/1093/1874 1945/1041/1787 2035/1094/1875
f 1945/1041/1787 2034/1093/1874 1946/1042/1788
f 1989/1066/1831 2036/1095/1876 2037/1096/1877
f 2036/1095/1876 1989/1066/1831 1988/1065/1830
f 2038/1097/1878 1962/1052/1804 2039/1098/1879
f 1962/1052/1804 2038/1097/1878 1961/1051/1803
f 1965/1055/1807 2040/1099/1880 1963/1053/1805
f 2041/1100/1881 1963/1053/1805 2040/1099/1880
f 2042/1101/1882 2043/1102/1883 2044/1103/1884
f 2043/1102/1883 2042/1101/1882 2045/1104/1885
f 2046/975/1886 1889/895/1733 1888/894/1732
f 1889/895/1733 2046/975/1886 2047/976/1887
f 2015/19/1856 2048/110/1888 2049/131/1889
f 2048/110/1888 2015/19/1856 2017/14/1858
f 1939/1037/1781 2050/1061/1890 1940/1038/1782
f 2050/1061/1890 1939/1037/1781 2051/1062/1891
f 1885/845/1729 2052/894/1892 2053/895/1893
f 2052/894/1892 1885/845/1729 1884/846/1728
f 2054/1105/1894 2055/1106/1895 2056/1107/1896
f 2055/1106/1895 2054/1105/1894 2057/1108/1897
f 2058/1109/1898 2059/1110/1899 2060/1111/1900
f 2060/1111/1900 2059/1110/1899 2061/1112/1901
f 2059/1110/1899 2062/1113/1902 2061/1112/1901
f 2061/1112/1901 2062/1113/1902 2063/1114/1903
f 2064/1115/1904 1975/1059/1817 1976/1060/1818
f 1975/1059/1817 2064/1115/1904 2065/1116/1905
f 2066/757/1906 2067/758/1907 1993/755/1835
f 1993/755/1835 2067/758/1907 1996/753/1837
f 2068/821/1908 2067/758/1907 2066/757/1906
f 2067/758/1907 2068/821/1908 2069/822/1909
f 2070/1117/1910 2071/1118/1911 2072/493/1912
f 2070/1117/1910 2072/493/1912 2073/754/1913
f 2070/1117/1910 2074/1119/1914 2071/1118/1911
f 2074/1119/1914 2070/1117/1910 2075/1120/1915
f 2023/1085/1863 2076/1121/1916 2077/1122/1917
f 2076/1121/1916 2023/1085/1863 2024/1086/1864
f 2078/1066/1918 2079/1095/1919 2080/1096/1920
f 2079/1095/1919 2078/1066/1918 2081/1065/1921
f 2069/822/1909 2082/1123/1922 2083/1124/1923
f 2082/1123/1922 2069/822/1909 2068/821/1908
f 1942/1029/1784 2047/976/1887 2046/975/1886
f 2047/976/1887 1942/1029/1784 1941/1030/1783
f 1948/1044/1790 2056/1107/1896 1947/1043/1789
f 2056/1107/1896 1948/1044/1790 2054/1105/1894
f 1970/993/1812 2084/995/1924 2085/996/1925
f 2084/995/1924 1970/993/1812 1969/991/1811
f 2086/935/1926 2081/1065/1921 2078/1066/1918
f 2081/1065/1921 2086/935/1926 2087/934/1927
f 2088/912/1928 2089/910/1929 2090/909/1930
f 2089/910/1929 2088/912/1928 2091/911/1931
f 2092/1125/1932 1828/962/1674 1829/963/1675
f 1828/962/1674 2092/1125/1932 2093/1126/1933
f 2058/1109/1898 2094/1127/1934 2095/1128/1935
f 2094/1127/1934 2058/1109/1898 2060/1111/1900
f 1968/982/1810 2096/984/1936 2097/983/1937
f 2096/984/1936 1968/982/1810 1967/981/1809
f 2083/1124/1923 2091/911/1931 2088/912/1928
f 2091/911/1931 2083/1124/1923 2082/1123/1922
f 2040/1099/1880 2098/1129/1938 2041/1100/1881
f 2041/1100/1881 2098/1129/1938 2099/1130/1939
f 2100/1131/1940 1944/1040/1786 1943/1039/1785
f 1944/1040/1786 2100/1131/1940 2101/1132/1941
f 2062/1113/1902 2102/1133/1942 2063/1114/1903
f 2063/1114/1903 2102/1133/1942 2103/1134/1943
f 2044/1103/1884 1833/967/1679 1832/966/1678
f 2044/1103/1884 1832/966/1678 2042/1101/1882
f 2097/983/1937 2026/955/1866 2025/954/1865
f 2026/955/1866 2097/983/1937 2096/984/1936
f 2104/235/1944 2049/131/1889 2048/110/1888
f 2049/131/1889 2104/235/1944 2105/225/1945
f 2106/1135/1946 2107/1136/1947 2108/1137/1948
f 2009/1077/1850 2109/1138/1949 2010/1078/1851
f 2109/1138/1949 2009/1077/1850 2110/1139/1950
f 2111/1140/1951 2039/1098/1879 2112/1141/1952
f 2039/1098/1879 2111/1140/1951 2038/1097/1878
f 2113/1142/1953 2065/1116/1905 2064/1115/1904
f 2065/1116/1905 2113/1142/1953 2114/1143/1954
f 2098/1129/1938 2115/1144/1955 2099/1130/1939
f 2099/1130/1939 2115/1144/1955 2116/1145/1956
f 2107/1136/1947 2116/1145/1956 2115/1144/1955
f 2116/1145/1956 2107/1136/1947 2106/1135/1946
f 1764/918/1612 2117/1146/1957 1765/919/1613
f 1765/919/1613 2117/1146/1957 2118/1147/1958
f 2119/1077/1959 2120/1078/1960 1952/1046/1794
f 2119/1077/1959 1952/1046/1794 1949/1045/1791
f 2121/788/1961 1837/970/1683 1836/703/1682
f 1837/970/1683 2121/788/1961 2122/210/1962
f 2008/1076/1849 2123/1148/1963 2124/1149/1964
f 2123/1148/1963 2008/1076/1849 2007/1075/1848
f 2045/1104/1885 2022/1084/1862 2043/1102/1883
f 2022/1084/1862 2045/1104/1885 2021/1083/1861
f 2125/1150/1965 2126/1151/1966 2127/1152/1967
f 2126/1151/1966 2125/1150/1965 2128/1153/1968
f 2129/996/1969 2130/998/1970 2131/997/1971
f 2130/998/1970 2129/996/1969 2084/995/1924
f 2090/909/1930 2132/810/1972 2133/809/1973
f 2132/810/1972 2090/909/1930 2089/910/1929
f 2123/1148/1963 2113/1142/1953 2124/1149/1964
f 2113/1142/1953 2123/1148/1963 2114/1143/1954
f 2134/1154/1974 2135/1155/1975 2136/1156/1976
f 2135/1155/1975 2134/1154/1974 2137/1157/1977
f 1898/937/1740 2138/912/1978 2139/911/1979
f 2138/912/1978 1898/937/1740 1897/936/1739
f 1999/1069/1840 2077/1122/1917 2076/1121/1916
f 2077/1122/1917 1999/1069/1840 2001/1071/1842
f 2140/1158/1980 2141/1005/1981 2142/1159/1982
f 2141/1005/1981 2140/1158/1980 2143/1160/1983
f 2102/1133/1942 2144/1161/1984 2103/1134/1943
f 2144/1161/1984 2102/1133/1942 2145/1162/1985
f 2145/1162/1985 2112/1141/1952 2144/1161/1984
f 2112/1141/1952 2145/1162/1985 2111/1140/1951
f 2146/287/1986 2105/225/1945 2104/235/1944
f 2105/225/1945 2146/287/1986 2147/472/1987
f 1958/931/1800 2148/1030/1988 2149/1029/1989
f 2148/1030/1988 1958/931/1800 1957/930/1799
f 1930/1032/1772 2127/1152/1967 1929/1031/1771
f 2127/1152/1967 1930/1032/1772 2125/1150/1965
f 2150/788/1990 2133/809/1973 2132/810/1972
f 2133/809/1973 2150/788/1990 2151/787/1991
f 2152/1163/1992 2153/1164/1993 2028/1087/1868
f 2152/1163/1992 2028/1087/1868 2029/1088/1869
f 2154/841/1994 2087/934/1927 2086/935/1926
f 2087/934/1927 2154/841/1994 2155/842/1633
f 2156/1165/1995 2157/1166/1996 2158/1167/1997
f 2157/1166/1996 2156/1165/1995 2159/1168/1998
f 1998/1066/1839 2160/1095/1999 2161/1096/2000
f 2160/1095/1999 1998/1066/1839 1997/1065/1838
f 1923/1025/1765 2157/1166/1996 2159/1168/1998
f 2157/1166/1996 1923/1025/1765 1924/1026/1766
f 2162/1169/2001 2163/1170/2002 2164/1171/2003
f 1980/1062/1822 2165/1172/2004 1979/1061/1821
f 2165/1172/2004 1980/1062/1822 2166/1173/2005
f 2167/1174/2006 2035/1094/1875 2168/1175/2007
f 2035/1094/1875 2167/1174/2006 2034/1093/1874
f 2169/754/2008 2155/842/1633 2154/841/1994
f 2155/842/1633 2169/754/2008 2170/756/2009
f 2171/1067/2010 1972/944/1814 1971/945/1813
f 1972/944/1814 2171/1067/2010 2172/1068/2011
f 2050/1061/1890 2173/1173/2012 2174/1172/2013
f 2173/1173/2012 2050/1061/1890 2051/1062/1891
f 2033/1092/1873 2175/1176/2014 2176/1177/2015
f 2175/1176/2014 2033/1092/1873 2030/1089/1870
f 2177/1178/2016 2101/1132/1941 2100/1131/1940
f 2101/1132/1941 2177/1178/2016 2178/1179/2017
f 2176/1177/2015 2179/1180/2018 2180/1181/2019
f 2179/1180/2018 2176/1177/2015 2175/1176/2014
f 1984/900/1826 1983/901/1825 2181/944/2020
f 1983/901/1825 2182/945/2021 2181/944/2020
f 2183/1182/2022 2003/1073/1844 2004/1074/1845
f 2003/1073/1844 2183/1182/2022 2184/1183/2023
f 2185/1184/2024 2184/1183/2023 2183/1182/2022
f 2184/1183/2023 2185/1184/2024 2186/1185/2025
f 2073/754/1913 2187/1186/2026 2188/1187/2027
f 2187/1186/2026 2073/754/1913 2072/493/1912
f 2189/913/2028 1992/1068/1834 1991/1067/1833
f 1992/1068/1834 2189/913/2028 2190/1188/2029
f 2191/1189/2030 2137/1157/1977 2134/1154/1974
f 2137/1157/1977 2191/1189/2030 2192/1190/2031
f 2193/1191/2032 2152/1163/1992 2194/1192/1626
f 2152/1163/1992 2193/1191/2032 2153/1164/1993
f 2195/1193/2033 2131/997/1971 2130/998/1970
f 2130/998/1970 2196/1194/2034 2195/1193/2033
f 2197/1195/2035 1982/1064/1824 1981/1063/1823
f 1982/1064/1824 2197/1195/2035 2198/1196/2036
f 2199/755/2037 2170/756/2009 2169/754/2008
f 2170/756/2009 2199/755/2037 2200/753/1433
f 2201/701/2038 2202/738/1172 2203/702/2039
f 1676/864/1527 2204/1197/2040 1677/865/1528
f 2204/1197/2040 1676/864/1527 2205/1198/2041
f 1954/910/1796 2206/809/2042 1953/909/1795
f 2206/809/2042 1954/910/1796 2207/810/2043
f 2208/1096/2044 2178/1179/2017 2177/1178/2016
f 2178/1179/2017 2208/1096/2044 2209/891/2045
f 2120/1078/1960 2210/1139/2046 2211/1138/2047
f 2210/1139/2046 2120/1078/1960 2119/1077/1959
f 2212/346/2048 2147/472/1987 2146/287/1986
f 2147/472/1987 2212/346/2048 2213/479/2049
f 2214/1199/2050 2215/1200/1871 2216/1201/2051
f 2215/1200/1871 2214/1199/2050 2217/1202/2052
f 2198/1196/2036 2214/1199/2050 2216/1201/2051
f 2214/1199/2050 2198/1196/2036 2197/1195/2035
f 2037/1096/1877 2218/1203/2053 2219/1204/2054
f 2218/1203/2053 2037/1096/1877 2036/1095/1876
f 2201/701/2038 2151/787/1991 2150/788/1990
f 2151/787/1991 2201/701/2038 2203/702/2039
f 2220/1205/2055 2221/1206/2056 2222/1207/2057
f 2223/1208/2058 2209/891/2045 2208/1096/2044
f 2209/891/2045 2223/1208/2058 2224/1209/2059
f 2162/1169/2001 2142/1159/1982 2163/1170/2002
f 2142/1159/1982 2162/1169/2001 2140/1158/1980
f 2080/1096/1920 2225/1203/2060 2226/1204/2061
f 2225/1203/2060 2080/1096/1920 2079/1095/1919
f 2227/1210/2062 2093/1126/1933 2092/1125/1932
f 2093/1126/1933 2227/1210/2062 2228/1211/2063
f 2188/1187/2027 2224/1209/2059 2223/1208/2058
f 2224/1209/2059 2188/1187/2027 2187/1186/2026
f 2229/185/2064 1462/746/1325 2230/183/2065
f 1462/746/1325 2229/185/2064 1461/745/1324
f 2057/1108/1897 2143/1160/1983 2055/1106/1895
f 2143/1160/1983 2057/1108/1897 2141/1005/1981
f 2053/895/1893 2231/975/2066 2232/976/2067
f 2231/975/2066 2053/895/1893 2052/894/1892
f 2233/1212/2068 2180/1181/2019 2179/1180/2018
f 2234/1181/2069 2233/1212/2068 2235/1213/2070
f 2236/787/2071 2206/809/2042 2207/810/2043
f 2207/810/2043 2237/788/2072 2236/787/2071
f 2158/1167/1997 2194/1192/1626 2156/1165/1995
f 2194/1192/1626 2158/1167/1997 2193/1191/2032
f 2238/1193/2073 1881/997/1725 1883/998/1727
f 1883/998/1727 2239/1194/1662 2238/1193/2073
f 2240/1214/1810 2238/1193/2073 2239/1194/1662
f 2238/1193/2073 2240/1214/1810 2241/1215/2074
f 2110/1139/1950 2242/1216/2075 2109/1138/1949
f 2242/1216/2075 2110/1139/1950 2243/1217/2076
f 2244/182/2077 2012/183/1853 2245/184/2078
f 2012/183/1853 2244/182/2077 2011/185/1852
f 2246/1218/2079 2165/1172/2004 2166/1173/2005
f 2246/1218/2079 2166/1173/2005 2247/1219/2080
f 2248/1220/2081 2186/1185/2025 2185/1184/2024
f 2186/1185/2025 2248/1220/2081 2249/1221/2082
f 2250/757/2083 2251/758/2084 2199/755/2037
f 2199/755/2037 2251/758/2084 2200/753/1433
f 2252/1222/2085 2253/1223/2086 2254/1224/2087
f 2253/1223/2086 2252/1222/2085 2255/1225/2088
f 2256/821/2089 2139/911/1979 2138/912/1978
f 2256/821/2089 2138/912/1978 2257/822/2090
f 2149/1029/1989 2232/976/2067 2231/975/2066
f 2232/976/2067 2149/1029/1989 2148/1030/1988
f 2220/1205/2055 2128/1153/1968 2221/1206/2056
f 2128/1153/1968 2220/1205/2055 2126/1151/1966
f 2258/944/1568 2182/945/2021 2259/1068/2091
f 2182/945/2021 2260/1067/2092 2259/1068/2091
f 2261/5/2093 2262/27/2094 2263/107/2095
f 2262/27/2094 2261/5/2093 2264/1226/2096
f 2161/1096/2000 2265/1203/2097 2266/1204/2098
f 2265/1203/2097 2161/1096/2000 2160/1095/1999
f 2211/1138/2047 2267/1217/2099 2268/1216/2100
f 2267/1217/2099 2211/1138/2047 2210/1139/2046
f 2269/1227/2101 2192/1190/2031 2191/1189/2030
f 2192/1190/2031 2269/1227/2101 2270/1228/2102
f 2271/1215/2103 2272/1193/1661 2196/1194/2104
f 2196/1194/2104 2273/1214/2105 2271/1215/2103
f 2274/401/2106 2213/479/2049 2212/346/2048
f 2213/479/2049 2274/401/2106 2275/481/2107
f 2174/1172/2013 2276/1219/2108 2277/1218/2109
f 2276/1219/2108 2174/1172/2013 2173/1173/2012
f 2278/1229/2110 1973/1057/1815 1974/1058/1816
f 1973/1057/1815 2278/1229/2110 2279/1230/2111
f 2122/210/1962 2280/810/2112 2281/182/2113
f 2280/810/2112 2122/210/1962 2121/788/1961
f 2247/1219/2080 2282/1231/2114 2283/1232/2115
f 2283/1232/2115 2246/1218/2079 2247/1219/2080
f 2284/913/2116 2172/1068/2011 2171/1067/2010
f 2172/1068/2011 2284/913/2116 2285/1188/2117
f 2251/758/2084 2250/757/2083 2257/822/2090
f 2250/757/2083 2256/821/2089 2257/822/2090
f 2286/768/2118 2287/1171/2119 2288/1170/2120
f 2287/1171/2119 2286/768/2118 2289/1006/2121
f 2282/1231/2114 2271/1215/2103 2273/1214/2105
f 2273/1214/2105 2283/1232/2115 2282/1231/2114
f 2274/401/2106 2290/386/2122 2275/481/2107
f 2291/418/2123 2275/481/2107 2290/386/2122
f 2292/705/2124 2288/1170/2120 2293/1005/2125
f 2288/1170/2120 2292/705/2124 2286/768/2118
f 2263/107/2095 2294/188/2126 2261/5/2093
f 2261/5/2093 2294/188/2126 2295/140/2127
f 2241/1215/2074 2296/1232/2128 2297/1231/2129
f 2296/1232/2128 2241/1215/2074 2240/1214/1810
f 2189/913/2028 2298/1233/2130 2299/1234/2131
f 2189/913/2028 2299/1234/2131 2190/1188/2029
f 2300/1235/2132 2268/1216/2100 2267/1217/2099
f 2267/1217/2099 2301/1236/2133 2300/1235/2132
f 2302/1237/2134 2254/1224/2087 2253/1223/2086
f 2254/1224/2087 2302/1237/2134 2303/1238/2135
f 2294/188/2126 2291/418/2123 2295/140/2127
f 2291/418/2123 2290/386/2122 2295/140/2127
f 2297/1231/2129 2277/1218/2109 2276/1219/2108
f 2277/1218/2109 2297/1231/2129 2296/1232/2128
f 2249/1221/2082 2248/1220/2081 2304/1239/2136
f 2248/1220/2081 2305/1240/2137 2304/1239/2136
f 2075/1120/1915 2306/186/2138 2074/1119/1914
f 2306/186/2138 2075/1120/1915 2307/911/2139
f 2266/1204/2098 2265/1203/2097 2308/1241/2140
f 2308/1241/2140 2265/1203/2097 2309/1242/2141
f 2236/787/2071 2237/788/2072 2310/700/2142
f 2237/788/2072 2311/703/2143 2310/700/2142
f 2259/1068/2091 2260/1067/2092 2312/1188/1892
f 2260/1067/2092 2313/913/2144 2312/1188/1892
f 2314/1243/2145 2228/1211/2063 2227/1210/2062
f 2228/1211/2063 2314/1243/2145 2315/1244/2146
f 2316/1241/2147 2226/1204/2061 2225/1203/2060
f 2316/1241/2147 2225/1203/2060 2317/1242/2148
f 2302/1237/2134 2318/1245/2149 2319/1246/2150
f 2302/1237/2134 2319/1246/2150 2303/1238/2135
f 2318/1245/2149 2304/1239/2136 2305/1240/2137
f 2318/1245/2149 2305/1240/2137 2319/1246/2150
f 2320/1247/2151 2270/1228/2102 2269/1227/2101
f 2270/1228/2102 2320/1247/2151 2321/1248/2152
f 2322/1235/2153 2242/1216/2075 2243/1217/2076
f 2243/1217/2076 2323/1236/2154 2322/1235/2153
f 2324/1249/2155 2300/1235/2132 2301/1236/2133
f 2301/1236/2133 2325/1250/2156 2324/1249/2155
f 2219/1204/2054 2218/1203/2053 2326/1241/2157
f 2326/1241/2157 2218/1203/2053 2327/1242/2158
f 2328/1026/2159 2293/1005/2125 2329/1105/2160
f 2293/1005/2125 2328/1026/2159 2292/705/2124
f 2330/1251/2161 2235/1213/2070 2233/1212/2068
f 2235/1213/2070 2330/1251/2161 2331/1252/2162
f 2298/1233/2130 2308/1241/2140 2309/1242/2141
f 2298/1233/2130 2309/1242/2141 2299/1234/2131
f 2332/701/2163 2310/700/2142 2311/703/2143
f 2310/700/2142 2332/701/2163 2333/702/2164
f 2334/1253/2165 2335/1250/2166 2336/1254/2166
f 2325/1250/2156 2334/1253/2167 2324/1249/2155
f 2284/913/2116 2337/1233/2168 2338/1234/2169
f 2284/913/2116 2338/1234/2169 2285/1188/2117
f 2168/1175/2007 2339/1255/2170 2340/1256/2171
f 2168/1175/2007 2340/1256/2171 2167/1174/2006
f 2332/701/2163 2341/738/2172 2333/702/2164
f 2205/1198/2041 2342/1257/2173 2204/1197/2040
f 2342/1257/2173 2205/1198/2041 2343/1258/2174
f 2337/1233/2168 2316/1241/2147 2317/1242/2148
f 2337/1233/2168 2317/1242/2148 2338/1234/2169
f 2312/1188/1892 2313/913/2144 2344/1234/2175
f 2313/913/2144 2345/1233/2176 2344/1234/2175
f 2314/1243/2145 2346/1259/2177 2315/1244/2146
f 2315/1244/2146 2346/1259/2177 2347/1260/2178
f 2321/1248/2152 2348/1261/2179 2349/1262/2180
f 2348/1261/2179 2321/1248/2152 2320/1247/2151
f 2350/1263/2181 2279/1230/2111 2278/1229/2110
f 2279/1230/2111 2350/1263/2181 2351/1264/2182
f 2352/1167/2183 2353/1105/2184 2354/1036/2185
f 2329/1105/2160 2352/1167/2186 2328/1026/2159
f 2355/1249/2187 2322/1235/2153 2323/1236/2154
f 2323/1236/2154 2356/1250/2188 2355/1249/2187
f 2281/182/2113 2357/910/2189 2358/185/2190
f 2357/910/2189 2281/182/2113 2280/810/2112
f 2346/1259/2177 2359/1265/2191 2347/1260/2178
f 2360/1266/2192 2347/1260/2178 2359/1265/2191
f 2345/1233/2176 2326/1241/2157 2327/1242/2158
f 2345/1233/2176 2327/1242/2158 2344/1234/2175
f 2230/183/2065 2361/182/2193 2229/185/2064
f 2361/182/2193 2230/183/2065 2362/184/2194
f 2245/184/2078 2363/210/2195 2244/182/2077
f 2363/210/2195 2245/184/2078 2364/211/2196
f 2365/1233/2197 2366/1030/2198 2367/1241/2199
f 2366/1030/2198 2365/1233/2197 2368/976/2200
f 2118/1147/1958 2117/1146/1957 2369/1267/2201
f 2370/1253/2202 2371/1250/2203 2372/1254/2203
f 2356/1250/2188 2370/1253/2204 2355/1249/2187
f 2307/911/2139 2373/1268/2205 2306/186/2138
f 2373/1268/2205 2307/911/2139 2374/1269/2206
f 2375/140/2207 2376/418/2208 2377/188/2209
f 2376/418/2208 2375/140/2207 2378/386/2210
f 2354/1036/2185 2379/1164/2211 2352/1167/2183
f 2379/1164/2211 2354/1036/2185 2380/885/2212
f 2349/1262/2180 2381/1270/2213 2382/1271/2214
f 2381/1270/2213 2349/1262/2180 2348/1261/2179
f 2378/386/2215 2383/481/2216 2384/418/2217
f 2383/481/2216 2378/386/2215 2385/401/2218
f 2386/913/2219 2368/976/2200 2365/1233/2197
f 2387/976/2220 2386/913/2221 2388/895/2220
f 2330/1251/2161 2389/1272/2222 2390/1273/2223
f 2330/1251/2161 2390/1273/2223 2331/1252/2162
f 2391/1274/2224 2392/1013/2225 2393/1275/2226
f 2392/1013/2225 2391/1274/2224 2394/1014/2227
f 2395/1276/2228 2340/1256/2171 2339/1255/2170
f 2339/1255/2170 2396/1277/2229 2395/1276/2228
f 2397/1275/2230 2342/1257/2173 2343/1258/2174
f 2397/1275/2230 2343/1258/2174 2398/1278/2231
f 2399/1272/2232 2394/1014/2227 2391/1274/2224
f 2400/1014/2233 2399/1272/2232 2401/1018/2234
f 2402/481/2235 2385/401/2218 2403/479/2236
f 2404/346/2237 2403/479/2236 2385/401/2218
f 2377/188/2209 2405/5/2238 2375/140/2207
f 2405/5/2238 2377/188/2209 2406/107/2239
f 2406/107/2239 2407/1226/2240 2405/5/2238
f 2393/1275/2226 2408/1042/2241 2409/1257/2242
f 2408/1042/2241 2393/1275/2226 2392/1013/2225
f 2410/1279/2243 2351/1264/2182 2350/1263/2181
f 2351/1264/2182 2410/1279/2243 2411/1280/2244
f 2412/1251/2245 2401/1018/2234 2399/1272/2232
f 2413/1018/2246 2412/1251/2245 2414/1007/2246
f 2415/703/2247 2416/970/2248 2417/701/2249
f 2416/970/2248 2418/408/2250 2417/701/2249
f 2418/408/2250 2419/946/2251 2420/701/2251
f 2421/1272/2252 2422/1274/2253 2423/1281/2254
f 2389/1272/2222 2423/1281/2255 2390/1273/2223
f 2416/970/2248 2415/703/2247 2424/210/2256
f 2424/210/2256 2415/703/2247 2425/788/2257
f 2426/913/2258 2427/895/2259 2428/1233/2260
f 2427/895/2259 2429/976/2261 2428/1233/2260
f 2430/1030/2262 2428/1233/2260 2429/976/2261
f 2431/1233/2263 2430/1030/2264 2432/1241/2263
f 2433/1241/2265 2430/1030/2266 2434/1204/2267
f 2430/1030/2266 2435/930/2268 2434/1204/2267
f 2436/1241/2269 2366/1030/2270 2437/1204/2271
f 2437/1204/2271 2366/1030/2270 2438/930/2272
f 2374/1269/2206 2439/1282/2273 2373/1268/2205
f 2439/1282/2273 2374/1269/2206 2440/1283/2274
f 2441/1274/2275 2442/1275/2275 2398/1278/2276
f 2422/1274/2253 2398/1278/2277 2423/1281/2254
f 2443/970/2278 2363/210/2195 2364/211/2196
f 2364/211/2196 2444/1284/2279 2443/970/2278
f 2396/1277/2229 2445/1285/2280 2446/1286/2281
f 2396/1277/2229 2446/1286/2281 2395/1276/2228
f 2410/1279/2282 2447/1287/2283 2448/1280/2284
f 2447/1287/2283 2410/1279/2282 2449/1288/2285
f 2450/1257/2286 2451/1093/2287 2452/1197/2288
f 2451/1093/2287 2450/1257/2286 2408/1042/2289
f 2453/479/2290 2404/346/2237 2454/472/2291
f 2455/287/2292 2454/472/2291 2404/346/2237
f 2456/1289/2293 2457/1285/2294 2458/1290/2295
f 2445/1285/2280 2456/1289/2296 2446/1286/2281
f 2459/1291/2297 2460/27/2298 2461/1226/2299
f 2460/27/2298 2459/1291/2297 2462/1292/2300
f 2463/661/2301 2440/1283/2274 2464/946/2302
f 2440/1283/2274 2463/661/2301 2439/1282/2273
f 2465/1293/2178 2466/1294/2303 2467/1295/2304
f 2466/1294/2303 2465/1293/2178 2468/1296/2305
f 2469/1067/2306 2470/845/2307 2471/913/2308
f 2470/845/2307 2472/895/2309 2386/913/2219
f 2382/1271/2214 2473/1297/2310 2474/1298/2311
f 2473/1297/2310 2382/1271/2214 2381/1270/2213
f 2380/885/2212 2475/1087/2312 2476/1164/2313
f 2475/1087/2312 2380/885/2212 2477/826/2314
f 2478/409/2315 2479/661/2316 2480/408/2317
f 2481/1299/2318 2462/1292/2300 2459/1291/2297
f 2482/1292/2319 2481/1299/2318 2483/1300/2320
f 2484/1301/2321 2485/1302/2322 2486/1303/2323
f 2485/1302/2322 2484/1301/2321 2487/1304/1760
f 2484/1301/2321 2488/3/2324 2487/1304/1760
f 2489/1197/2325 2490/1174/2326 2491/865/2327
f 2490/1174/2326 2489/1197/2325 2451/1093/2287
f 2492/401/2328 2493/481/2329 2494/1305/2330
f 2493/481/2329 2495/1306/2331 2494/1305/2330
f 2496/1176/2332 2497/1199/2332 2498/1195/2333
f 2497/1199/2332 2496/1176/2332 2499/1089/2334
f 2449/1288/2285 2500/1307/2335 2501/1287/2336
f 2500/1307/2335 2449/1288/2285 2502/1308/2337
f 2503/1233/2338 2504/1030/2339 2505/1241/2340
f 2504/1030/2339 2503/1233/2338 2506/976/2341
f 2507/1241/2342 2504/1030/2343 2508/1204/2344
f 2508/1204/2344 2504/1030/2343 2509/930/2345
f 2510/970/2346 2444/1284/1240 2511/408/2346
f 2444/1284/2279 2478/409/2315 2480/408/2317
f 2425/788/2347 2512/182/2348 2513/210/2349
f 2512/182/2348 2425/788/2347 2514/810/2350
f 2515/910/2351 2512/182/2348 2514/810/2350
f 2516/182/2352 2515/910/2351 2517/185/2353
f 2518/1305/2354 2495/1306/2355 2519/1309/2356
f 2495/1306/2355 2520/1310/2357 2519/1309/2356
f 2521/1256/2358 2491/865/2327 2490/1174/2326
f 2522/865/2359 2521/1256/2358 2523/650/2359
f 2502/1308/2337 2524/1295/2360 2525/1307/2360
f 2467/1295/2304 2502/1308/2337 2465/1293/2178
f 2526/937/2361 2358/185/2190 2357/910/2189
f 2527/185/2362 2526/937/2363 2528/745/2364
f 2529/1180/2365 2530/1195/2366 2531/1063/2367
f 2498/1195/2368 2529/1180/2369 2532/1176/2370
f 2474/1298/2311 2486/1303/2323 2485/1302/2322
f 2533/1303/2371 2474/1298/2311 2473/1297/2310
f 2531/1063/2367 2534/1212/2372 2535/1180/2373
f 2534/1212/2372 2531/1063/2367 2536/1010/2374
f 2537/1007/2375 2534/1212/2372 2536/1010/2374
f 2538/1212/2376 2537/1007/2377 2412/1251/2245
f 2539/650/2378 2521/1256/2358 2540/614/2379
f 2521/1256/2358 2541/1276/2380 2540/614/2379
f 2542/1311/2381 2543/1312/2382 2544/401/2383
f 2543/1312/2382 2493/481/2329 2492/401/2328
f 2545/110/2384 2546/131/2385 2547/235/2386
f 2546/131/2385 2548/225/2387 2547/235/2386
f 2549/472/2388 2547/235/2386 2548/225/2387
f 2550/235/2389 2549/472/2388 2455/287/2292
f 2551/401/2390 2552/481/2391 2553/1305/2392
f 2552/481/2391 2554/1306/2393 2553/1305/2392
f 2555/614/2394 2556/1286/2395 2557/612/2396
f 2556/1286/2395 2555/614/2394 2541/1276/2397
f 2558/612/2398 2559/1289/2399 2560/629/2400
f 2559/1289/2399 2558/612/2398 2556/1286/2395
f 2553/1305/2392 2554/1306/2393 2561/1309/2401
f 2554/1306/2393 2562/1310/2402 2561/1309/2401
f 2563/1313/2403 2483/1300/2320 2481/1299/2318
f 2564/1300/2404 2563/1313/2403 2565/1314/2404
f 2566/913/2405 2567/895/2406 2568/1233/2407
f 2567/895/2406 2569/976/2408 2503/1233/2338
f 2570/1096/2409 2571/1204/2410 2509/930/2345
f 2570/1096/2409 2509/930/2345 2572/891/2411
f 2573/1315/2412 2574/1309/2413 2520/1310/2357
f 2573/1315/2412 2520/1310/2357 2575/1316/2414
f 2576/945/2415 2577/781/2416 2578/1067/2417
f 2577/781/2418 2579/845/2419 2469/1067/2420
f 2580/1044/2421 2581/1166/2422 2582/1026/2423
f 2580/1044/2421 2582/1026/2423 2583/1105/2424
f 2584/937/2425 2517/185/2353 2515/910/2351
f 2585/185/2426 2584/937/2425 2586/745/2427
f 2587/1096/2428 2588/1204/2429 2438/930/2272
f 2587/1096/2428 2438/930/2272 2589/891/2430
f 2590/1164/2431 2591/1167/2432 2592/885/2433
f 2592/885/2433 2591/1167/2432 2593/1036/2434
f 2594/1167/2435 2595/1036/2436 2596/933/2437
f 2596/933/2437 2597/1191/2438 2594/1167/2435
f 2598/19/2439 2599/110/2439 2600/14/2440
f 2545/110/2384 2598/19/2441 2601/131/2441
f 2602/1311/2442 2603/1312/2443 2551/401/2390
f 2603/1312/2443 2604/481/2444 2551/401/2390
f 2561/1309/2401 2562/1310/2402 2605/1315/2445
f 2562/1310/2402 2606/1316/2446 2605/1315/2445
f 2607/705/2447 2608/1108/2448 2609/1000/2449
f 2608/1108/2448 2607/705/2447 2610/1005/2450
f 2499/1089/2334 2611/1202/2451 2612/1199/2452
f 2499/1089/2334 2613/1091/2453 2611/1202/2451
f 2614/845/2454 2615/945/2455 2616/781/2456
f 2615/945/2455 2614/845/2454 2617/1067/2457
f 2618/1067/2458 2614/845/2454 2619/913/2458
f 2614/845/2459 2620/895/2460 2426/913/2461
f 2621/86/2462 2622/14/2463 2623/266/2463
f 2600/14/2440 2621/86/2462 2624/19/2464
f 2625/1317/2465 2626/1315/2466 2575/1316/2414
f 2625/1317/2465 2575/1316/2414 2627/1318/2467
f 2628/1066/2468 2629/891/2469 2630/893/2470
f 2572/891/2411 2628/1066/2468 2631/1096/2471
f 2595/1036/2436 2594/1167/2435 2632/1166/2472
f 2633/1036/2473 2632/1166/2474 2580/1044/2421
f 2634/915/2475 2635/841/2476 2636/935/2477
f 2635/841/2476 2634/915/2475 2637/656/2478
f 2638/1204/2479 2435/930/2480 2639/1096/2481
f 2639/1096/2481 2435/930/2480 2640/891/2482
f 2641/1291/2483 2642/27/2484 2643/1226/2485
f 2642/27/2484 2641/1291/2483 2644/1292/2486
f 2645/1319/2487 2646/188/2488 2647/1320/2489
f 2646/188/2488 2645/1319/2487 2648/140/2490
f 2649/1314/2491 2645/1319/2487 2647/1320/2489
f 2645/1319/2487 2649/1314/2491 2563/1313/2403
f 2650/1299/2492 2644/1292/2486 2641/1291/2483
f 2651/1292/2493 2650/1299/2494 2652/1300/2493
f 2653/1313/2495 2654/1320/2496 2655/1314/2497
f 2654/1320/2496 2653/1313/2495 2656/1319/2498
f 2657/1300/2499 2653/1313/2495 2655/1314/2497
f 2658/1313/2500 2657/1300/2499 2650/1299/2494
f 2659/1000/2501 2583/1105/2424 2582/1026/2423
f 2660/1105/2502 2659/1000/2501 2608/1108/2448
f 2656/1319/2498 2661/188/2490 2654/1320/2496
f 2661/188/2490 2656/1319/2498 2662/140/2503
f 2663/1317/2504 2605/1315/2445 2606/1316/2446
f 2663/1317/2504 2606/1316/2446 2664/1318/2505
f 2637/656/2478 2665/754/2506 2666/841/2506
f 2665/754/2506 2637/656/2478 2667/493/2507
f 2668/705/2508 2669/1105/2509 2670/1026/2510
f 2669/1105/2509 2668/705/2508 2671/1005/2511
f 2597/1191/2438 2596/933/2437 2672/885/2512
f 2672/885/2512 2673/1164/2513 2674/1191/2513
f 2675/1321/2514 2676/995/2515 2677/767/2516
f 2676/995/2515 2675/1321/2514 2678/1322/2517
f 2675/1321/2514 2679/1311/2518 2680/1322/2518
f 2675/1321/2514 2543/1312/2382 2542/1311/2381
f 2681/1322/2519 2682/1321/2520 2602/1311/2442
f 2682/1321/2520 2683/1312/2521 2602/1311/2442
f 2589/891/2430 2684/1066/2522 2685/1096/2523
f 2684/1066/2522 2589/891/2430 2686/893/2524
f 2687/935/2525 2688/893/2526 2689/915/2527
f 2686/893/2524 2687/935/2528 2690/1066/2529
f 2689/915/2527 2691/841/2530 2692/935/2531
f 2691/841/2530 2689/915/2527 2693/656/2532
f 2694/911/2533 2586/745/2427 2584/937/2425
f 2695/745/2534 2694/911/2533 2696/186/2535
f 2697/1323/2536 2698/1324/2537 2699/140/2538
f 2662/140/2503 2698/1324/2537 2661/188/2490
f 2698/1324/2537 2697/1323/2536 2700/1317/2539
f 2700/1317/2539 2627/1318/2467 2698/1324/2537
f 2701/901/2540 2702/732/2541 2703/945/2542
f 2702/732/2543 2704/781/2544 2576/945/2545
f 2705/1087/2546 2706/1164/2547 2707/826/2548
f 2707/826/2548 2706/1164/2547 2592/885/2433
f 2708/893/2549 2709/935/2550 2710/1066/2551
f 2636/935/2477 2708/893/2552 2711/915/2553
f 2712/1026/2554 2593/1036/2434 2591/1167/2432
f 2713/1036/2555 2712/1026/2554 2669/1105/2556
f 2714/1325/2537 2715/1326/2557 2648/140/2490
f 2648/140/2490 2715/1326/2557 2716/188/2558
f 2714/1325/2537 2717/1318/2559 2718/1326/2559
f 2664/1318/2505 2714/1325/2537 2663/1317/2504
f 2719/935/2560 2720/893/2561 2721/915/2562
f 2630/893/2563 2719/935/2564 2722/1066/2565
f 2723/950/2566 2724/826/2567 2725/740/2568
f 2707/826/2548 2723/950/2566 2726/1087/2569
f 2477/826/2314 2727/740/2570 2475/1087/2312
f 2727/740/2571 2728/950/2572 2729/1087/2573
f 2672/885/2574 2730/1087/2575 2731/1164/2576
f 2730/1087/2575 2672/885/2574 2732/826/2577
f 2733/821/2578 2696/186/2535 2694/911/2533
f 2734/186/2579 2733/821/2578 2735/245/2580
f 2736/754/2581 2667/493/2507 2737/755/2582
f 2667/493/2507 2738/316/2583 2737/755/2582
f 2739/246/2584 2737/755/2582 2738/316/2583
f 2740/755/2585 2739/246/2584 2741/757/2585
f 2742/1066/2586 2743/1096/2586 2640/891/2587
f 2710/1066/2551 2640/891/2587 2744/893/2588
f 2693/656/2532 2745/754/2589 2746/841/2590
f 2745/754/2589 2693/656/2532 2747/493/2591
f 2362/184/2592 2748/211/2593 2749/210/2594
f 2362/184/2592 2749/210/2594 2750/182/2595
f 2751/828/2596 2610/1005/2450 2607/705/2447
f 2752/1005/2597 2751/828/2596 2753/1159/2597
f 2754/845/2598 2755/945/2599 2756/781/2600
f 2755/945/2599 2754/845/2598 2757/1067/2601
f 2758/1067/2602 2754/845/2603 2759/913/2602
f 2754/845/2598 2760/895/2604 2566/913/2405
f 2761/768/2605 2762/1170/2606 2763/1159/2607
f 2763/1159/2607 2751/828/2596 2761/768/2605
f 2764/995/2608 2765/767/2609 2681/1322/2610
f 2765/767/2609 2766/1321/2611 2681/1322/2610
f 2767/757/2612 2735/245/2580 2733/821/2578
f 2768/245/2613 2767/757/2614 2739/246/2584
f 2769/287/2615 2770/472/2616 2771/991/2617
f 2770/472/2616 2772/641/2618 2771/991/2617
f 2677/767/2516 2771/991/2617 2772/641/2618
f 2773/991/2619 2677/767/2516 2676/995/2515
f 2774/781/2620 2775/901/2621 2776/732/2622
f 2775/901/2621 2774/781/2620 2615/945/2623
f 2777/1170/2624 2761/768/2625 2778/1006/2624
f 2725/740/2568 2779/947/2626 2780/950/2627
f 2779/947/2626 2725/740/2568 2781/648/2628
f 2782/732/2629 2701/901/2540 2783/735/2630
f 2784/760/2631 2783/735/2630 2701/901/2540
f 2781/648/2632 2785/800/2633 2786/947/2634
f 2785/800/2633 2781/648/2632 2787/523/2635
f 2788/911/2636 2528/745/2364 2526/937/2363
f 2789/745/2637 2788/911/2638 2790/186/2639
f 2791/841/2640 2792/915/2641 2793/656/2642
f 2721/915/2643 2791/841/2644 2794/935/2645
f 2795/950/2646 2796/740/2647 2797/648/2648
f 2795/950/2646 2797/648/2648 2798/947/2649
f 2795/950/2650 2799/826/2651 2800/740/2651
f 2732/826/2577 2795/950/2652 2801/1087/2653
f 2802/754/2654 2747/493/2591 2803/755/2655
f 2747/493/2591 2804/316/2656 2803/755/2655
f 2805/246/2657 2803/755/2655 2804/316/2656
f 2806/755/2658 2805/246/2657 2807/757/2658
f 2808/757/2659 2805/246/2657 2809/821/2660
f 2805/246/2657 2810/245/2661 2809/821/2660
f 2811/732/2662 2812/760/2663 2813/735/2664
f 2812/760/2663 2811/732/2662 2775/901/2665
f 2814/1327/2666 2815/897/2667 2816/1328/2668
f 2815/897/2667 2814/1327/2666 2817/921/2669
f 2818/781/2670 2819/901/2671 2820/732/2672
f 2819/901/2671 2818/781/2670 2755/945/2599
f 2821/1329/2673 2817/921/2669 2814/1327/2666
f 2822/921/2674 2821/1329/2675 2823/906/2676
f 2764/995/2677 2824/765/2678 2825/767/2679
f 2826/991/2680 2824/765/2678 2764/995/2677
f 2827/765/2681 2826/991/2682 2828/641/2681
f 2829/1330/2683 2823/906/2676 2821/1329/2675
f 2830/906/2684 2829/1330/2685 2831/883/2686
f 2816/1328/2668 2832/848/2687 2833/1331/2688
f 2832/848/2687 2816/1328/2668 2815/897/2667
f 2727/740/2571 2834/648/2689 2728/950/2572
f 2834/648/2690 2835/947/2691 2836/950/2692
f 2837/1332/2693 2831/883/2686 2829/1330/2685
f 2838/883/2694 2837/1332/2693 2839/850/2695
f 2840/732/2696 2841/760/2697 2842/735/2698
f 2841/760/2697 2840/732/2696 2819/901/2671
f 2843/1333/2699 2839/850/2695 2837/1332/2693
f 2844/850/2700 2843/1333/2699 2845/802/2701
f 2846/317/2702 2847/1123/2703 2848/245/2704
f 2849/821/2705 2810/245/2661 2847/1123/2706
f 2850/1334/2707 2845/802/2701 2843/1333/2699
f 2851/802/2708 2850/1334/2707 2852/752/2709
f 2853/1335/2710 2852/752/2709 2850/1334/2707
f 2854/752/2711 2853/1335/2712 2855/680/2713
f 2798/947/2649 2797/648/2648 2856/579/2714
f 2856/579/2715 2857/861/2716 2858/947/2717
f 2859/708/2718 2860/557/2719 2861/792/2720
f 2860/557/2719 2859/708/2718 2862/515/2721
f 2863/792/2722 2860/557/2723 2864/287/2722
f 2860/557/2724 2770/472/2616 2769/287/2615
f 2865/186/2725 2866/911/2726 2867/317/2727
f 2868/1123/2726 2846/317/2702 2866/911/2726
f 2869/573/2728 2870/281/2729 2871/193/2730
f 2869/573/2728 2871/193/2730 2872/468/2731
f 2869/573/2732 2873/523/2733 2874/281/2733
f 2787/523/2734 2869/573/2735 2875/800/2736
f 2876/897/2737 2877/1327/2738 2878/1328/2739
f 2877/1327/2738 2876/897/2737 2879/921/2740
f 2880/880/2741 2790/186/2639 2788/911/2638
f 2881/186/2742 2880/880/2743 2882/326/2744
f 2883/1336/2745 2855/680/2713 2853/1335/2712
f 2884/680/2746 2883/1336/2747 2885/574/2746
f 2879/921/2740 2886/1329/2748 2877/1327/2738
f 2886/1329/2748 2879/921/2740 2887/906/2749
f 2888/210/2750 2889/408/2751 2890/701/2752
f 2888/210/2750 2890/701/2752 2891/788/2753
f 2889/408/2751 2892/946/2754 2893/701/2754
f 2894/1337/2755 2895/689/2756 2896/1338/2757
f 2895/689/2756 2894/1337/2755 2897/635/2758
f 2898/686/2759 2896/1338/2757 2895/689/2756
f 2899/1338/2760 2898/686/2759 2900/1339/2761
f 2901/1340/2762 2902/664/2763 2903/1341/2764
f 2902/664/2763 2901/1340/2762 2904/665/2765
f 2903/1341/2764 2905/669/2766 2906/1342/2767
f 2905/669/2766 2903/1341/2764 2902/664/2763
f 2907/841/2768 2908/493/2769 2909/754/2770
f 2908/493/2769 2907/841/2768 2793/656/2642
f 2833/1331/2688 2910/786/2771 2911/1343/2772
f 2910/786/2771 2833/1331/2688 2832/848/2687
f 2912/364/2773 2913/1344/2774 2914/380/2775
f 2913/1344/2774 2912/364/2773 2915/1345/2776
f 2916/685/2777 2900/1339/2761 2898/686/2759
f 2917/1339/2778 2916/685/2777 2918/1346/2778
f 2919/848/2779 2878/1328/2739 2920/1331/2780
f 2878/1328/2739 2919/848/2779 2921/897/2781
f 2922/1346/2782 2904/665/2765 2901/1340/2762
f 2904/665/2765 2922/1346/2782 2916/685/2777
f 2923/523/2783 2857/861/2716 2856/579/2715
f 2924/861/2784 2923/523/2785 2925/800/2786
f 2926/485/2787 2927/1336/2788 2928/1347/2789
f 2883/1336/2790 2926/485/2791 2929/574/2792
f 2906/1342/2767 2930/632/2793 2931/1348/2794
f 2930/632/2793 2906/1342/2767 2905/669/2766
f 2887/906/2749 2932/1330/2795 2886/1329/2748
f 2932/1330/2795 2887/906/2749 2933/883/2796
f 2934/910/2797 2935/186/2798 2936/185/2799
f 2865/186/2725 2934/910/2797 2937/911/2800
f 2938/1349/2801 2897/635/2758 2894/1337/2755
f 2939/635/2802 2938/1349/2801 2940/538/2802
f 2938/1349/2803 2941/435/2804 2942/538/2805
f 2941/435/2804 2938/1349/2803 2943/1350/2806
f 2944/401/2807 2945/510/2808 2946/491/2809
f 2945/510/2808 2944/401/2807 2947/481/2810
f 2948/491/2811 2945/510/2808 2949/386/2812
f 2945/510/2808 2950/418/2813 2949/386/2812
f 2951/364/2814 2952/365/2815 2953/1351/2816
f 2953/1351/2817 2954/1345/2818 2912/364/2819
f 2955/792/2820 2956/557/2821 2957/287/2822
f 2956/557/2821 2958/472/2823 2957/287/2822
f 2959/644/2824 2957/287/2822 2958/472/2823
f 2957/287/2822 2959/644/2824 2826/991/2680
f 2826/991/2680 2959/644/2824 2960/641/2825
f 2961/182/2826 2962/788/2827 2963/810/2828
f 2891/788/2753 2961/182/2829 2964/210/2830
f 2963/810/2831 2965/185/2832 2966/182/2832
f 2936/185/2799 2963/810/2828 2967/910/2833
f 2933/883/2796 2968/1332/2834 2932/1330/2795
f 2968/1332/2834 2933/883/2796 2969/850/2835
f 2970/346/2836 2971/414/2837 2972/350/2838
f 2971/414/2837 2970/346/2836 2973/479/2839
f 2974/386/2840 2950/418/2841 2975/230/2842
f 2950/418/2841 2976/367/2843 2975/230/2842
f 2977/350/2844 2947/481/2810 2944/401/2807
f 2947/481/2810 2977/350/2844 2971/414/2837
f 2978/638/2845 2979/283/2846 2980/646/2847
f 2979/283/2846 2978/638/2845 2981/277/2848
f 2982/1347/2849 2983/1352/2850 2984/376/2851
f 2928/1347/2789 2984/376/2852 2985/485/2853
f 2986/286/2854 2987/338/2855 2988/287/2856
f 2987/338/2855 2989/472/2857 2988/287/2856
f 2925/800/2786 2923/523/2785 2990/431/2858
f 2991/800/2859 2990/431/2858 2992/691/2860
f 2993/786/2861 2920/1331/2780 2994/1343/2862
f 2920/1331/2780 2993/786/2861 2995/848/2863
f 2988/287/2856 2989/472/2857 2996/347/2864
f 2989/472/2857 2997/475/2865 2996/347/2864
f 2973/479/2866 2996/347/2864 2997/475/2865
f 2998/347/2867 2973/479/2839 2970/346/2836
f 2999/1352/2868 3000/1351/2868 2952/365/2815
f 2983/1352/2869 2952/365/2870 3001/376/2871
f 3002/287/2872 3003/475/2873 3004/347/2874
f 3003/475/2873 3002/287/2872 3005/472/2875
f 3006/436/2855 3005/472/2875 3002/287/2872
f 3005/472/2875 3006/436/2855 3007/338/2876
f 3008/286/2877 3007/338/2876 3006/436/2855
f 2969/850/2835 3009/1333/2878 2968/1332/2834
f 3009/1333/2878 2969/850/2835 3010/802/2879
f 3011/970/2880 3012/210/2881 2748/211/2882
f 2748/211/2882 3013/1284/2883 3011/970/2880
f 3014/608/2884 3015/272/2885 3016/570/2886
f 3015/272/2885 3014/608/2884 3017/269/2887
f 2834/648/2690 3018/579/2888 2835/947/2691
f 3018/579/2889 3019/861/2890 3020/947/2891
f 3021/570/2892 3022/273/2893 3023/530/2894
f 3022/273/2893 3021/570/2892 3015/272/2895
f 3024/510/2896 3025/401/2897 3026/481/2898
f 3025/401/2897 3024/510/2896 3027/491/2899
f 3024/510/2896 3028/386/2900 3027/491/2899
f 3028/386/2900 3024/510/2896 3029/418/2901
f 3030/551/2902 2981/277/2848 2978/638/2845
f 2981/277/2848 3030/551/2902 3031/206/2903
f 3032/623/2904 3017/269/2887 3014/608/2884
f 3033/269/2905 3032/623/2904 3034/270/2906
f 3026/481/2898 3035/350/2907 3036/414/2908
f 3035/350/2907 3026/481/2898 3025/401/2897
f 3037/251/2909 3038/1353/2910 3039/250/2911
f 3038/1353/2910 3037/251/2909 3040/1354/2912
f 3041/621/2913 2862/515/2721 2859/708/2718
f 2862/515/2721 3041/621/2913 3042/512/2914
f 3043/140/2915 2976/367/2843 3044/188/2916
f 2976/367/2843 3043/140/2915 3045/230/2917
f 3046/708/2918 3047/515/2919 2955/792/2820
f 3047/515/2919 2956/557/2821 2955/792/2820
f 2980/646/2847 3034/270/2906 3032/623/2904
f 3034/270/2906 2980/646/2847 2979/283/2846
f 3048/476/2920 3004/347/2874 3003/475/2873
f 3004/347/2874 3048/476/2920 3049/346/2921
f 3050/479/2922 3049/346/2921 3048/476/2920
f 3036/414/2908 3049/346/2921 3050/479/2922
f 3049/346/2921 3036/414/2908 3035/350/2907
f 3051/821/2923 2882/326/2744 2880/880/2743
f 3052/326/2924 3051/821/2923 3053/245/2925
f 2931/1348/2794 3054/555/2926 3055/1355/2927
f 3054/555/2926 2931/1348/2794 2930/632/2793
f 3056/627/2928 3057/512/2929 3058/621/2914
f 3057/512/2929 3056/627/2928 3059/448/2930
f 3058/621/2914 3057/512/2929 3046/708/2918
f 3057/512/2929 3047/515/2919 3046/708/2918
f 3060/352/2931 3061/1350/2932 3062/1356/2933
f 2943/1350/2806 3060/352/2931 3063/435/2934
f 3064/241/2935 3023/530/2894 3022/273/2893
f 3065/530/2936 3064/241/2935 3066/451/2936
f 3064/241/2937 3067/362/2938 3068/451/2939
f 3067/362/2938 3064/241/2937 3069/238/2940
f 3070/468/2941 3071/69/2942 3072/201/2943
f 3071/69/2942 3070/468/2941 2871/193/2944
f 3073/251/2945 3074/298/2946 3075/1357/2947
f 3075/1357/2947 3076/1354/2948 3037/251/2949
f 3077/1358/2950 3078/1359/2951 3079/1360/2952
f 3078/1359/2951 3077/1358/2950 3080/711/2953
f 3080/711/2953 3077/1358/2950 3081/713/2954
f 3082/726/2955 3078/1359/2951 3080/711/2953
f 3078/1359/2951 3082/726/2955 3083/1361/2956
f 2911/1343/2772 3084/721/2957 3085/1362/2958
f 3084/721/2957 2911/1343/2772 2910/786/2771
f 3086/472/2959 3087/287/2960 3088/338/2961
f 3088/338/2961 3087/287/2960 3089/286/2962
f 3090/475/2963 3087/287/2960 3086/472/2959
f 3087/287/2960 3090/475/2963 3091/347/2964
f 3090/475/2963 3092/346/2965 3091/347/2964
f 3093/479/2966 3092/346/2965 3090/475/2963
f 3010/802/2879 3094/1334/2967 3009/1333/2878
f 3094/1334/2967 3010/802/2879 3095/752/2968
f 3095/752/2968 3096/1335/2969 3094/1334/2967
f 3096/1335/2969 3095/752/2968 3097/680/2970
f 3098/754/2971 3099/316/2972 3100/755/2973
f 3099/316/2972 3098/754/2971 2908/493/2974
f 3101/1356/2975 3102/1357/2975 3074/298/2976
f 3062/1356/2933 3074/298/2977 3103/352/2978
f 3104/491/2979 3105/481/2980 3106/510/2981
f 3105/481/2980 3104/491/2979 3107/401/2982
f 3108/220/2983 3109/500/2984 3110/219/2985
f 3109/500/2984 3108/220/2983 3111/357/2986
f 3112/235/2987 3113/225/2988 2986/286/2854
f 3113/225/2988 2987/338/2855 2986/286/2854
f 3007/338/2876 3008/286/2877 3114/225/2989
f 3115/235/2990 3114/225/2989 3008/286/2877
f 3088/338/2961 3089/286/2962 3116/225/2991
f 3116/225/2991 3089/286/2962 3117/235/2992
f 3118/230/2843 3029/418/2901 3119/367/2993
f 3029/418/2901 3118/230/2843 3028/386/2900
f 3120/386/2994 3106/510/2981 3121/418/2995
f 3106/510/2981 3120/386/2994 3104/491/2979
f 3105/481/2980 3122/350/2996 3123/414/2997
f 3122/350/2996 3105/481/2980 3107/401/2982
f 3123/414/2997 3122/350/2996 3093/479/2966
f 3093/479/2966 3122/350/2996 3092/346/2965
f 2994/1343/2998 3124/721/2999 3125/786/3000
f 3124/721/2999 2994/1343/2998 3126/1362/3001
f 3127/110/3002 3059/448/2930 3056/627/2928
f 3059/448/2930 3127/110/3002 3128/131/3003
f 3129/364/3004 3130/1344/3005 3131/1345/3006
f 3130/1344/3005 3129/364/3004 3132/380/3007
f 3133/304/3008 3134/238/3009 3135/239/3010
f 3069/238/3011 3133/304/3008 3136/362/3012
f 3137/669/3013 3138/1341/3014 3139/1342/3015
f 3138/1341/3014 3137/669/3013 3140/664/3016
f 3140/664/3016 3141/1340/3017 3138/1341/3014
f 3141/1340/3017 3140/664/3016 3142/665/3018
f 3143/620/3019 3042/512/2914 3041/621/2913
f 3042/512/2914 3143/620/3019 3144/448/3020
f 3145/627/3021 3144/448/3020 3143/620/3019
f 3146/757/3022 3053/245/2925 3051/821/2923
f 3147/245/3023 3146/757/3024 3148/246/3025
f 2992/691/2860 2990/431/2858 3149/281/3026
f 3149/281/3026 3150/573/3027 3151/691/3028
f 3126/1362/3029 3152/720/3030 3153/721/3031
f 3152/720/3030 3126/1362/3029 3154/1363/3032
f 3155/720/3033 3154/1363/3034 3156/726/3033
f 3154/1363/3034 3083/1361/2956 3082/726/2955
f 3157/232/3035 3111/357/2986 3108/220/2983
f 3158/357/3036 3157/232/3035 3159/291/3036
f 3160/685/3037 3161/1339/3038 3162/1346/3039
f 3161/1339/3038 3160/685/3037 3163/686/3040
f 3163/686/3040 3164/1338/3041 3165/1339/3042
f 3164/1338/3041 3163/686/3040 3166/689/3043
f 3167/158/3044 3168/222/3045 3112/235/2987
f 3168/222/3045 3113/225/2988 3112/235/2987
f 3169/755/3046 3148/246/3025 3146/757/3024
f 3170/246/3047 3169/755/3048 3099/316/2972
f 3171/398/3049 3031/206/2903 3030/551/2902
f 3031/206/2903 3171/398/3049 3172/148/3050
f 3173/258/3051 3174/239/3052 3175/248/3053
f 3135/239/3010 3173/258/3051 3176/304/3054
f 3177/1364/3055 3178/1365/3056 3179/1366/3057
f 3179/1366/3057 3178/1365/3056 3180/230/3058
f 3142/665/3018 3181/1346/3059 3182/1340/3059
f 3162/1346/3039 3142/665/3018 3160/685/3037
f 3183/22/3060 3072/201/2943 3071/69/2942
f 3184/201/3061 3183/22/3062 3185/118/3061
f 3157/232/3035 3186/248/3063 3187/291/3063
f 3175/248/3053 3157/232/3035 3188/258/3064
f 3166/689/3065 3189/1337/3066 3190/1338/3067
f 3189/1337/3066 3166/689/3065 3191/635/3068
f 3192/632/3069 3139/1342/3015 3193/1348/3070
f 3139/1342/3015 3192/632/3069 3137/669/3013
f 3194/1365/3071 3179/1366/3057 3195/230/3072
f 3179/1366/3057 3194/1365/3071 3177/1364/3055
f 3196/1361/3073 3197/1363/3074 3198/726/3075
f 3197/1363/3074 3199/720/3076 3198/726/3075
f 3085/1362/3077 3199/720/3076 3197/1363/3074
f 3200/720/3078 3085/1362/2958 3084/721/2957
f 3097/680/2970 3201/1336/3079 3202/1335/3080
f 3201/1336/3079 3097/680/2970 3203/574/3081
f 3204/485/3082 3201/1336/3079 3203/574/3081
f 3205/1336/3083 3204/485/3082 3206/1347/3084
f 3198/726/3075 3207/1359/3085 3196/1361/3073
f 3207/1359/3085 3198/726/3075 3208/711/3086
f 3209/1358/3087 3207/1359/3085 3208/711/3086
f 3207/1359/3085 3209/1358/3087 3210/1360/3088
f 3208/711/3086 3211/713/3089 3212/1358/3089
f 3213/1367/3090 3214/1368/3091 3215/1369/3092
f 3214/1368/3091 3213/1367/3090 3216/1370/3093
f 3214/1368/3091 3217/1367/3094 3218/1369/3095
f 3217/1367/3094 3214/1368/3091 3216/1370/3093
f 3219/328/3096 3220/131/3002 3221/110/3097
f 3220/131/3002 3219/328/3096 3222/82/3098
f 3221/110/3097 3220/131/3002 3145/627/3021
f 3220/131/3002 3144/448/3020 3145/627/3021
f 3114/225/2989 3115/235/2990 3223/222/3099
f 3224/158/3100 3223/222/3099 3115/235/2990
f 3225/1371/3101 3216/1370/3093 3213/1367/3090
f 3216/1370/3093 3225/1371/3101 3226/1372/3102
f 3218/1369/3095 3227/1373/3103 3214/1368/3091
f 3227/1373/3103 3218/1369/3095 3228/346/3104
f 3229/1371/3105 3216/1370/3093 3226/1372/3102
f 3216/1370/3093 3229/1371/3105 3217/1367/3094
f 3230/401/3106 3231/510/3107 3232/481/3108
f 3231/510/3107 3230/401/3106 3233/491/3109
f 3234/386/3110 3231/510/3107 3233/491/3109
f 3231/510/3107 3234/386/3110 3235/418/3111
f 3236/188/3112 3237/140/3113 3119/367/2993
f 3119/367/2993 3237/140/3113 3118/230/2843
f 3238/230/3114 3121/418/2995 3239/367/3115
f 3121/418/2995 3238/230/3114 3120/386/2994
f 3239/367/3115 3240/140/3112 3238/230/3114
f 3240/140/3112 3239/367/3115 3241/188/3116
f 3131/1345/3006 3242/1351/3117 3129/364/3004
f 3242/1351/3117 3243/365/3118 3244/364/3118
f 3245/222/3119 3246/110/3120 3247/131/3121
f 3246/110/3120 3245/222/3119 3248/158/3122
f 3245/222/3119 3117/235/2992 3248/158/3122
f 3117/235/2992 3245/222/3119 3116/225/2991
f 3215/1369/3092 3227/1373/3103 3249/346/3123
f 3227/1373/3103 3215/1369/3092 3214/1368/3091
f 3191/635/3124 3250/1349/3125 3251/1337/3126
f 3250/1349/3125 3191/635/3124 3252/538/3127
f 3253/143/3128 3254/9/3129 3044/188/3113
f 3044/188/3113 3254/9/3129 3255/140/3130
f 3055/1355/2927 3256/440/3131 3257/1374/3132
f 3256/440/3131 3055/1355/2927 3054/555/2926
f 3258/386/3111 3259/510/3133 3260/491/3134
f 3259/510/3133 3258/386/3111 3261/418/3135
f 3262/350/3136 3232/481/3108 3263/414/3137
f 3232/481/3108 3262/350/3136 3230/401/3106
f 3227/1373/3103 3264/1375/3138 3265/1376/3139
f 3264/1375/3138 3227/1373/3103 3228/346/3104
f 3266/110/3140 3267/131/3141 3167/158/3044
f 3267/131/3141 3168/222/3045 3167/158/3044
f 3268/510/3142 3269/401/3143 3270/491/3144
f 3269/401/3143 3268/510/3142 3271/481/3145
f 3272/386/3146 3268/510/3142 3270/491/3144
f 3272/386/3146 3273/418/3147 3268/510/3142
f 3274/230/3148 3275/367/3149 3273/418/3147
f 3274/230/3148 3273/418/3147 3272/386/3146
f 3227/1373/3103 3276/1375/3150 3249/346/3123
f 3276/1375/3150 3227/1373/3103 3265/1376/3139
f 3277/350/3151 3278/481/3152 3279/414/3153
f 3278/481/3152 3277/350/3151 3280/401/3154
f 3260/491/3134 3278/481/3152 3280/401/3154
f 3278/481/3152 3260/491/3134 3259/510/3133
f 3281/1377/3155 3282/436/3156 3283/1378/3157
f 3282/436/3156 3281/1377/3155 3284/1379/3158
f 3265/1376/3139 3285/1380/2966 3286/1381/3159
f 3285/1380/2966 3265/1376/3139 3264/1375/3138
f 3286/1381/3159 3285/1380/2966 3284/1379/3158
f 3284/1379/3158 3285/1380/2966 3282/436/3156
f 3287/555/3160 3193/1348/3070 3288/1355/3161
f 3193/1348/3070 3287/555/3160 3192/632/3069
f 3289/1380/3162 3265/1376/3139 3286/1381/3159
f 3265/1376/3139 3289/1380/3162 3276/1375/3150
f 3284/1379/3158 3289/1380/3162 3286/1381/3159
f 3289/1380/3162 3284/1379/3158 3290/436/3163
f 3019/861/2890 3018/579/2889 3291/523/3164
f 3291/523/3165 3292/800/3166 3293/861/3166
f 3294/1382/3167 3295/470/3168 3296/1383/3169
f 3295/470/3168 3294/1382/3167 3297/525/3170
f 3298/392/3171 3296/1383/3169 3295/470/3168
f 3298/392/3171 3299/1384/3172 3296/1383/3169
f 3183/22/3062 3300/520/3173 3301/118/3174
f 3300/520/3173 3183/22/3062 3302/203/3175
f 3274/230/3148 3303/140/3176 3275/367/3149
f 3275/367/3149 3303/140/3176 3304/188/3177
f 3281/1377/3155 3283/1378/3157 3305/1385/3178
f 3305/1385/3178 3283/1378/3157 3306/1386/3179
f 3290/436/3163 3281/1377/3155 3307/1378/3180
f 3281/1377/3155 3290/436/3163 3284/1379/3158
f 3308/346/3181 3309/476/3182 3310/347/3183
f 3310/347/3183 3309/476/3182 3311/475/3184
f 3309/476/3182 3308/346/3181 3312/479/3185
f 3308/346/3181 3263/414/3137 3312/479/3185
f 3263/414/3137 3308/346/3181 3262/350/3136
f 3313/230/3186 3235/418/3111 3234/386/3110
f 3235/418/3111 3313/230/3186 3314/367/3187
f 3315/283/3188 3316/638/3189 3317/646/3190
f 3316/638/3189 3315/283/3188 3318/277/3191
f 3319/365/3192 3320/1352/3193 3321/376/3194
f 3320/1352/3193 3319/365/3192 3242/1351/3117
f 3271/481/3145 3322/350/3195 3323/401/3196
f 3322/350/3195 3271/481/3145 3324/414/3197
f 3311/475/3184 3325/287/3198 3310/347/3183
f 3325/287/3198 3311/475/3184 3326/472/3199
f 3327/287/3200 3328/338/3201 3329/286/3202
f 3328/338/3201 3327/287/3200 3330/472/3203
f 3327/287/3200 3331/475/3204 3330/472/3203
f 3331/475/3204 3327/287/3200 3332/347/3182
f 3333/346/3185 3331/475/3204 3332/347/3182
f 3331/475/3204 3333/346/3185 3334/479/3205
f 3335/376/3206 3206/1347/3084 3204/485/3082
f 3336/1347/3207 3335/376/3208 3320/1352/3193
f 3179/1366/3057 3180/230/3058 3226/1372/3102
f 3226/1372/3102 3180/230/3058 3229/1371/3105
f 3326/472/3199 3337/436/3209 3325/287/3198
f 3337/436/3209 3326/472/3199 3338/338/3210
f 3338/338/3210 3339/286/3211 3337/436/3209
f 3195/230/3072 3226/1372/3102 3225/1371/3101
f 3226/1372/3102 3195/230/3072 3179/1366/3057
f 3277/350/3151 3334/479/3205 3333/346/3185
f 3334/479/3205 3277/350/3151 3279/414/3153
f 3317/646/3190 3340/270/3212 3315/283/3188
f 3340/270/3212 3317/646/3190 3341/623/3213
f 3318/277/3191 3342/551/3214 3316/638/3189
f 3342/551/3214 3318/277/3191 3343/206/3215
f 3344/143/3216 3345/9/3128 3236/188/3112
f 3236/188/3112 3345/9/3128 3237/140/3113
f 3346/435/3217 3250/1349/3125 3252/538/3127
f 3347/1349/3218 3346/435/3219 3348/1350/3220
f 3329/286/3202 3349/225/3221 3350/235/3222
f 3349/225/3221 3329/286/3202 3328/338/3201
f 3351/251/3223 3352/1353/3224 3353/1354/3225
f 3352/1353/3224 3351/251/3223 3354/250/3226
f 3355/570/3227 3356/273/3228 3357/272/3229
f 3356/273/3228 3355/570/3227 3358/530/3230
f 3359/608/3231 3360/272/3232 3361/269/3233
f 3357/272/3229 3359/608/3234 3362/570/3235
f 3307/1378/3180 3305/1385/3178 3363/1386/3236
f 3305/1385/3178 3307/1378/3180 3281/1377/3155
f 3364/1387/3237 3365/1388/3238 3366/1389/3239
f 3364/1387/3237 3366/1389/3239 3367/1390/3240
f 3366/1389/3239 3368/1391/3241 3367/1390/3240
f 3369/230/3187 3261/418/3135 3258/386/3111
f 3261/418/3135 3369/230/3187 3370/367/3242
f 3371/140/3243 3370/367/3242 3369/230/3187
f 3370/367/3242 3371/140/3243 3372/188/3244
f 3150/573/3027 3149/281/3026 3373/227/3245
f 3373/227/3245 3374/562/3246 3150/573/3027
f 3305/1385/3178 3306/1386/3179 3375/1392/3247
f 3375/1392/3247 3306/1386/3179 3376/158/3248
f 3377/1393/3249 3378/145/3250 3379/1394/3251
f 3378/145/3250 3380/160/3252 3379/1394/3251
f 3377/1393/3249 3381/109/3253 3378/145/3250
f 3381/109/3253 3377/1393/3249 3382/322/3172
f 3341/623/3213 3383/269/3254 3340/270/3212
f 3361/269/3255 3341/623/3256 3384/608/3257
f 3385/287/3258 3386/472/3259 3387/338/3260
f 3387/338/3260 3388/285/3261 3385/287/3258
f 3387/338/3260 3389/286/3262 3388/285/3261
f 3385/287/3258 3390/475/3263 3386/472/3259
f 3390/475/3263 3385/287/3258 3391/347/3264
f 3390/475/3263 3391/347/3264 3392/346/3265
f 3393/479/3266 3390/475/3263 3392/346/3265
f 3392/346/3265 3324/414/3267 3393/479/3266
f 3324/414/3267 3392/346/3265 3394/350/3268
f 3395/1389/3269 3364/1387/3237 3367/1390/3240
f 3396/1388/3270 3364/1387/3237 3395/1389/3269
f 3397/1389/3271 3367/1390/3240 3368/1391/3241
f 3376/158/3248 3398/1395/3272 3375/1392/3247
f 3398/1395/3272 3376/158/3248 3399/1396/3273
f 3400/352/3274 3348/1350/3220 3346/435/3219
f 3401/1350/3275 3400/352/3274 3402/1356/3276
f 3358/530/3230 3403/241/3277 3404/273/3278
f 3403/241/3277 3358/530/3230 3405/451/3279
f 3406/362/3280 3403/241/3277 3405/451/3279
f 3407/241/3281 3406/362/3282 3408/238/3283
f 3353/1354/3225 3409/1357/3284 3351/251/3223
f 3409/1357/3284 3410/298/3285 3411/251/3285
f 3412/66/3286 3413/1397/3287 3414/1398/3288
f 3413/1397/3287 3412/66/3286 3415/1399/3289
f 3416/1400/3290 3414/1398/3288 3413/1397/3287
f 3417/50/3291 3418/64/3292 3266/110/3140
f 3418/64/3292 3267/131/3141 3266/110/3140
f 3339/286/3211 3338/338/3210 3419/225/3293
f 3419/225/3293 3420/235/3294 3339/286/3211
f 3313/230/3186 3421/140/3177 3314/367/3187
f 3314/367/3187 3421/140/3177 3422/188/3295
f 3389/286/3262 3387/338/3260 3423/225/3211
f 3423/225/3211 3424/235/3296 3389/286/3262
f 3363/1386/3236 3375/1392/3247 3425/158/3297
f 3375/1392/3247 3363/1386/3236 3305/1385/3178
f 3426/298/3298 3402/1356/3276 3400/352/3274
f 3427/1356/3299 3426/298/3298 3409/1357/3284
f 3373/227/3245 3428/529/3300 3374/562/3246
f 3428/529/3300 3373/227/3245 3429/193/3301
f 3429/193/3301 3430/468/3302 3428/529/3300
f 3431/500/3303 3432/220/3304 3433/219/3305
f 3432/220/3304 3431/500/3303 3434/357/3306
f 3247/131/3121 3435/50/3307 3436/64/3308
f 3435/50/3307 3247/131/3121 3246/110/3120
f 3437/691/3309 3438/431/3310 3439/281/3311
f 3439/281/3311 3440/573/3312 3437/691/3309
f 3438/431/3310 3437/691/3309 3441/800/3313
f 3438/431/3310 3441/800/3313 3442/1401/3314
f 3441/800/3313 3291/523/3165 3442/1401/3314
f 3288/1355/3161 3443/440/3315 3287/555/3160
f 3443/440/3315 3288/1355/3161 3444/1374/3316
f 3445/227/3317 3446/465/3318 3447/562/3319
f 3446/465/3318 3445/227/3317 3448/196/3320
f 3445/227/3317 3447/562/3319 3440/573/3312
f 3440/573/3312 3439/281/3311 3445/227/3317
f 3449/178/3321 3450/81/3322 3451/328/3323
f 3450/81/3322 3452/82/3324 3451/328/3323
f 3128/131/3003 3451/328/3323 3452/82/3324
f 3451/328/3323 3128/131/3003 3127/110/3002
f 3415/1399/3289 3453/66/3325 3413/1397/3287
f 3413/1397/3287 3453/66/3325 3454/1398/3326
f 3416/1400/3290 3413/1397/3287 3454/1398/3326
f 3455/110/3327 3456/222/3328 3457/131/3286
f 3456/222/3328 3455/110/3327 3458/158/3329
f 3350/235/3222 3456/222/3328 3458/158/3329
f 3456/222/3328 3350/235/3222 3349/225/3221
f 3343/206/3215 3459/398/3330 3342/551/3214
f 3459/398/3330 3343/206/3215 3460/148/3331
f 3425/158/3297 3398/1395/3272 3461/1396/3332
f 3398/1395/3272 3425/158/3297 3375/1392/3247
f 3257/1374/3132 3462/396/3333 3463/1402/3334
f 3462/396/3333 3257/1374/3132 3256/440/3131
f 3464/392/3335 3465/1383/3336 3466/1384/3337
f 3467/470/3338 3465/1383/3336 3464/392/3335
f 3465/1383/3336 3467/470/3338 3468/1382/3339
f 3469/525/3340 3468/1382/3339 3467/470/3338
f 3303/140/3176 3470/9/3341 3304/188/3177
f 3304/188/3177 3470/9/3341 3471/143/3342
f 3430/468/3302 3429/193/3301 3472/141/3343
f 3472/141/3343 3473/340/3344 3430/468/3302
f 3398/1395/3272 3399/1396/3273 3415/1399/3289
f 3415/1399/3289 3399/1396/3273 3453/66/3325
f 3474/85/3345 3241/188/3116 3475/176/3346
f 3241/188/3116 3474/85/3345 3476/140/3347
f 3477/970/3348 3013/1284/3349 3478/408/3350
f 3013/1284/3349 3479/409/3351 3478/408/3350
f 3461/1396/3332 3415/1399/3289 3412/66/3286
f 3415/1399/3289 3461/1396/3332 3398/1395/3272
f 3480/304/3352 3408/238/3283 3406/362/3282
f 3481/238/3353 3480/304/3352 3482/239/3354
f 3434/357/3355 3483/232/3356 3484/220/3357
f 3483/232/3356 3434/357/3355 3485/291/3358
f 3448/196/3320 3486/340/3359 3446/465/3318
f 3486/340/3359 3448/196/3320 3487/141/3360
f 3488/104/3361 3489/307/3362 3490/99/3363
f 3491/308/3364 3490/99/3363 3489/307/3362
f 3172/148/3050 3489/307/3362 3488/104/3361
f 3489/307/3362 3172/148/3050 3171/398/3049
f 3492/9/3365 3422/188/3295 3421/140/3177
f 3422/188/3295 3492/9/3365 3493/143/3366
f 3424/235/3296 3423/225/3211 3494/222/3367
f 3494/222/3367 3495/158/3368 3424/235/3296
f 3496/258/3369 3482/239/3354 3480/304/3352
f 3497/239/3370 3496/258/3369 3498/248/3371
f 3499/232/3372 3498/248/3371 3496/258/3369
f 3500/248/3373 3499/232/3372 3485/291/3358
f 3420/235/3294 3419/225/3293 3501/222/3374
f 3420/235/3294 3501/222/3374 3502/158/3375
f 3479/409/3376 3503/661/3377 3504/408/3378
f 3222/82/3098 3219/328/3096 3505/81/3321
f 3506/178/3379 3505/81/3321 3219/328/3096
f 3507/107/3380 3508/5/3381 3509/143/3382
f 3344/143/3216 3508/5/3383 3345/9/3128
f 3510/1393/3336 3511/145/3384 3512/109/3385
f 3510/1393/3336 3512/109/3385 3513/322/3337
f 3511/145/3384 3510/1393/3336 3514/1394/3386
f 3514/1394/3386 3515/160/3387 3511/145/3384
f 3516/1402/3388 3517/394/3389 3518/396/3390
f 3517/394/3389 3516/1402/3388 3519/1403/3391
f 3299/1384/3172 3517/394/3389 3519/1403/3391
f 3517/394/3389 3299/1384/3172 3298/392/3171
f 3444/1374/3316 3518/396/3390 3443/440/3315
f 3518/396/3390 3444/1374/3316 3516/1402/3388
f 3472/141/3343 3520/201/3392 3473/340/3344
f 3520/201/3392 3472/141/3343 3521/69/3393
f 3463/1402/3334 3522/394/3394 3523/1403/3395
f 3522/394/3394 3463/1402/3334 3462/396/3333
f 3522/394/3394 3466/1384/3337 3523/1403/3395
f 3466/1384/3337 3522/394/3394 3464/392/3335
f 3460/148/3331 3524/307/3396 3459/398/3330
f 3524/307/3396 3460/148/3331 3525/104/3397
f 3495/158/3368 3494/222/3367 3526/131/3375
f 3526/131/3375 3527/110/3398 3495/158/3368
f 3528/48/3399 3529/520/3400 3530/198/3401
f 3529/520/3400 3528/48/3399 3531/203/3402
f 3532/50/3403 3457/131/3286 3533/64/3404
f 3457/131/3286 3532/50/3403 3455/110/3327
f 3534/85/3405 3372/188/3244 3371/140/3243
f 3535/188/3406 3534/85/3405 3536/176/3407
f 3537/9/3408 3538/176/3409 3539/143/3410
f 3475/176/3346 3537/9/3408 3540/85/3411
f 3541/107/3412 3542/5/3413 3543/143/3414
f 3544/9/3415 3539/143/3410 3542/5/3416
f 3545/99/3417 3546/324/3391 3547/308/3418
f 3546/324/3391 3545/99/3417 3381/109/3253
f 3546/324/3391 3381/109/3253 3382/322/3172
f 3548/12/3419 3549/19/3420 3550/14/3421
f 3549/19/3420 3548/12/3419 3551/18/3422
f 3552/30/3423 3551/18/3422 3548/12/3419
f 3553/64/3424 3550/14/3421 3549/19/3420
f 3550/14/3421 3553/64/3424 3554/50/3425
f 3554/50/3425 3553/64/3424 3555/110/3426
f 3556/131/3427 3555/110/3426 3553/64/3424
f 3555/110/3426 3556/131/3427 3224/158/3100
f 3223/222/3099 3224/158/3100 3556/131/3427
f 3557/107/3428 3558/5/3429 3559/143/3430
f 3253/143/3128 3558/5/3429 3560/9/3431
f 3490/99/3363 3561/324/3432 3512/109/3385
f 3512/109/3385 3561/324/3432 3513/322/3337
f 3561/324/3432 3490/99/3363 3491/308/3364
f 3525/104/3397 3547/308/3418 3524/307/3396
f 3547/308/3418 3525/104/3397 3545/99/3417
f 3562/66/3433 3563/74/3434 3417/50/3291
f 3563/74/3434 3418/64/3292 3417/50/3291
f 3564/14/3435 3563/74/3434 3562/66/3433
f 3563/74/3434 3564/14/3435 3565/19/3436
f 3566/201/3393 3567/69/3437 3568/23/3438
f 3566/201/3393 3568/23/3438 3569/115/3439
f 3566/201/3393 3487/141/3360 3567/69/3437
f 3487/141/3360 3566/201/3393 3486/340/3359
f 3396/1388/3270 3177/1364/3055 3364/1387/3237
f 3570/1365/3440 3177/1364/3055 3396/1388/3270
f 3571/1388/3441 3177/1364/3055 3194/1365/3071
f 3177/1364/3055 3571/1388/3441 3364/1387/3237
f 3572/14/3442 3573/1404/3443 3574/19/3444
f 3573/1404/3443 3572/14/3442 3575/30/3445
f 3436/64/3308 3572/14/3442 3574/19/3444
f 3572/14/3442 3436/64/3308 3435/50/3307
f 3527/110/3398 3526/131/3375 3576/64/3446
f 3527/110/3398 3576/64/3446 3577/50/3447
f 3578/5/3448 3493/143/3366 3492/9/3365
f 3579/143/3449 3578/5/3448 3580/107/3450
f 3581/48/3401 3582/520/3451 3583/198/3452
f 3582/520/3451 3581/48/3401 3584/203/3400
f 3583/198/3452 3585/51/3453 3581/48/3401
f 3585/51/3453 3583/198/3452 3586/127/3454
f 3586/127/3454 3587/22/3455 3585/51/3453
f 3587/22/3455 3586/127/3454 3588/118/3456
f 3589/70/3457 3590/266/3458 3591/86/3459
f 3590/266/3458 3589/70/3457 3592/169/3460
f 3521/69/3393 3593/115/3461 3520/201/3392
f 3593/115/3461 3521/69/3393 3594/23/3439
f 3595/70/3462 3596/266/3463 3597/86/3464
f 3596/266/3463 3595/70/3462 3598/169/3465
f 3599/9/3466 3536/176/3407 3534/85/3405
f 3600/176/3467 3599/9/3466 3601/143/3468
f 3505/81/3321 3506/178/3379 3602/78/3469
f 3603/136/3470 3602/78/3469 3506/178/3379
f 3604/5/3471 3601/143/3468 3599/9/3466
f 3605/143/3472 3604/5/3471 3606/107/3473
f 3607/14/3474 3573/1404/3443 3608/30/3475
f 3573/1404/3443 3607/14/3474 3574/19/3444
f 3607/14/3474 3533/64/3404 3574/19/3444
f 3533/64/3404 3607/14/3474 3532/50/3403
f 3609/26/3476 3610/1/3477 3611/107/3478
f 3612/5/3479 3541/107/3480 3610/1/3477
f 3609/26/3476 3613/1226/3481 3614/1/3481
f 3603/136/3470 3615/72/3482 3602/78/3469
f 3616/191/3483 3615/72/3482 3603/136/3470
f 3615/72/3482 3616/191/3483 3592/169/3460
f 3615/72/3482 3592/169/3460 3589/70/3457
f 3617/45/3484 3530/198/3401 3618/127/3485
f 3530/198/3401 3617/45/3484 3528/48/3399
f 3577/50/3447 3576/64/3446 3619/74/3486
f 3577/50/3447 3619/74/3486 3620/66/3437
f 3621/5/3487 3471/143/3342 3470/9/3341
f 3622/143/3488 3621/5/3487 3623/107/3488
f 3573/1404/3443 3624/1405/3489 3625/1406/3490
f 3573/1404/3443 3625/1406/3490 3626/1407/3491
f 3626/1407/3491 3608/30/3475 3573/1404/3443
f 3627/136/3492 3628/78/3493 3449/178/3321
f 3628/78/3493 3450/81/3322 3449/178/3321
f 3629/19/3494 3630/12/3495 3631/14/3496
f 3630/12/3495 3629/19/3494 3632/18/3497
f 3630/12/3495 3632/18/3497 3633/30/3498
f 3631/14/3496 3634/64/3499 3629/19/3494
f 3634/64/3499 3631/14/3496 3635/50/3500
f 3636/110/3501 3634/64/3499 3635/50/3500
f 3636/110/3501 3637/131/3502 3634/64/3499
f 3637/131/3502 3636/110/3501 3502/158/3375
f 3502/158/3375 3501/222/3374 3637/131/3502
f 3593/115/3461 3594/23/3439 3587/22/3455
f 3593/115/3461 3587/22/3455 3588/118/3456
f 3638/93/3503 3639/121/3504 3640/33/3505
f 3641/62/3506 3640/33/3505 3639/121/3504
f 3641/62/3506 3642/18/3507 3640/33/3505
f 3642/18/3507 3641/62/3506 3643/30/3508
f 3606/107/3473 3604/5/3471 3644/1/3509
f 3645/107/3510 3644/1/3509 3646/26/3510
f 3647/26/3511 3644/1/3509 3648/1226/3511
f 3573/1404/3443 3649/1406/3512 3650/1405/3513
f 3649/1406/3512 3573/1404/3443 3651/1407/3514
f 3573/1404/3443 3575/30/3445 3651/1407/3514
f 3652/95/3515 3653/34/3516 3654/42/3517
f 3653/34/3516 3652/95/3515 3655/97/3518
f 3633/30/3498 3654/42/3517 3653/34/3516
f 3633/30/3498 3632/18/3497 3654/42/3517
f 3656/5/3519 3507/107/3380 3657/1/3520
f 3507/107/3380 3658/26/3521 3657/1/3520
f 3658/26/3522 3659/1226/3523 3660/1/3523
f 3628/78/3493 3661/133/3524 3662/76/3525
f 3661/133/3524 3628/78/3493 3627/136/3492
f 3662/76/3525 3661/133/3524 3598/169/3465
f 3598/169/3465 3595/70/3462 3662/76/3525
f 3663/5/3526 3557/107/3527 3664/1/3528
f 3557/107/3527 3665/26/3529 3664/1/3528
f 3665/26/3529 3666/1226/3530 3667/1/3530
f 3668/62/3531 3669/33/3532 3670/18/3423
f 3668/62/3531 3670/18/3423 3671/30/3525
f 3669/33/3532 3668/62/3531 3672/121/3533
f 3672/121/3533 3673/93/3534 3669/33/3532
f 3620/66/3437 3619/74/3486 3674/19/3535
f 3620/66/3437 3674/19/3535 3675/14/3536
f 3676/22/3537 3618/127/3485 3677/118/3538
f 3618/127/3485 3676/22/3537 3617/45/3484
f 3569/115/3439 3676/22/3537 3677/118/3538
f 3569/115/3439 3568/23/3438 3676/22/3537
f 3552/30/3423 3678/42/3539 3551/18/3422
f 3679/34/3540 3678/42/3539 3552/30/3423
f 3678/42/3539 3679/34/3540 3680/95/3541
f 3680/95/3541 3679/34/3540 3681/97/3542
f 3565/19/3436 3682/29/3543 3683/15/3419
f 3682/29/3543 3565/19/3436 3564/14/3435
f 3683/15/3419 3682/29/3543 3671/30/3525
f 3671/30/3525 3670/18/3423 3683/15/3419
f 3580/107/3450 3578/5/3448 3684/1/3544
f 3685/107/3545 3684/1/3544 3686/26/3545
f 3687/26/3546 3684/1/3544 3688/1226/3546
f 3689/107/3547 3690/1/3548 3691/26/3549
f 3690/1/3548 3689/107/3547 3621/5/3550
f 3692/26/3551 3690/1/3552 3693/1226/3551
f 3642/18/3507 3643/30/3508 3694/15/3553
f 3695/29/3537 3694/15/3553 3643/30/3508
f 3695/29/3537 3674/19/3535 3694/15/3553
f 3674/19/3535 3695/29/3537 3675/14/3536
